support,itemsets
0.8979591836734694,intl_domestic
0.6987736798755376,device_dev_mobile
0.6458314267411001,acct_age_acct_OLD
0.6294499862725359,amt_deviation_dev_MOD
0.5037064153015466,channel_ch_card
0.496110551844056,amt_amt_MED
0.4197858515603551,ip_risk_ip_MOD
0.38006772215612705,geo_dist_geo_MOD
0.33183856502242154,kyc_kyc_2
0.3136267960098838,fraud_FRAUD
0.3027363411732406,velocity_24h_vel24h_LOW
0.2806351240047589,merch_risk_mrisk_LOW
0.2739544248192551,velocity_1h_vel1h_MOD
0.2033952594490711,credit_band_credit_3
0.6863732039901163,fraud_legit
0.6413928800219639,failed_txns_fail_NONE
0.3371465177999451,kyc_kyc_1
0.3320215978768189,velocity_24h_vel24h_MOD
0.2859430767822824,geo_dist_geo_FAR
0.1983618559531436,credit_band_credit_5
0.14660931637228883,channel_ch_wallet
0.37398187974741465,merch_risk_mrisk_MOD
0.336597419236753,ip_risk_ip_LOW
0.33042006040084193,velocity_1h_vel1h_ZERO
0.27065983344010247,geo_dist_geo_NEAR
0.2509380433787865,device_dev_desktop
0.1957993959915805,velocity_24h_vel24h_HIGH
0.3620389859979866,velocity_1h_vel1h_LOW
0.24951953875720692,channel_ch_upi
0.2211036881120161,amt_amt_LOW
0.20174796375949483,credit_band_credit_4
0.16944266495836002,velocity_24h_vel24h_VHIGH
0.12478264848540313,amt_deviation_dev_NORMAL
0.10204081632653061,intl_international
0.10016472956895763,channel_ch_bank_transfer
0.27386290839205635,failed_txns_fail_LOW
0.07069644001098196,merch_risk_mrisk_VHIGH
0.1872426100485037,acct_age_acct_1YR
0.24306763063969983,amt_amt_HIGH
0.1992770202251304,ip_risk_ip_HIGH
0.19753820810835546,credit_band_credit_1
0.19621121991397455,amt_deviation_dev_HIGH
0.33101491717763337,kyc_kyc_3
0.2746865562368445,merch_risk_mrisk_HIGH
0.19895671272993504,credit_band_credit_2
0.05028827674567585,device_dev_tablet
0.07454012995332662,acct_age_acct_NEW
0.049556145328086394,amt_deviation_dev_EXTREME
0.03971812940422806,amt_amt_VHIGH
0.09238583325706964,acct_age_acct_6MO
0.04433970897776151,ip_risk_ip_VHIGH
0.06332936762148805,geo_dist_geo_VFAR
0.033586528781916355,velocity_1h_vel1h_HIGH
0.06918641896220372,failed_txns_fail_MOD
0.6266129770293768,"device_dev_mobile, intl_domestic"
0.5808547634300357,"acct_age_acct_OLD, intl_domestic"
0.45181660107989385,"acct_age_acct_OLD, device_dev_mobile"
0.4426649583600256,"acct_age_acct_OLD, fraud_legit"
0.40592111283975474,"acct_age_acct_OLD, device_dev_mobile, intl_domestic"
0.41182392239406973,"acct_age_acct_OLD, fraud_legit, intl_domestic"
0.3085476343003569,"acct_age_acct_OLD, device_dev_mobile, fraud_legit"
0.5652512125926604,"amt_deviation_dev_MOD, intl_domestic"
0.43969067447606847,"amt_deviation_dev_MOD, device_dev_mobile"
0.40747689210213234,"acct_age_acct_OLD, amt_deviation_dev_MOD"
0.4422988926512309,"amt_deviation_dev_MOD, fraud_legit"
0.4057838381989567,"amt_deviation_dev_MOD, failed_txns_fail_NONE"
0.39379518623592935,"amt_deviation_dev_MOD, device_dev_mobile, intl_domestic"
0.3084103596595589,"amt_deviation_dev_MOD, device_dev_mobile, fraud_legit"
0.36684359842591746,"acct_age_acct_OLD, amt_deviation_dev_MOD, intl_domestic"
0.28543973643268966,"acct_age_acct_OLD, amt_deviation_dev_MOD, device_dev_mobile"
0.2864006589182758,"acct_age_acct_OLD, amt_deviation_dev_MOD, fraud_legit"
0.4087581220829139,"amt_deviation_dev_MOD, fraud_legit, intl_domestic"
0.3665690491443214,"amt_deviation_dev_MOD, failed_txns_fail_NONE, intl_domestic"
0.3102864464171319,"amt_deviation_dev_MOD, failed_txns_fail_NONE, fraud_legit"
0.2828315182575272,"amt_deviation_dev_MOD, device_dev_mobile, failed_txns_fail_NONE"
0.26365882675940333,"acct_age_acct_OLD, amt_deviation_dev_MOD, failed_txns_fail_NONE"
0.45277752356548,"channel_ch_card, intl_domestic"
0.3539855404045026,"channel_ch_card, device_dev_mobile"
0.3257069644001098,"acct_age_acct_OLD, channel_ch_card"
0.3165553216802416,"amt_deviation_dev_MOD, channel_ch_card"
0.34579482017022056,"channel_ch_card, fraud_legit"
0.32520362405051706,"channel_ch_card, failed_txns_fail_NONE"
0.3171959366706324,"channel_ch_card, device_dev_mobile, intl_domestic"
0.2927152923949849,"acct_age_acct_OLD, channel_ch_card, intl_domestic"
0.22888258442390408,"acct_age_acct_OLD, channel_ch_card, device_dev_mobile"
0.22325432415118512,"acct_age_acct_OLD, channel_ch_card, fraud_legit"
0.28429578109270615,"amt_deviation_dev_MOD, channel_ch_card, intl_domestic"
0.22238491809279765,"amt_deviation_dev_MOD, channel_ch_card, device_dev_mobile"
0.20527134620664408,"acct_age_acct_OLD, amt_deviation_dev_MOD, channel_ch_card"
0.22201885238400293,"amt_deviation_dev_MOD, channel_ch_card, fraud_legit"
0.20476800585705135,"amt_deviation_dev_MOD, channel_ch_card, failed_txns_fail_NONE"
0.31980415484579483,"channel_ch_card, fraud_legit, intl_domestic"
0.24155760959092157,"channel_ch_card, device_dev_mobile, fraud_legit"
0.2942710716573625,"channel_ch_card, failed_txns_fail_NONE, intl_domestic"
0.24384552027088863,"channel_ch_card, failed_txns_fail_NONE, fraud_legit"
0.2275555962295232,"channel_ch_card, device_dev_mobile, failed_txns_fail_NONE"
0.21099112290656172,"acct_age_acct_OLD, channel_ch_card, failed_txns_fail_NONE"
0.49592751898965864,"amt_amt_MED, amt_deviation_dev_MOD"
0.44724077971995974,"amt_amt_MED, intl_domestic"
0.34510844696623044,"amt_amt_MED, device_dev_mobile"
0.3222750983801592,"acct_age_acct_OLD, amt_amt_MED"
0.24823830877642536,"amt_amt_MED, channel_ch_card"
0.3498673011805619,"amt_amt_MED, fraud_legit"
0.32007870412739087,"amt_amt_MED, failed_txns_fail_NONE"
0.4470577468655624,"amt_amt_MED, amt_deviation_dev_MOD, intl_domestic"
0.3450626887526311,"amt_amt_MED, amt_deviation_dev_MOD, device_dev_mobile"
0.31037796284433056,"amt_amt_MED, device_dev_mobile, intl_domestic"
0.24270156493090508,"amt_amt_MED, device_dev_mobile, fraud_legit"
0.32213782373936123,"acct_age_acct_OLD, amt_amt_MED, amt_deviation_dev_MOD"
0.29134254598700465,"acct_age_acct_OLD, amt_amt_MED, intl_domestic"
0.22503889448155945,"acct_age_acct_OLD, amt_amt_MED, device_dev_mobile"
0.22728104694792714,"acct_age_acct_OLD, amt_amt_MED, fraud_legit"
0.24814679234922668,"amt_amt_MED, amt_deviation_dev_MOD, channel_ch_card"
0.22394069735517524,"amt_amt_MED, channel_ch_card, intl_domestic"
0.17314908025990666,"amt_amt_MED, channel_ch_card, device_dev_mobile"
0.16120618651047863,"acct_age_acct_OLD, amt_amt_MED, channel_ch_card"
0.17433879381348952,"amt_amt_MED, channel_ch_card, fraud_legit"
0.16029102223849181,"amt_amt_MED, channel_ch_card, failed_txns_fail_NONE"
0.34968426832616456,"amt_amt_MED, amt_deviation_dev_MOD, fraud_legit"
0.3238308776425368,"amt_amt_MED, fraud_legit, intl_domestic"
0.3199414294865928,"amt_amt_MED, amt_deviation_dev_MOD, failed_txns_fail_NONE"
0.2907934474238126,"amt_amt_MED, failed_txns_fail_NONE, intl_domestic"
0.24590463988285896,"amt_amt_MED, failed_txns_fail_NONE, fraud_legit"
0.2223391598791983,"amt_amt_MED, device_dev_mobile, failed_txns_fail_NONE"
0.20952686007138283,"acct_age_acct_OLD, amt_amt_MED, failed_txns_fail_NONE"
0.37512583508739816,"intl_domestic, ip_risk_ip_MOD"
0.29436258808456117,"device_dev_mobile, ip_risk_ip_MOD"
0.2720325798480827,"acct_age_acct_OLD, ip_risk_ip_MOD"
0.26503157316738357,"amt_deviation_dev_MOD, ip_risk_ip_MOD"
0.2108538482657637,"channel_ch_card, ip_risk_ip_MOD"
0.2098471675665782,"amt_amt_MED, ip_risk_ip_MOD"
0.2868124828406699,"fraud_legit, ip_risk_ip_MOD"
0.2692413288185229,"failed_txns_fail_NONE, ip_risk_ip_MOD"
0.2627436624874165,"device_dev_mobile, intl_domestic, ip_risk_ip_MOD"
0.2439370366980873,"acct_age_acct_OLD, intl_domestic, ip_risk_ip_MOD"
0.19017113571886154,"acct_age_acct_OLD, device_dev_mobile, ip_risk_ip_MOD"
0.1862359293493182,"acct_age_acct_OLD, fraud_legit, ip_risk_ip_MOD"
0.2373478539397822,"amt_deviation_dev_MOD, intl_domestic, ip_risk_ip_MOD"
0.1852292486501327,"amt_deviation_dev_MOD, device_dev_mobile, ip_risk_ip_MOD"
0.17113571886153564,"acct_age_acct_OLD, amt_deviation_dev_MOD, ip_risk_ip_MOD"
0.1832158872517617,"amt_deviation_dev_MOD, fraud_legit, ip_risk_ip_MOD"
0.1706323785119429,"amt_deviation_dev_MOD, failed_txns_fail_NONE, ip_risk_ip_MOD"
0.18866111467008329,"channel_ch_card, intl_domestic, ip_risk_ip_MOD"
0.14789054635307036,"channel_ch_card, device_dev_mobile, ip_risk_ip_MOD"
0.13736615722522194,"acct_age_acct_OLD, channel_ch_card, ip_risk_ip_MOD"
0.13274457765168848,"amt_deviation_dev_MOD, channel_ch_card, ip_risk_ip_MOD"
0.14404685641072573,"channel_ch_card, fraud_legit, ip_risk_ip_MOD"
0.13608492724444038,"channel_ch_card, failed_txns_fail_NONE, ip_risk_ip_MOD"
0.20980140935297886,"amt_amt_MED, amt_deviation_dev_MOD, ip_risk_ip_MOD"
0.18838656538848722,"amt_amt_MED, intl_domestic, ip_risk_ip_MOD"
0.1459229431682987,"amt_amt_MED, device_dev_mobile, ip_risk_ip_MOD"
0.1352155211860529,"acct_age_acct_OLD, amt_amt_MED, ip_risk_ip_MOD"
0.10469479271529239,"amt_amt_MED, channel_ch_card, ip_risk_ip_MOD"
0.145556877459504,"amt_amt_MED, fraud_legit, ip_risk_ip_MOD"
0.13471218083646014,"amt_amt_MED, failed_txns_fail_NONE, ip_risk_ip_MOD"
0.2653976388761783,"fraud_legit, intl_domestic, ip_risk_ip_MOD"
0.2021597876818889,"device_dev_mobile, fraud_legit, ip_risk_ip_MOD"
0.24155760959092157,"failed_txns_fail_NONE, intl_domestic, ip_risk_ip_MOD"
0.200832799487508,"failed_txns_fail_NONE, fraud_legit, ip_risk_ip_MOD"
0.18943900430127208,"device_dev_mobile, failed_txns_fail_NONE, ip_risk_ip_MOD"
0.1754369909398737,"acct_age_acct_OLD, failed_txns_fail_NONE, ip_risk_ip_MOD"
0.3420426466550746,"geo_dist_geo_MOD, intl_domestic"
0.26393337604099937,"device_dev_mobile, geo_dist_geo_MOD"
0.24530978310606755,"acct_age_acct_OLD, geo_dist_geo_MOD"
0.24297611421250115,"amt_deviation_dev_MOD, geo_dist_geo_MOD"
0.1916811567676398,"amt_amt_MED, geo_dist_geo_MOD"
0.19108629999084836,"channel_ch_card, geo_dist_geo_MOD"
0.1598334401024984,"geo_dist_geo_MOD, ip_risk_ip_MOD"
0.2599066532442573,"fraud_legit, geo_dist_geo_MOD"
0.24320490528049785,"failed_txns_fail_NONE, geo_dist_geo_MOD"
0.23739361215338153,"device_dev_mobile, geo_dist_geo_MOD, intl_domestic"
0.22169854488880755,"acct_age_acct_OLD, geo_dist_geo_MOD, intl_domestic"
0.17017479637594948,"acct_age_acct_OLD, device_dev_mobile, geo_dist_geo_MOD"
0.16646838107440284,"acct_age_acct_OLD, fraud_legit, geo_dist_geo_MOD"
0.21890729385924773,"amt_deviation_dev_MOD, geo_dist_geo_MOD, intl_domestic"
0.16967145602635672,"amt_deviation_dev_MOD, device_dev_mobile, geo_dist_geo_MOD"
0.15740825478173331,"acct_age_acct_OLD, amt_deviation_dev_MOD, geo_dist_geo_MOD"
0.17044934565754552,"amt_deviation_dev_MOD, fraud_legit, geo_dist_geo_MOD"
0.15777432049052806,"amt_deviation_dev_MOD, failed_txns_fail_NONE, geo_dist_geo_MOD"
0.19163539855404044,"amt_amt_MED, amt_deviation_dev_MOD, geo_dist_geo_MOD"
0.1734236295415027,"amt_amt_MED, geo_dist_geo_MOD, intl_domestic"
0.133888532991672,"amt_amt_MED, device_dev_mobile, geo_dist_geo_MOD"
0.12519447240779719,"acct_age_acct_OLD, amt_amt_MED, geo_dist_geo_MOD"
0.13512400475885422,"amt_amt_MED, fraud_legit, geo_dist_geo_MOD"
0.1244165827766084,"amt_amt_MED, failed_txns_fail_NONE, geo_dist_geo_MOD"
0.17250846526951588,"channel_ch_card, geo_dist_geo_MOD, intl_domestic"
0.1342088404868674,"channel_ch_card, device_dev_mobile, geo_dist_geo_MOD"
0.12359293493182026,"acct_age_acct_OLD, channel_ch_card, geo_dist_geo_MOD"
0.1213965406790519,"amt_deviation_dev_MOD, channel_ch_card, geo_dist_geo_MOD"
0.09526860071382813,"amt_amt_MED, channel_ch_card, geo_dist_geo_MOD"
0.13228699551569506,"channel_ch_card, fraud_legit, geo_dist_geo_MOD"
0.12373020957261828,"channel_ch_card, failed_txns_fail_NONE, geo_dist_geo_MOD"
0.14349775784753363,"geo_dist_geo_MOD, intl_domestic, ip_risk_ip_MOD"
0.11146700832799487,"device_dev_mobile, geo_dist_geo_MOD, ip_risk_ip_MOD"
0.10377962844330557,"acct_age_acct_OLD, geo_dist_geo_MOD, ip_risk_ip_MOD"
0.10277294774412007,"amt_deviation_dev_MOD, geo_dist_geo_MOD, ip_risk_ip_MOD"
0.08126658735242977,"amt_amt_MED, geo_dist_geo_MOD, ip_risk_ip_MOD"
0.07957353344925414,"channel_ch_card, geo_dist_geo_MOD, ip_risk_ip_MOD"
0.10121716848174248,"failed_txns_fail_NONE, geo_dist_geo_MOD, ip_risk_ip_MOD"
0.1080351423080443,"fraud_legit, geo_dist_geo_MOD, ip_risk_ip_MOD"
0.24128306030932553,"fraud_legit, geo_dist_geo_MOD, intl_domestic"
0.18051615264940057,"device_dev_mobile, fraud_legit, geo_dist_geo_MOD"
0.21968518349043653,"failed_txns_fail_NONE, geo_dist_geo_MOD, intl_domestic"
0.18152283334858607,"failed_txns_fail_NONE, fraud_legit, geo_dist_geo_MOD"
0.1681614349775785,"device_dev_mobile, failed_txns_fail_NONE, geo_dist_geo_MOD"
0.15818614441292211,"acct_age_acct_OLD, failed_txns_fail_NONE, geo_dist_geo_MOD"
0.29715383911412097,"intl_domestic, kyc_kyc_2"
0.23185686830786126,"device_dev_mobile, kyc_kyc_2"
0.21442298892651232,"acct_age_acct_OLD, kyc_kyc_2"
0.20742198224581312,"amt_deviation_dev_MOD, kyc_kyc_2"
0.16884780818156858,"channel_ch_card, kyc_kyc_2"
0.1637228882584424,"amt_amt_MED, kyc_kyc_2"
0.14029468289557975,"ip_risk_ip_MOD, kyc_kyc_2"
0.12473689027180379,"geo_dist_geo_MOD, kyc_kyc_2"
0.21250114395533998,"failed_txns_fail_NONE, kyc_kyc_2"
0.22531344376315549,"fraud_legit, kyc_kyc_2"
0.12157957353344925,"kyc_kyc_2, velocity_1h_vel1h_LOW"
0.10867575729843507,"kyc_kyc_2, velocity_24h_vel24h_MOD"
0.11197034867758762,"ip_risk_ip_LOW, kyc_kyc_2"
0.1264299441749794,"kyc_kyc_2, merch_risk_mrisk_MOD"
0.20701015832341904,"device_dev_mobile, intl_domestic, kyc_kyc_2"
0.19282511210762332,"acct_age_acct_OLD, intl_domestic, kyc_kyc_2"
0.14930905097464994,"acct_age_acct_OLD, device_dev_mobile, kyc_kyc_2"
0.14564839388670267,"acct_age_acct_OLD, fraud_legit, kyc_kyc_2"
0.18619017113571887,"amt_deviation_dev_MOD, intl_domestic, kyc_kyc_2"
0.14372654891553033,"amt_deviation_dev_MOD, device_dev_mobile, kyc_kyc_2"
0.13484945547725816,"acct_age_acct_OLD, amt_deviation_dev_MOD, kyc_kyc_2"
0.14404685641072573,"amt_deviation_dev_MOD, fraud_legit, kyc_kyc_2"
0.13320215978768188,"amt_deviation_dev_MOD, failed_txns_fail_NONE, kyc_kyc_2"
0.151596961654617,"channel_ch_card, intl_domestic, kyc_kyc_2"
0.11718678502791251,"channel_ch_card, device_dev_mobile, kyc_kyc_2"
0.10931637228882585,"acct_age_acct_OLD, channel_ch_card, kyc_kyc_2"
0.10560995698727922,"amt_deviation_dev_MOD, channel_ch_card, kyc_kyc_2"
0.10954516335682254,"channel_ch_card, failed_txns_fail_NONE, kyc_kyc_2"
0.11599707147432964,"channel_ch_card, fraud_legit, kyc_kyc_2"
0.1636313718312437,"amt_amt_MED, amt_deviation_dev_MOD, kyc_kyc_2"
0.14720417314908027,"amt_amt_MED, intl_domestic, kyc_kyc_2"
0.11306854580397181,"amt_amt_MED, device_dev_mobile, kyc_kyc_2"
0.10625057197766999,"acct_age_acct_OLD, amt_amt_MED, kyc_kyc_2"
0.08323419053720142,"amt_amt_MED, channel_ch_card, kyc_kyc_2"
0.1137091607943626,"amt_amt_MED, fraud_legit, kyc_kyc_2"
0.10556419877367988,"amt_amt_MED, failed_txns_fail_NONE, kyc_kyc_2"
0.12473689027180379,"intl_domestic, ip_risk_ip_MOD, kyc_kyc_2"
0.09947835636496752,"device_dev_mobile, ip_risk_ip_MOD, kyc_kyc_2"
0.0913333943442848,"acct_age_acct_OLD, ip_risk_ip_MOD, kyc_kyc_2"
0.0877642536835362,"amt_deviation_dev_MOD, ip_risk_ip_MOD, kyc_kyc_2"
0.07142857142857142,"channel_ch_card, ip_risk_ip_MOD, kyc_kyc_2"
0.07019309966138922,"amt_amt_MED, ip_risk_ip_MOD, kyc_kyc_2"
0.08918275830511577,"failed_txns_fail_NONE, ip_risk_ip_MOD, kyc_kyc_2"
0.09536011714102681,"fraud_legit, ip_risk_ip_MOD, kyc_kyc_2"
0.11178731582319026,"geo_dist_geo_MOD, intl_domestic, kyc_kyc_2"
0.08639150727555596,"device_dev_mobile, geo_dist_geo_MOD, kyc_kyc_2"
0.07993959915804887,"acct_age_acct_OLD, geo_dist_geo_MOD, kyc_kyc_2"
0.07879564381806534,"amt_deviation_dev_MOD, geo_dist_geo_MOD, kyc_kyc_2"
0.06337512583508739,"channel_ch_card, geo_dist_geo_MOD, kyc_kyc_2"
0.06268875263109729,"amt_amt_MED, geo_dist_geo_MOD, kyc_kyc_2"
0.052347396357646195,"geo_dist_geo_MOD, ip_risk_ip_MOD, kyc_kyc_2"
0.08025990665324426,"failed_txns_fail_NONE, geo_dist_geo_MOD, kyc_kyc_2"
0.08424087123638693,"fraud_legit, geo_dist_geo_MOD, kyc_kyc_2"
0.04713096000732132,"geo_dist_geo_MOD, kyc_kyc_2, merch_risk_mrisk_MOD"
0.14798206278026907,"device_dev_mobile, failed_txns_fail_NONE, kyc_kyc_2"
0.13745767365242062,"acct_age_acct_OLD, failed_txns_fail_NONE, kyc_kyc_2"
0.19319117781641804,"failed_txns_fail_NONE, intl_domestic, kyc_kyc_2"
0.15850645190811752,"failed_txns_fail_NONE, fraud_legit, kyc_kyc_2"
0.20902351972179006,"fraud_legit, intl_domestic, kyc_kyc_2"
0.15676763979134253,"device_dev_mobile, fraud_legit, kyc_kyc_2"
0.10867575729843507,"intl_domestic, kyc_kyc_2, velocity_1h_vel1h_LOW"
0.08433238766358561,"device_dev_mobile, kyc_kyc_2, velocity_1h_vel1h_LOW"
0.08263933376041,"fraud_legit, kyc_kyc_2, velocity_1h_vel1h_LOW"
0.07792623775967786,"acct_age_acct_OLD, kyc_kyc_2, velocity_1h_vel1h_LOW"
0.07723986455568775,"amt_deviation_dev_MOD, kyc_kyc_2, velocity_1h_vel1h_LOW"
0.06008053445593484,"amt_amt_MED, kyc_kyc_2, velocity_1h_vel1h_LOW"
0.05243891278484488,"ip_risk_ip_MOD, kyc_kyc_2, velocity_1h_vel1h_LOW"
0.04470577468655624,"geo_dist_geo_MOD, kyc_kyc_2, velocity_1h_vel1h_LOW"
0.07833806168207193,"failed_txns_fail_NONE, kyc_kyc_2, velocity_1h_vel1h_LOW"
0.047176718220920656,"kyc_kyc_2, merch_risk_mrisk_MOD, velocity_1h_vel1h_LOW"
0.06268875263109729,"channel_ch_card, kyc_kyc_2, velocity_1h_vel1h_LOW"
0.0995698727921662,"intl_domestic, kyc_kyc_2, velocity_24h_vel24h_MOD"
0.090555504713096,"fraud_legit, kyc_kyc_2, velocity_24h_vel24h_MOD"
0.0754095360117141,"device_dev_mobile, kyc_kyc_2, velocity_24h_vel24h_MOD"
0.07046764894298527,"acct_age_acct_OLD, kyc_kyc_2, velocity_24h_vel24h_MOD"
0.06996430859339252,"amt_deviation_dev_MOD, kyc_kyc_2, velocity_24h_vel24h_MOD"
0.05564198773679876,"amt_amt_MED, kyc_kyc_2, velocity_24h_vel24h_MOD"
0.046856410725725266,"ip_risk_ip_MOD, kyc_kyc_2, velocity_24h_vel24h_MOD"
0.04072481010341356,"geo_dist_geo_MOD, kyc_kyc_2, velocity_24h_vel24h_MOD"
0.03811659192825112,"kyc_kyc_2, velocity_1h_vel1h_LOW, velocity_24h_vel24h_MOD"
0.07531801958451542,"failed_txns_fail_NONE, kyc_kyc_2, velocity_24h_vel24h_MOD"
0.05550471309600073,"channel_ch_card, kyc_kyc_2, velocity_24h_vel24h_MOD"
0.03646929623867484,"ip_risk_ip_LOW, kyc_kyc_2, velocity_24h_vel24h_MOD"
0.041823007229797746,"kyc_kyc_2, merch_risk_mrisk_MOD, velocity_24h_vel24h_MOD"
0.1010341356273451,"intl_domestic, ip_risk_ip_LOW, kyc_kyc_2"
0.07884140203166469,"fraud_legit, ip_risk_ip_LOW, kyc_kyc_2"
0.07312162533174704,"failed_txns_fail_NONE, ip_risk_ip_LOW, kyc_kyc_2"
0.07074219822458132,"acct_age_acct_OLD, ip_risk_ip_LOW, kyc_kyc_2"
0.06982703395259449,"amt_deviation_dev_MOD, ip_risk_ip_LOW, kyc_kyc_2"
0.056145328086391506,"channel_ch_card, ip_risk_ip_LOW, kyc_kyc_2"
0.0549098563192093,"amt_amt_MED, ip_risk_ip_LOW, kyc_kyc_2"
0.07678228241969433,"device_dev_mobile, ip_risk_ip_LOW, kyc_kyc_2"
0.04278392971538391,"geo_dist_geo_MOD, ip_risk_ip_LOW, kyc_kyc_2"
0.042600896860986545,"ip_risk_ip_LOW, kyc_kyc_2, merch_risk_mrisk_MOD"
0.040633293676214884,"ip_risk_ip_LOW, kyc_kyc_2, velocity_1h_vel1h_LOW"
0.11274823830877642,"intl_domestic, kyc_kyc_2, merch_risk_mrisk_MOD"
0.08639150727555596,"device_dev_mobile, kyc_kyc_2, merch_risk_mrisk_MOD"
0.08227326805161526,"acct_age_acct_OLD, kyc_kyc_2, merch_risk_mrisk_MOD"
0.080763247002837,"failed_txns_fail_NONE, kyc_kyc_2, merch_risk_mrisk_MOD"
0.07870412739086666,"amt_deviation_dev_MOD, kyc_kyc_2, merch_risk_mrisk_MOD"
0.062459961563100574,"amt_amt_MED, kyc_kyc_2, merch_risk_mrisk_MOD"
0.08657454012995333,"fraud_legit, kyc_kyc_2, merch_risk_mrisk_MOD"
0.06415301546627619,"channel_ch_card, kyc_kyc_2, merch_risk_mrisk_MOD"
0.053399835270431045,"ip_risk_ip_MOD, kyc_kyc_2, merch_risk_mrisk_MOD"
0.2615081907202343,"fraud_FRAUD, intl_domestic"
0.21982245813123455,"device_dev_mobile, fraud_FRAUD"
0.2031664683810744,"acct_age_acct_OLD, fraud_FRAUD"
0.18715109362130503,"amt_deviation_dev_MOD, fraud_FRAUD"
0.15791159513132608,"channel_ch_card, fraud_FRAUD"
0.14624325066349408,"amt_amt_MED, fraud_FRAUD"
0.13297336871968518,"fraud_FRAUD, ip_risk_ip_MOD"
0.12016106891186969,"fraud_FRAUD, geo_dist_geo_MOD"
0.10652512125926604,"fraud_FRAUD, kyc_kyc_2"
0.15969616546170037,"failed_txns_fail_NONE, fraud_FRAUD"
0.10217809096732863,"fraud_FRAUD, kyc_kyc_1"
0.09865470852017937,"fraud_FRAUD, velocity_1h_vel1h_ZERO"
0.05518440560080534,"fraud_FRAUD, velocity_24h_vel24h_MOD"
0.11531069827033953,"fraud_FRAUD, merch_risk_mrisk_MOD"
0.11146700832799487,"fraud_FRAUD, velocity_1h_vel1h_LOW"
0.09664134712180837,"fraud_FRAUD, ip_risk_ip_LOW"
0.1049235837832891,"fraud_FRAUD, kyc_kyc_3"
0.18280406332936763,"device_dev_mobile, fraud_FRAUD, intl_domestic"
0.16903084103596597,"acct_age_acct_OLD, fraud_FRAUD, intl_domestic"
0.14326896677953693,"acct_age_acct_OLD, device_dev_mobile, fraud_FRAUD"
0.1564930905097465,"amt_deviation_dev_MOD, fraud_FRAUD, intl_domestic"
0.13128031481650956,"amt_deviation_dev_MOD, device_dev_mobile, fraud_FRAUD"
0.1210762331838565,"acct_age_acct_OLD, amt_deviation_dev_MOD, fraud_FRAUD"
0.13297336871968518,"channel_ch_card, fraud_FRAUD, intl_domestic"
0.11242793081358103,"channel_ch_card, device_dev_mobile, fraud_FRAUD"
0.10245264024892468,"acct_age_acct_OLD, channel_ch_card, fraud_FRAUD"
0.09453646929623867,"amt_deviation_dev_MOD, channel_ch_card, fraud_FRAUD"
0.08135810377962845,"channel_ch_card, failed_txns_fail_NONE, fraud_FRAUD"
0.14624325066349408,"amt_amt_MED, amt_deviation_dev_MOD, fraud_FRAUD"
0.1234099020774229,"amt_amt_MED, fraud_FRAUD, intl_domestic"
0.10240688203532534,"amt_amt_MED, device_dev_mobile, fraud_FRAUD"
0.09499405143223208,"acct_age_acct_OLD, amt_amt_MED, fraud_FRAUD"
0.07389951496293584,"amt_amt_MED, channel_ch_card, fraud_FRAUD"
0.07417406424453189,"amt_amt_MED, failed_txns_fail_NONE, fraud_FRAUD"
0.10972819621121992,"fraud_FRAUD, intl_domestic, ip_risk_ip_MOD"
0.09220280040267229,"device_dev_mobile, fraud_FRAUD, ip_risk_ip_MOD"
0.08579665049876453,"acct_age_acct_OLD, fraud_FRAUD, ip_risk_ip_MOD"
0.08181568591562186,"amt_deviation_dev_MOD, fraud_FRAUD, ip_risk_ip_MOD"
0.06680699185503798,"channel_ch_card, fraud_FRAUD, ip_risk_ip_MOD"
0.06429029010707422,"amt_amt_MED, fraud_FRAUD, ip_risk_ip_MOD"
0.06840852933101492,"failed_txns_fail_NONE, fraud_FRAUD, ip_risk_ip_MOD"
0.10075958634574907,"fraud_FRAUD, geo_dist_geo_MOD, intl_domestic"
0.0834172233915988,"device_dev_mobile, fraud_FRAUD, geo_dist_geo_MOD"
0.07884140203166469,"acct_age_acct_OLD, fraud_FRAUD, geo_dist_geo_MOD"
0.07252676855495561,"amt_deviation_dev_MOD, fraud_FRAUD, geo_dist_geo_MOD"
0.05879930447515329,"channel_ch_card, fraud_FRAUD, geo_dist_geo_MOD"
0.056557152008785576,"amt_amt_MED, fraud_FRAUD, geo_dist_geo_MOD"
0.05179829779445411,"fraud_FRAUD, geo_dist_geo_MOD, ip_risk_ip_MOD"
0.061682071931911775,"failed_txns_fail_NONE, fraud_FRAUD, geo_dist_geo_MOD"
0.08813031939233093,"fraud_FRAUD, intl_domestic, kyc_kyc_2"
0.07508922851651871,"device_dev_mobile, fraud_FRAUD, kyc_kyc_2"
0.06877459503980965,"acct_age_acct_OLD, fraud_FRAUD, kyc_kyc_2"
0.06337512583508739,"amt_deviation_dev_MOD, fraud_FRAUD, kyc_kyc_2"
0.05285073670723895,"channel_ch_card, fraud_FRAUD, kyc_kyc_2"
0.0500137274640798,"amt_amt_MED, fraud_FRAUD, kyc_kyc_2"
0.044934565754552944,"fraud_FRAUD, ip_risk_ip_MOD, kyc_kyc_2"
0.04049601903541686,"fraud_FRAUD, geo_dist_geo_MOD, kyc_kyc_2"
0.05399469204722248,"failed_txns_fail_NONE, fraud_FRAUD, kyc_kyc_2"
0.039855404045026084,"fraud_FRAUD, kyc_kyc_2, merch_risk_mrisk_MOD"
0.03894023977303926,"fraud_FRAUD, kyc_kyc_2, velocity_1h_vel1h_LOW"
0.11206186510478632,"device_dev_mobile, failed_txns_fail_NONE, fraud_FRAUD"
0.10341356273451084,"acct_age_acct_OLD, failed_txns_fail_NONE, fraud_FRAUD"
0.13338519264207926,"failed_txns_fail_NONE, fraud_FRAUD, intl_domestic"
0.09549739178182484,"amt_deviation_dev_MOD, failed_txns_fail_NONE, fraud_FRAUD"
0.08433238766358561,"fraud_FRAUD, intl_domestic, kyc_kyc_1"
0.07202342820536287,"device_dev_mobile, fraud_FRAUD, kyc_kyc_1"
0.06598334401024984,"acct_age_acct_OLD, fraud_FRAUD, kyc_kyc_1"
0.06094994051432232,"amt_deviation_dev_MOD, fraud_FRAUD, kyc_kyc_1"
0.05285073670723895,"channel_ch_card, fraud_FRAUD, kyc_kyc_1"
0.04713096000732132,"amt_amt_MED, fraud_FRAUD, kyc_kyc_1"
0.04049601903541686,"fraud_FRAUD, geo_dist_geo_MOD, kyc_kyc_1"
0.03646929623867484,"fraud_FRAUD, kyc_kyc_1, merch_risk_mrisk_MOD"
0.034822000549098564,"fraud_FRAUD, kyc_kyc_1, velocity_1h_vel1h_LOW"
0.05102040816326531,"failed_txns_fail_NONE, fraud_FRAUD, kyc_kyc_1"
0.043424544705774684,"fraud_FRAUD, ip_risk_ip_MOD, kyc_kyc_1"
0.08282236661480735,"fraud_FRAUD, intl_domestic, velocity_1h_vel1h_ZERO"
0.06882035325340899,"device_dev_mobile, fraud_FRAUD, velocity_1h_vel1h_ZERO"
0.06355815868948476,"acct_age_acct_OLD, fraud_FRAUD, velocity_1h_vel1h_ZERO"
0.058067173057563835,"amt_deviation_dev_MOD, fraud_FRAUD, velocity_1h_vel1h_ZERO"
0.04946462890088771,"channel_ch_card, fraud_FRAUD, velocity_1h_vel1h_ZERO"
0.04575821359934108,"amt_amt_MED, fraud_FRAUD, velocity_1h_vel1h_ZERO"
0.03857417406424453,"fraud_FRAUD, geo_dist_geo_MOD, velocity_1h_vel1h_ZERO"
0.033678045209115035,"fraud_FRAUD, kyc_kyc_1, velocity_1h_vel1h_ZERO"
0.03193923309234008,"fraud_FRAUD, kyc_kyc_3, velocity_1h_vel1h_ZERO"
0.03303743021872426,"fraud_FRAUD, kyc_kyc_2, velocity_1h_vel1h_ZERO"
0.049601903541685734,"failed_txns_fail_NONE, fraud_FRAUD, velocity_1h_vel1h_ZERO"
0.04049601903541686,"fraud_FRAUD, ip_risk_ip_MOD, velocity_1h_vel1h_ZERO"
0.035965955889082094,"fraud_FRAUD, merch_risk_mrisk_MOD, velocity_1h_vel1h_ZERO"
0.04612427930813581,"fraud_FRAUD, intl_domestic, velocity_24h_vel24h_MOD"
0.03935206369543333,"device_dev_mobile, fraud_FRAUD, velocity_24h_vel24h_MOD"
0.03601171410268143,"acct_age_acct_OLD, fraud_FRAUD, velocity_24h_vel24h_MOD"
0.033632286995515695,"amt_deviation_dev_MOD, fraud_FRAUD, velocity_24h_vel24h_MOD"
0.031298618101949296,"failed_txns_fail_NONE, fraud_FRAUD, velocity_24h_vel24h_MOD"
0.09586345749061957,"fraud_FRAUD, intl_domestic, merch_risk_mrisk_MOD"
0.07934474238125744,"device_dev_mobile, fraud_FRAUD, merch_risk_mrisk_MOD"
0.07504347030291937,"acct_age_acct_OLD, fraud_FRAUD, merch_risk_mrisk_MOD"
0.06740184863182941,"amt_deviation_dev_MOD, fraud_FRAUD, merch_risk_mrisk_MOD"
0.05243891278484488,"amt_amt_MED, fraud_FRAUD, merch_risk_mrisk_MOD"
0.04461425825935755,"fraud_FRAUD, geo_dist_geo_MOD, merch_risk_mrisk_MOD"
0.059668710533540774,"failed_txns_fail_NONE, fraud_FRAUD, merch_risk_mrisk_MOD"
0.05719776699917635,"channel_ch_card, fraud_FRAUD, merch_risk_mrisk_MOD"
0.04905280497849364,"fraud_FRAUD, ip_risk_ip_MOD, merch_risk_mrisk_MOD"
0.09330099752905646,"fraud_FRAUD, intl_domestic, velocity_1h_vel1h_LOW"
0.07728562276928709,"device_dev_mobile, fraud_FRAUD, velocity_1h_vel1h_LOW"
0.07147432964217076,"acct_age_acct_OLD, fraud_FRAUD, velocity_1h_vel1h_LOW"
0.042555138647387206,"fraud_FRAUD, merch_risk_mrisk_MOD, velocity_1h_vel1h_LOW"
0.06644092614624325,"amt_deviation_dev_MOD, fraud_FRAUD, velocity_1h_vel1h_LOW"
0.057243525212775696,"channel_ch_card, fraud_FRAUD, velocity_1h_vel1h_LOW"
0.05715200878557701,"failed_txns_fail_NONE, fraud_FRAUD, velocity_1h_vel1h_LOW"
0.05161526494005674,"amt_amt_MED, fraud_FRAUD, velocity_1h_vel1h_LOW"
0.04786309142491077,"fraud_FRAUD, ip_risk_ip_MOD, velocity_1h_vel1h_LOW"
0.041777249016198406,"fraud_FRAUD, geo_dist_geo_MOD, velocity_1h_vel1h_LOW"
0.08149537842042646,"fraud_FRAUD, intl_domestic, ip_risk_ip_LOW"
0.06886611146700833,"device_dev_mobile, fraud_FRAUD, ip_risk_ip_LOW"
0.062002379427107165,"acct_age_acct_OLD, fraud_FRAUD, ip_risk_ip_LOW"
0.03628626338427748,"fraud_FRAUD, ip_risk_ip_LOW, merch_risk_mrisk_MOD"
0.03376956163631372,"fraud_FRAUD, ip_risk_ip_LOW, velocity_1h_vel1h_LOW"
0.03148165095634666,"fraud_FRAUD, ip_risk_ip_LOW, kyc_kyc_1"
0.0556877459503981,"amt_deviation_dev_MOD, fraud_FRAUD, ip_risk_ip_LOW"
0.04928159604649034,"failed_txns_fail_NONE, fraud_FRAUD, ip_risk_ip_LOW"
0.043744852200970075,"amt_amt_MED, fraud_FRAUD, ip_risk_ip_LOW"
0.032030749519538756,"fraud_FRAUD, ip_risk_ip_LOW, kyc_kyc_3"
0.04941887068728837,"channel_ch_card, fraud_FRAUD, ip_risk_ip_LOW"
0.0364235380250755,"fraud_FRAUD, geo_dist_geo_MOD, ip_risk_ip_LOW"
0.031024068820353252,"fraud_FRAUD, ip_risk_ip_LOW, velocity_1h_vel1h_ZERO"
0.033128946645922946,"fraud_FRAUD, ip_risk_ip_LOW, kyc_kyc_2"
0.08904548366431775,"fraud_FRAUD, intl_domestic, kyc_kyc_3"
0.039169030841035964,"fraud_FRAUD, geo_dist_geo_MOD, kyc_kyc_3"
0.07270980140935297,"device_dev_mobile, fraud_FRAUD, kyc_kyc_3"
0.06840852933101492,"acct_age_acct_OLD, fraud_FRAUD, kyc_kyc_3"
0.0628260272718953,"amt_deviation_dev_MOD, fraud_FRAUD, kyc_kyc_3"
0.05468106525121259,"failed_txns_fail_NONE, fraud_FRAUD, kyc_kyc_3"
0.052210121716848176,"channel_ch_card, fraud_FRAUD, kyc_kyc_3"
0.04909856319209298,"amt_amt_MED, fraud_FRAUD, kyc_kyc_3"
0.04461425825935755,"fraud_FRAUD, ip_risk_ip_MOD, kyc_kyc_3"
0.0389859979866386,"fraud_FRAUD, kyc_kyc_3, merch_risk_mrisk_MOD"
0.03770476800585705,"fraud_FRAUD, kyc_kyc_3, velocity_1h_vel1h_LOW"
0.2788963118879839,"intl_domestic, velocity_24h_vel24h_LOW"
0.21099112290656172,"device_dev_mobile, velocity_24h_vel24h_LOW"
0.19557060492358377,"acct_age_acct_OLD, velocity_24h_vel24h_LOW"
0.19259632103962662,"amt_deviation_dev_MOD, velocity_24h_vel24h_LOW"
0.15379335590738538,"channel_ch_card, velocity_24h_vel24h_LOW"
0.15232909307220646,"amt_amt_MED, velocity_24h_vel24h_LOW"
0.12725359201976755,"ip_risk_ip_MOD, velocity_24h_vel24h_LOW"
0.11457856685275007,"geo_dist_geo_MOD, velocity_24h_vel24h_LOW"
0.09915804886977213,"kyc_kyc_2, velocity_24h_vel24h_LOW"
0.03665232909307221,"fraud_FRAUD, velocity_24h_vel24h_LOW"
0.2660840120801684,"fraud_legit, velocity_24h_vel24h_LOW"
0.20934382721698544,"failed_txns_fail_NONE, velocity_24h_vel24h_LOW"
0.11247368902718038,"merch_risk_mrisk_MOD, velocity_24h_vel24h_LOW"
0.10400841951130228,"kyc_kyc_1, velocity_24h_vel24h_LOW"
0.10130868490894115,"velocity_1h_vel1h_ZERO, velocity_24h_vel24h_LOW"
0.0995698727921662,"kyc_kyc_3, velocity_24h_vel24h_LOW"
0.11197034867758762,"velocity_1h_vel1h_LOW, velocity_24h_vel24h_LOW"
0.10579298984167658,"ip_risk_ip_LOW, velocity_24h_vel24h_LOW"
0.1944724077971996,"device_dev_mobile, intl_domestic, velocity_24h_vel24h_LOW"
0.18527500686373205,"device_dev_mobile, fraud_legit, velocity_24h_vel24h_LOW"
0.181111009426192,"acct_age_acct_OLD, intl_domestic, velocity_24h_vel24h_LOW"
0.13613068545803972,"acct_age_acct_OLD, device_dev_mobile, velocity_24h_vel24h_LOW"
0.17223391598791984,"acct_age_acct_OLD, fraud_legit, velocity_24h_vel24h_LOW"
0.13553582868124828,"acct_age_acct_OLD, failed_txns_fail_NONE, velocity_24h_vel24h_LOW"
0.17639791342545988,"amt_deviation_dev_MOD, intl_domestic, velocity_24h_vel24h_LOW"
0.13475793905005948,"amt_deviation_dev_MOD, device_dev_mobile, velocity_24h_vel24h_LOW"
0.12446234099020774,"acct_age_acct_OLD, amt_deviation_dev_MOD, velocity_24h_vel24h_LOW"
0.17022055458954882,"amt_deviation_dev_MOD, fraud_legit, velocity_24h_vel24h_LOW"
0.1334309508556786,"amt_deviation_dev_MOD, failed_txns_fail_NONE, velocity_24h_vel24h_LOW"
0.14098105609956987,"channel_ch_card, intl_domestic, velocity_24h_vel24h_LOW"
0.10771483481284891,"channel_ch_card, device_dev_mobile, velocity_24h_vel24h_LOW"
0.09778530246179189,"acct_age_acct_OLD, channel_ch_card, velocity_24h_vel24h_LOW"
0.09741923675299716,"amt_deviation_dev_MOD, channel_ch_card, velocity_24h_vel24h_LOW"
0.13526127939965224,"channel_ch_card, fraud_legit, velocity_24h_vel24h_LOW"
0.10684542875446143,"channel_ch_card, failed_txns_fail_NONE, velocity_24h_vel24h_LOW"
0.15219181843140844,"amt_amt_MED, amt_deviation_dev_MOD, velocity_24h_vel24h_LOW"
0.14043195753637777,"amt_amt_MED, intl_domestic, velocity_24h_vel24h_LOW"
0.10634208840486867,"amt_amt_MED, device_dev_mobile, velocity_24h_vel24h_LOW"
0.09888349958817608,"acct_age_acct_OLD, amt_amt_MED, velocity_24h_vel24h_LOW"
0.07691955706049236,"amt_amt_MED, channel_ch_card, velocity_24h_vel24h_LOW"
0.13480369726365882,"amt_amt_MED, fraud_legit, velocity_24h_vel24h_LOW"
0.10588450626887526,"amt_amt_MED, failed_txns_fail_NONE, velocity_24h_vel24h_LOW"
0.11759860895030658,"intl_domestic, ip_risk_ip_MOD, velocity_24h_vel24h_LOW"
0.08964034044110918,"device_dev_mobile, ip_risk_ip_MOD, velocity_24h_vel24h_LOW"
0.0815411366340258,"acct_age_acct_OLD, ip_risk_ip_MOD, velocity_24h_vel24h_LOW"
0.08103779628443306,"amt_deviation_dev_MOD, ip_risk_ip_MOD, velocity_24h_vel24h_LOW"
0.06442756474787224,"amt_amt_MED, ip_risk_ip_MOD, velocity_24h_vel24h_LOW"
0.06342088404868675,"channel_ch_card, ip_risk_ip_MOD, velocity_24h_vel24h_LOW"
0.11201610689118696,"fraud_legit, ip_risk_ip_MOD, velocity_24h_vel24h_LOW"
0.08913700009151643,"failed_txns_fail_NONE, ip_risk_ip_MOD, velocity_24h_vel24h_LOW"
0.10634208840486867,"geo_dist_geo_MOD, intl_domestic, velocity_24h_vel24h_LOW"
0.07971080809005217,"device_dev_mobile, geo_dist_geo_MOD, velocity_24h_vel24h_LOW"
0.07421982245813123,"amt_deviation_dev_MOD, geo_dist_geo_MOD, velocity_24h_vel24h_LOW"
0.07376224032213782,"acct_age_acct_OLD, geo_dist_geo_MOD, velocity_24h_vel24h_LOW"
0.058936579115951314,"amt_amt_MED, geo_dist_geo_MOD, velocity_24h_vel24h_LOW"
0.05802141484396449,"channel_ch_card, geo_dist_geo_MOD, velocity_24h_vel24h_LOW"
0.04703944358012263,"geo_dist_geo_MOD, ip_risk_ip_MOD, velocity_24h_vel24h_LOW"
0.10071382813214973,"fraud_legit, geo_dist_geo_MOD, velocity_24h_vel24h_LOW"
0.078749885604466,"failed_txns_fail_NONE, geo_dist_geo_MOD, velocity_24h_vel24h_LOW"
0.09050974649949665,"intl_domestic, kyc_kyc_2, velocity_24h_vel24h_LOW"
0.06932369360300174,"device_dev_mobile, kyc_kyc_2, velocity_24h_vel24h_LOW"
0.06332936762148805,"acct_age_acct_OLD, kyc_kyc_2, velocity_24h_vel24h_LOW"
0.06259723620389859,"amt_deviation_dev_MOD, kyc_kyc_2, velocity_24h_vel24h_LOW"
0.050745858881669256,"channel_ch_card, kyc_kyc_2, velocity_24h_vel24h_LOW"
0.04905280497849364,"amt_amt_MED, kyc_kyc_2, velocity_24h_vel24h_LOW"
0.042189072938592476,"ip_risk_ip_MOD, kyc_kyc_2, velocity_24h_vel24h_LOW"
0.03578292303468473,"geo_dist_geo_MOD, kyc_kyc_2, velocity_24h_vel24h_LOW"
0.08730667154754278,"fraud_legit, kyc_kyc_2, velocity_24h_vel24h_LOW"
0.06781367255422348,"failed_txns_fail_NONE, kyc_kyc_2, velocity_24h_vel24h_LOW"
0.03514230804429395,"ip_risk_ip_LOW, kyc_kyc_2, velocity_24h_vel24h_LOW"
0.03724718586986364,"kyc_kyc_2, merch_risk_mrisk_MOD, velocity_24h_vel24h_LOW"
0.037109911229065616,"kyc_kyc_2, velocity_1h_vel1h_LOW, velocity_24h_vel24h_LOW"
0.03262560629633019,"kyc_kyc_2, velocity_1h_vel1h_ZERO, velocity_24h_vel24h_LOW"
0.03344925414111833,"fraud_FRAUD, intl_domestic, velocity_24h_vel24h_LOW"
0.24544705774686557,"fraud_legit, intl_domestic, velocity_24h_vel24h_LOW"
0.19296238674842134,"failed_txns_fail_NONE, intl_domestic, velocity_24h_vel24h_LOW"
0.18440560080534457,"failed_txns_fail_NONE, fraud_legit, velocity_24h_vel24h_LOW"
0.14628900887709345,"device_dev_mobile, failed_txns_fail_NONE, velocity_24h_vel24h_LOW"
0.10387114487050425,"intl_domestic, merch_risk_mrisk_MOD, velocity_24h_vel24h_LOW"
0.09856319209298069,"fraud_legit, merch_risk_mrisk_MOD, velocity_24h_vel24h_LOW"
0.0792989841676581,"device_dev_mobile, merch_risk_mrisk_MOD, velocity_24h_vel24h_LOW"
0.07824654525487325,"failed_txns_fail_NONE, merch_risk_mrisk_MOD, velocity_24h_vel24h_LOW"
0.07243525212775694,"acct_age_acct_OLD, merch_risk_mrisk_MOD, velocity_24h_vel24h_LOW"
0.0718403953509655,"amt_deviation_dev_MOD, merch_risk_mrisk_MOD, velocity_24h_vel24h_LOW"
0.058478996979957905,"channel_ch_card, merch_risk_mrisk_MOD, velocity_24h_vel24h_LOW"
0.042143314724993136,"geo_dist_geo_MOD, merch_risk_mrisk_MOD, velocity_24h_vel24h_LOW"
0.05710625057197767,"amt_amt_MED, merch_risk_mrisk_MOD, velocity_24h_vel24h_LOW"
0.047680058570513405,"ip_risk_ip_MOD, merch_risk_mrisk_MOD, velocity_24h_vel24h_LOW"
0.09572618284982154,"intl_domestic, kyc_kyc_1, velocity_24h_vel24h_LOW"
0.0923400750434703,"fraud_legit, kyc_kyc_1, velocity_24h_vel24h_LOW"
0.07335041639974375,"device_dev_mobile, kyc_kyc_1, velocity_24h_vel24h_LOW"
0.07179463713736615,"failed_txns_fail_NONE, kyc_kyc_1, velocity_24h_vel24h_LOW"
0.0674933650590281,"acct_age_acct_OLD, kyc_kyc_1, velocity_24h_vel24h_LOW"
0.06657820078704127,"amt_deviation_dev_MOD, kyc_kyc_1, velocity_24h_vel24h_LOW"
0.05143223208565938,"channel_ch_card, kyc_kyc_1, velocity_24h_vel24h_LOW"
0.037521735151459686,"kyc_kyc_1, merch_risk_mrisk_MOD, velocity_24h_vel24h_LOW"
0.05280497849363961,"amt_amt_MED, kyc_kyc_1, velocity_24h_vel24h_LOW"
0.043836368628168754,"ip_risk_ip_MOD, kyc_kyc_1, velocity_24h_vel24h_LOW"
0.0405417772490162,"geo_dist_geo_MOD, kyc_kyc_1, velocity_24h_vel24h_LOW"
0.03761325157865837,"kyc_kyc_1, velocity_1h_vel1h_LOW, velocity_24h_vel24h_LOW"
0.035965955889082094,"ip_risk_ip_LOW, kyc_kyc_1, velocity_24h_vel24h_LOW"
0.09229431682987096,"intl_domestic, velocity_1h_vel1h_ZERO, velocity_24h_vel24h_LOW"
0.08982337329550655,"fraud_legit, velocity_1h_vel1h_ZERO, velocity_24h_vel24h_LOW"
0.07087947286537934,"device_dev_mobile, velocity_1h_vel1h_ZERO, velocity_24h_vel24h_LOW"
0.0702846160885879,"failed_txns_fail_NONE, velocity_1h_vel1h_ZERO, velocity_24h_vel24h_LOW"
0.06529697080625972,"acct_age_acct_OLD, velocity_1h_vel1h_ZERO, velocity_24h_vel24h_LOW"
0.04072481010341356,"ip_risk_ip_MOD, velocity_1h_vel1h_ZERO, velocity_24h_vel24h_LOW"
0.0389859979866386,"geo_dist_geo_MOD, velocity_1h_vel1h_ZERO, velocity_24h_vel24h_LOW"
0.03733870229706232,"merch_risk_mrisk_MOD, velocity_1h_vel1h_ZERO, velocity_24h_vel24h_LOW"
0.03656081266587352,"ip_risk_ip_LOW, velocity_1h_vel1h_ZERO, velocity_24h_vel24h_LOW"
0.03505079161709527,"kyc_kyc_1, velocity_1h_vel1h_ZERO, velocity_24h_vel24h_LOW"
0.06589182758305116,"amt_deviation_dev_MOD, velocity_1h_vel1h_ZERO, velocity_24h_vel24h_LOW"
0.05060858424087124,"channel_ch_card, velocity_1h_vel1h_ZERO, velocity_24h_vel24h_LOW"
0.05216436350324883,"amt_amt_MED, velocity_1h_vel1h_ZERO, velocity_24h_vel24h_LOW"
0.0926603825386657,"intl_domestic, kyc_kyc_3, velocity_24h_vel24h_LOW"
0.0864372654891553,"fraud_legit, kyc_kyc_3, velocity_24h_vel24h_LOW"
0.06973551752539581,"failed_txns_fail_NONE, kyc_kyc_3, velocity_24h_vel24h_LOW"
0.06831701290381624,"device_dev_mobile, kyc_kyc_3, velocity_24h_vel24h_LOW"
0.06474787224306763,"acct_age_acct_OLD, kyc_kyc_3, velocity_24h_vel24h_LOW"
0.04122815045300632,"ip_risk_ip_MOD, kyc_kyc_3, velocity_24h_vel24h_LOW"
0.033632286995515695,"kyc_kyc_3, velocity_1h_vel1h_ZERO, velocity_24h_vel24h_LOW"
0.05161526494005674,"channel_ch_card, kyc_kyc_3, velocity_24h_vel24h_LOW"
0.06342088404868675,"amt_deviation_dev_MOD, kyc_kyc_3, velocity_24h_vel24h_LOW"
0.05047130960007321,"amt_amt_MED, kyc_kyc_3, velocity_24h_vel24h_LOW"
0.03770476800585705,"kyc_kyc_3, merch_risk_mrisk_MOD, velocity_24h_vel24h_LOW"
0.03468472590830054,"ip_risk_ip_LOW, kyc_kyc_3, velocity_24h_vel24h_LOW"
0.03724718586986364,"kyc_kyc_3, velocity_1h_vel1h_LOW, velocity_24h_vel24h_LOW"
0.038253866569049146,"geo_dist_geo_MOD, kyc_kyc_3, velocity_24h_vel24h_LOW"
0.10460327628809371,"intl_domestic, velocity_1h_vel1h_LOW, velocity_24h_vel24h_LOW"
0.09833440102498399,"fraud_legit, velocity_1h_vel1h_LOW, velocity_24h_vel24h_LOW"
0.07714834812848906,"failed_txns_fail_NONE, velocity_1h_vel1h_LOW, velocity_24h_vel24h_LOW"
0.0702846160885879,"amt_deviation_dev_MOD, velocity_1h_vel1h_LOW, velocity_24h_vel24h_LOW"
0.05751807449437174,"channel_ch_card, velocity_1h_vel1h_LOW, velocity_24h_vel24h_LOW"
0.055138647387206,"amt_amt_MED, velocity_1h_vel1h_LOW, velocity_24h_vel24h_LOW"
0.04818339892010616,"ip_risk_ip_MOD, velocity_1h_vel1h_LOW, velocity_24h_vel24h_LOW"
0.041319666880205,"geo_dist_geo_MOD, velocity_1h_vel1h_LOW, velocity_24h_vel24h_LOW"
0.0726182849821543,"acct_age_acct_OLD, velocity_1h_vel1h_LOW, velocity_24h_vel24h_LOW"
0.07769744669168116,"device_dev_mobile, velocity_1h_vel1h_LOW, velocity_24h_vel24h_LOW"
0.041411183307403676,"merch_risk_mrisk_MOD, velocity_1h_vel1h_LOW, velocity_24h_vel24h_LOW"
0.0972362038985998,"intl_domestic, ip_risk_ip_LOW, velocity_24h_vel24h_LOW"
0.09307220646105976,"fraud_legit, ip_risk_ip_LOW, velocity_24h_vel24h_LOW"
0.06804246362222019,"acct_age_acct_OLD, ip_risk_ip_LOW, velocity_24h_vel24h_LOW"
0.0397638876178274,"geo_dist_geo_MOD, ip_risk_ip_LOW, velocity_24h_vel24h_LOW"
0.03967237119062872,"ip_risk_ip_LOW, merch_risk_mrisk_MOD, velocity_24h_vel24h_LOW"
0.07353344925414111,"device_dev_mobile, ip_risk_ip_LOW, velocity_24h_vel24h_LOW"
0.07344193282694243,"failed_txns_fail_NONE, ip_risk_ip_LOW, velocity_24h_vel24h_LOW"
0.06795094719502151,"amt_deviation_dev_MOD, ip_risk_ip_LOW, velocity_24h_vel24h_LOW"
0.05399469204722248,"amt_amt_MED, ip_risk_ip_LOW, velocity_24h_vel24h_LOW"
0.05445227418321589,"channel_ch_card, ip_risk_ip_LOW, velocity_24h_vel24h_LOW"
0.039031756200237945,"ip_risk_ip_LOW, velocity_1h_vel1h_LOW, velocity_24h_vel24h_LOW"
0.2533632286995516,"intl_domestic, merch_risk_mrisk_LOW"
0.19676031847716666,"device_dev_mobile, merch_risk_mrisk_LOW"
0.1813398004941887,"acct_age_acct_OLD, merch_risk_mrisk_LOW"
0.17671822092065526,"amt_deviation_dev_MOD, merch_risk_mrisk_LOW"
0.1406607486043745,"channel_ch_card, merch_risk_mrisk_LOW"
0.1404777157499771,"amt_amt_MED, merch_risk_mrisk_LOW"
0.11805619108629999,"ip_risk_ip_MOD, merch_risk_mrisk_LOW"
0.10652512125926604,"geo_dist_geo_MOD, merch_risk_mrisk_LOW"
0.09279765717946371,"kyc_kyc_2, merch_risk_mrisk_LOW"
0.08895396723711907,"merch_risk_mrisk_LOW, velocity_24h_vel24h_LOW"
0.0785210945364693,"fraud_FRAUD, merch_risk_mrisk_LOW"
0.20211402946828955,"fraud_legit, merch_risk_mrisk_LOW"
0.18129404228058937,"failed_txns_fail_NONE, merch_risk_mrisk_LOW"
0.09664134712180837,"merch_risk_mrisk_LOW, velocity_24h_vel24h_MOD"
0.09517708428662945,"kyc_kyc_1, merch_risk_mrisk_LOW"
0.08044293950764163,"geo_dist_geo_FAR, merch_risk_mrisk_LOW"
0.0990207742289741,"merch_risk_mrisk_LOW, velocity_1h_vel1h_LOW"
0.09339251395625514,"merch_risk_mrisk_LOW, velocity_1h_vel1h_ZERO"
0.0926603825386657,"kyc_kyc_3, merch_risk_mrisk_LOW"
0.09394161251944724,"ip_risk_ip_LOW, merch_risk_mrisk_LOW"
0.1773130776974467,"device_dev_mobile, intl_domestic, merch_risk_mrisk_LOW"
0.14038619932277843,"device_dev_mobile, fraud_legit, merch_risk_mrisk_LOW"
0.16431774503523383,"acct_age_acct_OLD, intl_domestic, merch_risk_mrisk_LOW"
0.12803148165095635,"acct_age_acct_OLD, device_dev_mobile, merch_risk_mrisk_LOW"
0.12981605198133064,"acct_age_acct_OLD, fraud_legit, merch_risk_mrisk_LOW"
0.1582776608401208,"amt_deviation_dev_MOD, intl_domestic, merch_risk_mrisk_LOW"
0.12546902168939325,"amt_deviation_dev_MOD, device_dev_mobile, merch_risk_mrisk_LOW"
0.11499039077514414,"acct_age_acct_OLD, amt_deviation_dev_MOD, merch_risk_mrisk_LOW"
0.12880937128214515,"amt_deviation_dev_MOD, fraud_legit, merch_risk_mrisk_LOW"
0.11348036972636588,"amt_deviation_dev_MOD, failed_txns_fail_NONE, merch_risk_mrisk_LOW"
0.12679600988377412,"channel_ch_card, intl_domestic, merch_risk_mrisk_LOW"
0.09897501601537476,"channel_ch_card, device_dev_mobile, merch_risk_mrisk_LOW"
0.08964034044110918,"acct_age_acct_OLD, channel_ch_card, merch_risk_mrisk_LOW"
0.08899972545071841,"amt_deviation_dev_MOD, channel_ch_card, merch_risk_mrisk_LOW"
0.1008053445593484,"channel_ch_card, fraud_legit, merch_risk_mrisk_LOW"
0.09119611970348677,"channel_ch_card, failed_txns_fail_NONE, merch_risk_mrisk_LOW"
0.14043195753637777,"amt_amt_MED, amt_deviation_dev_MOD, merch_risk_mrisk_LOW"
0.12597236203898599,"amt_amt_MED, intl_domestic, merch_risk_mrisk_LOW"
0.09892925780177542,"amt_amt_MED, device_dev_mobile, merch_risk_mrisk_LOW"
0.09275189896586437,"acct_age_acct_OLD, amt_amt_MED, merch_risk_mrisk_LOW"
0.06991855037979318,"amt_amt_MED, channel_ch_card, merch_risk_mrisk_LOW"
0.10341356273451084,"amt_amt_MED, fraud_legit, merch_risk_mrisk_LOW"
0.0903267136450993,"amt_amt_MED, failed_txns_fail_NONE, merch_risk_mrisk_LOW"
0.10602178090967329,"intl_domestic, ip_risk_ip_MOD, merch_risk_mrisk_LOW"
0.08360025624599615,"device_dev_mobile, ip_risk_ip_MOD, merch_risk_mrisk_LOW"
0.07701107348769104,"acct_age_acct_OLD, ip_risk_ip_MOD, merch_risk_mrisk_LOW"
0.07495195387572069,"amt_deviation_dev_MOD, ip_risk_ip_MOD, merch_risk_mrisk_LOW"
0.06030932552393155,"amt_amt_MED, ip_risk_ip_MOD, merch_risk_mrisk_LOW"
0.058204447698361854,"channel_ch_card, ip_risk_ip_MOD, merch_risk_mrisk_LOW"
0.0838748055275922,"fraud_legit, ip_risk_ip_MOD, merch_risk_mrisk_LOW"
0.07623318385650224,"failed_txns_fail_NONE, ip_risk_ip_MOD, merch_risk_mrisk_LOW"
0.09609224855861627,"geo_dist_geo_MOD, intl_domestic, merch_risk_mrisk_LOW"
0.07431133888532991,"device_dev_mobile, geo_dist_geo_MOD, merch_risk_mrisk_LOW"
0.06918641896220372,"acct_age_acct_OLD, geo_dist_geo_MOD, merch_risk_mrisk_LOW"
0.0674933650590281,"amt_deviation_dev_MOD, geo_dist_geo_MOD, merch_risk_mrisk_LOW"
0.0541319666880205,"amt_amt_MED, geo_dist_geo_MOD, merch_risk_mrisk_LOW"
0.05330831884323236,"channel_ch_card, geo_dist_geo_MOD, merch_risk_mrisk_LOW"
0.04612427930813581,"geo_dist_geo_MOD, ip_risk_ip_MOD, merch_risk_mrisk_LOW"
0.06872883682621031,"failed_txns_fail_NONE, geo_dist_geo_MOD, merch_risk_mrisk_LOW"
0.0761874256429029,"fraud_legit, geo_dist_geo_MOD, merch_risk_mrisk_LOW"
0.08424087123638693,"intl_domestic, kyc_kyc_2, merch_risk_mrisk_LOW"
0.06598334401024984,"device_dev_mobile, kyc_kyc_2, merch_risk_mrisk_LOW"
0.05934840303834538,"acct_age_acct_OLD, kyc_kyc_2, merch_risk_mrisk_LOW"
0.05788414020316647,"amt_deviation_dev_MOD, kyc_kyc_2, merch_risk_mrisk_LOW"
0.04708520179372197,"channel_ch_card, kyc_kyc_2, merch_risk_mrisk_LOW"
0.04598700466733779,"amt_amt_MED, kyc_kyc_2, merch_risk_mrisk_LOW"
0.03889448155943992,"ip_risk_ip_MOD, kyc_kyc_2, merch_risk_mrisk_LOW"
0.03665232909307221,"geo_dist_geo_MOD, kyc_kyc_2, merch_risk_mrisk_LOW"
0.05962295231994143,"failed_txns_fail_NONE, kyc_kyc_2, merch_risk_mrisk_LOW"
0.06598334401024984,"fraud_legit, kyc_kyc_2, merch_risk_mrisk_LOW"
0.03418138555870779,"kyc_kyc_2, merch_risk_mrisk_LOW, velocity_1h_vel1h_LOW"
0.03225954058753546,"kyc_kyc_2, merch_risk_mrisk_LOW, velocity_24h_vel24h_MOD"
0.030795277752356548,"ip_risk_ip_LOW, kyc_kyc_2, merch_risk_mrisk_LOW"
0.03001738812116775,"kyc_kyc_2, merch_risk_mrisk_LOW, velocity_1h_vel1h_ZERO"
0.08204447698361855,"intl_domestic, merch_risk_mrisk_LOW, velocity_24h_vel24h_LOW"
0.06113297336871969,"device_dev_mobile, merch_risk_mrisk_LOW, velocity_24h_vel24h_LOW"
0.057426558067173054,"acct_age_acct_OLD, merch_risk_mrisk_LOW, velocity_24h_vel24h_LOW"
0.057014734144778985,"amt_deviation_dev_MOD, merch_risk_mrisk_LOW, velocity_24h_vel24h_LOW"
0.04626155394893383,"amt_amt_MED, merch_risk_mrisk_LOW, velocity_24h_vel24h_LOW"
0.044888807540953604,"channel_ch_card, merch_risk_mrisk_LOW, velocity_24h_vel24h_LOW"
0.037842042646655076,"ip_risk_ip_MOD, merch_risk_mrisk_LOW, velocity_24h_vel24h_LOW"
0.0346389676947012,"geo_dist_geo_MOD, merch_risk_mrisk_LOW, velocity_24h_vel24h_LOW"
0.07902443488606205,"fraud_legit, merch_risk_mrisk_LOW, velocity_24h_vel24h_LOW"
0.061544797291113756,"failed_txns_fail_NONE, merch_risk_mrisk_LOW, velocity_24h_vel24h_LOW"
0.032442573441932826,"merch_risk_mrisk_LOW, velocity_1h_vel1h_LOW, velocity_24h_vel24h_LOW"
0.03161892559714469,"kyc_kyc_1, merch_risk_mrisk_LOW, velocity_24h_vel24h_LOW"
0.03001738812116775,"ip_risk_ip_LOW, merch_risk_mrisk_LOW, velocity_24h_vel24h_LOW"
0.06680699185503798,"fraud_FRAUD, intl_domestic, merch_risk_mrisk_LOW"
0.05637411915438821,"device_dev_mobile, fraud_FRAUD, merch_risk_mrisk_LOW"
0.051523748512858056,"acct_age_acct_OLD, fraud_FRAUD, merch_risk_mrisk_LOW"
0.04790884963851011,"amt_deviation_dev_MOD, fraud_FRAUD, merch_risk_mrisk_LOW"
0.039855404045026084,"channel_ch_card, fraud_FRAUD, merch_risk_mrisk_LOW"
0.03706415301546628,"amt_amt_MED, fraud_FRAUD, merch_risk_mrisk_LOW"
0.03418138555870779,"fraud_FRAUD, ip_risk_ip_MOD, merch_risk_mrisk_LOW"
0.030337695616363135,"fraud_FRAUD, geo_dist_geo_MOD, merch_risk_mrisk_LOW"
0.04012995332662213,"failed_txns_fail_NONE, fraud_FRAUD, merch_risk_mrisk_LOW"
0.18655623684451358,"fraud_legit, intl_domestic, merch_risk_mrisk_LOW"
0.1644092614624325,"failed_txns_fail_NONE, intl_domestic, merch_risk_mrisk_LOW"
0.14116408895396723,"failed_txns_fail_NONE, fraud_legit, merch_risk_mrisk_LOW"
0.1260638784661847,"device_dev_mobile, failed_txns_fail_NONE, merch_risk_mrisk_LOW"
0.11695799395991581,"acct_age_acct_OLD, failed_txns_fail_NONE, merch_risk_mrisk_LOW"
0.08886245080992038,"intl_domestic, merch_risk_mrisk_LOW, velocity_24h_vel24h_MOD"
0.08199871877001921,"fraud_legit, merch_risk_mrisk_LOW, velocity_24h_vel24h_MOD"
0.06785943076782282,"device_dev_mobile, merch_risk_mrisk_LOW, velocity_24h_vel24h_MOD"
0.06543424544705774,"failed_txns_fail_NONE, merch_risk_mrisk_LOW, velocity_24h_vel24h_MOD"
0.06250571977669991,"acct_age_acct_OLD, merch_risk_mrisk_LOW, velocity_24h_vel24h_MOD"
0.061178731582319026,"amt_deviation_dev_MOD, merch_risk_mrisk_LOW, velocity_24h_vel24h_MOD"
0.048412189988102865,"amt_amt_MED, merch_risk_mrisk_LOW, velocity_24h_vel24h_MOD"
0.0397638876178274,"ip_risk_ip_MOD, merch_risk_mrisk_LOW, velocity_24h_vel24h_MOD"
0.033128946645922946,"merch_risk_mrisk_LOW, velocity_1h_vel1h_LOW, velocity_24h_vel24h_MOD"
0.047634300356914065,"channel_ch_card, merch_risk_mrisk_LOW, velocity_24h_vel24h_MOD"
0.03592019767548275,"geo_dist_geo_MOD, merch_risk_mrisk_LOW, velocity_24h_vel24h_MOD"
0.08533906836277112,"intl_domestic, kyc_kyc_1, merch_risk_mrisk_LOW"
0.06900338610780635,"fraud_legit, kyc_kyc_1, merch_risk_mrisk_LOW"
0.06767639791342546,"device_dev_mobile, kyc_kyc_1, merch_risk_mrisk_LOW"
0.062368445135901895,"failed_txns_fail_NONE, kyc_kyc_1, merch_risk_mrisk_LOW"
0.06099569872792166,"acct_age_acct_OLD, kyc_kyc_1, merch_risk_mrisk_LOW"
0.05916537018394802,"amt_deviation_dev_MOD, kyc_kyc_1, merch_risk_mrisk_LOW"
0.047588542143314726,"amt_amt_MED, kyc_kyc_1, merch_risk_mrisk_LOW"
0.040633293676214884,"ip_risk_ip_MOD, kyc_kyc_1, merch_risk_mrisk_LOW"
0.0330831884323236,"kyc_kyc_1, merch_risk_mrisk_LOW, velocity_24h_vel24h_MOD"
0.04740550928891736,"channel_ch_card, kyc_kyc_1, merch_risk_mrisk_LOW"
0.03509654983069461,"geo_dist_geo_MOD, kyc_kyc_1, merch_risk_mrisk_LOW"
0.03198499130593942,"kyc_kyc_1, merch_risk_mrisk_LOW, velocity_1h_vel1h_LOW"
0.07257252676855495,"geo_dist_geo_FAR, intl_domestic, merch_risk_mrisk_LOW"
0.057701107348769105,"device_dev_mobile, geo_dist_geo_FAR, merch_risk_mrisk_LOW"
0.057655349135169766,"fraud_legit, geo_dist_geo_FAR, merch_risk_mrisk_LOW"
0.05179829779445411,"failed_txns_fail_NONE, geo_dist_geo_FAR, merch_risk_mrisk_LOW"
0.05161526494005674,"acct_age_acct_OLD, geo_dist_geo_FAR, merch_risk_mrisk_LOW"
0.04987645282328178,"amt_deviation_dev_MOD, geo_dist_geo_FAR, merch_risk_mrisk_LOW"
0.03926054726823465,"amt_amt_MED, geo_dist_geo_FAR, merch_risk_mrisk_LOW"
0.03271712272352887,"geo_dist_geo_FAR, ip_risk_ip_MOD, merch_risk_mrisk_LOW"
0.0407705683170129,"channel_ch_card, geo_dist_geo_FAR, merch_risk_mrisk_LOW"
0.0895488240139105,"intl_domestic, merch_risk_mrisk_LOW, velocity_1h_vel1h_LOW"
0.07092523107897868,"fraud_legit, merch_risk_mrisk_LOW, velocity_1h_vel1h_LOW"
0.0700558250205912,"device_dev_mobile, merch_risk_mrisk_LOW, velocity_1h_vel1h_LOW"
0.06310057655349136,"failed_txns_fail_NONE, merch_risk_mrisk_LOW, velocity_1h_vel1h_LOW"
0.06300906012629268,"acct_age_acct_OLD, merch_risk_mrisk_LOW, velocity_1h_vel1h_LOW"
0.062414203349501235,"amt_deviation_dev_MOD, merch_risk_mrisk_LOW, velocity_1h_vel1h_LOW"
0.04987645282328178,"channel_ch_card, merch_risk_mrisk_LOW, velocity_1h_vel1h_LOW"
0.048732497483298255,"amt_amt_MED, merch_risk_mrisk_LOW, velocity_1h_vel1h_LOW"
0.04205179829779446,"ip_risk_ip_MOD, merch_risk_mrisk_LOW, velocity_1h_vel1h_LOW"
0.03660657087947287,"geo_dist_geo_MOD, merch_risk_mrisk_LOW, velocity_1h_vel1h_LOW"
0.08437814587718495,"intl_domestic, merch_risk_mrisk_LOW, velocity_1h_vel1h_ZERO"
0.06488514688386565,"device_dev_mobile, merch_risk_mrisk_LOW, velocity_1h_vel1h_ZERO"
0.06076690765992496,"acct_age_acct_OLD, merch_risk_mrisk_LOW, velocity_1h_vel1h_ZERO"
0.05898233732955065,"amt_deviation_dev_MOD, merch_risk_mrisk_LOW, velocity_1h_vel1h_ZERO"
0.04703944358012263,"channel_ch_card, merch_risk_mrisk_LOW, velocity_1h_vel1h_ZERO"
0.046810652512125926,"amt_amt_MED, merch_risk_mrisk_LOW, velocity_1h_vel1h_ZERO"
0.03555413196668802,"geo_dist_geo_MOD, merch_risk_mrisk_LOW, velocity_1h_vel1h_ZERO"
0.03271712272352887,"kyc_kyc_1, merch_risk_mrisk_LOW, velocity_1h_vel1h_ZERO"
0.06895762789420701,"fraud_legit, merch_risk_mrisk_LOW, velocity_1h_vel1h_ZERO"
0.061041456941521,"failed_txns_fail_NONE, merch_risk_mrisk_LOW, velocity_1h_vel1h_ZERO"
0.032396815228333486,"merch_risk_mrisk_LOW, velocity_1h_vel1h_ZERO, velocity_24h_vel24h_MOD"
0.031298618101949296,"ip_risk_ip_LOW, merch_risk_mrisk_LOW, velocity_1h_vel1h_ZERO"
0.038619932277843876,"ip_risk_ip_MOD, merch_risk_mrisk_LOW, velocity_1h_vel1h_ZERO"
0.08378328910039352,"intl_domestic, kyc_kyc_3, merch_risk_mrisk_LOW"
0.06712729935023337,"fraud_legit, kyc_kyc_3, merch_risk_mrisk_LOW"
0.06310057655349136,"device_dev_mobile, kyc_kyc_3, merch_risk_mrisk_LOW"
0.06099569872792166,"acct_age_acct_OLD, kyc_kyc_3, merch_risk_mrisk_LOW"
0.059302644824746044,"failed_txns_fail_NONE, kyc_kyc_3, merch_risk_mrisk_LOW"
0.032854397364326896,"kyc_kyc_3, merch_risk_mrisk_LOW, velocity_1h_vel1h_LOW"
0.031298618101949296,"kyc_kyc_3, merch_risk_mrisk_LOW, velocity_24h_vel24h_MOD"
0.04617003752173515,"channel_ch_card, kyc_kyc_3, merch_risk_mrisk_LOW"
0.03852841585064519,"ip_risk_ip_MOD, kyc_kyc_3, merch_risk_mrisk_LOW"
0.059668710533540774,"amt_deviation_dev_MOD, kyc_kyc_3, merch_risk_mrisk_LOW"
0.034776242335499225,"geo_dist_geo_MOD, kyc_kyc_3, merch_risk_mrisk_LOW"
0.031207101674750617,"ip_risk_ip_LOW, kyc_kyc_3, merch_risk_mrisk_LOW"
0.04690216893932461,"amt_amt_MED, kyc_kyc_3, merch_risk_mrisk_LOW"
0.030658003111558526,"kyc_kyc_3, merch_risk_mrisk_LOW, velocity_1h_vel1h_ZERO"
0.08533906836277112,"intl_domestic, ip_risk_ip_LOW, merch_risk_mrisk_LOW"
0.07156584606936946,"fraud_legit, ip_risk_ip_LOW, merch_risk_mrisk_LOW"
0.06149903907751442,"failed_txns_fail_NONE, ip_risk_ip_LOW, merch_risk_mrisk_LOW"
0.05994325981513682,"acct_age_acct_OLD, ip_risk_ip_LOW, merch_risk_mrisk_LOW"
0.05875354626155395,"amt_deviation_dev_MOD, ip_risk_ip_LOW, merch_risk_mrisk_LOW"
0.04676489429852659,"amt_amt_MED, ip_risk_ip_LOW, merch_risk_mrisk_LOW"
0.046444586803331196,"channel_ch_card, ip_risk_ip_LOW, merch_risk_mrisk_LOW"
0.03427290198590647,"ip_risk_ip_LOW, merch_risk_mrisk_LOW, velocity_24h_vel24h_MOD"
0.0338610780635124,"geo_dist_geo_MOD, ip_risk_ip_LOW, merch_risk_mrisk_LOW"
0.032076507733138096,"ip_risk_ip_LOW, merch_risk_mrisk_LOW, velocity_1h_vel1h_LOW"
0.06529697080625972,"device_dev_mobile, ip_risk_ip_LOW, merch_risk_mrisk_LOW"
0.03193923309234008,"ip_risk_ip_LOW, kyc_kyc_1, merch_risk_mrisk_LOW"
0.24466916811567677,"intl_domestic, velocity_1h_vel1h_MOD"
0.1903541685732589,"device_dev_mobile, velocity_1h_vel1h_MOD"
0.1747506177358836,"acct_age_acct_OLD, velocity_1h_vel1h_MOD"
0.17273725633751258,"amt_deviation_dev_MOD, velocity_1h_vel1h_MOD"
0.1385558707788048,"channel_ch_card, velocity_1h_vel1h_MOD"
0.13681705866202984,"amt_amt_MED, velocity_1h_vel1h_MOD"
0.11801043287270065,"ip_risk_ip_MOD, velocity_1h_vel1h_MOD"
0.10455751807449437,"geo_dist_geo_MOD, velocity_1h_vel1h_MOD"
0.08986913150910589,"kyc_kyc_2, velocity_1h_vel1h_MOD"
0.08634574906195662,"fraud_FRAUD, velocity_1h_vel1h_MOD"
0.08204447698361855,"velocity_1h_vel1h_MOD, velocity_24h_vel24h_LOW"
0.07865836917726732,"merch_risk_mrisk_LOW, velocity_1h_vel1h_MOD"
0.18760867575729845,"fraud_legit, velocity_1h_vel1h_MOD"
0.17571154022146976,"failed_txns_fail_NONE, velocity_1h_vel1h_MOD"
0.09385009609224856,"kyc_kyc_1, velocity_1h_vel1h_MOD"
0.09215704218907293,"velocity_1h_vel1h_MOD, velocity_24h_vel24h_MOD"
0.07788047954607852,"geo_dist_geo_FAR, velocity_1h_vel1h_MOD"
0.10400841951130228,"merch_risk_mrisk_MOD, velocity_1h_vel1h_MOD"
0.07074219822458132,"merch_risk_mrisk_HIGH, velocity_1h_vel1h_MOD"
0.09023519721790062,"kyc_kyc_3, velocity_1h_vel1h_MOD"
0.09069277935389403,"ip_risk_ip_LOW, velocity_1h_vel1h_MOD"
0.16893932460876726,"device_dev_mobile, intl_domestic, velocity_1h_vel1h_MOD"
0.15644733229614716,"acct_age_acct_OLD, intl_domestic, velocity_1h_vel1h_MOD"
0.12295231994142948,"acct_age_acct_OLD, device_dev_mobile, velocity_1h_vel1h_MOD"
0.11819346572709802,"acct_age_acct_OLD, fraud_legit, velocity_1h_vel1h_MOD"
0.1126109636679784,"acct_age_acct_OLD, failed_txns_fail_NONE, velocity_1h_vel1h_MOD"
0.15379335590738538,"amt_deviation_dev_MOD, intl_domestic, velocity_1h_vel1h_MOD"
0.11979500320307496,"amt_deviation_dev_MOD, device_dev_mobile, velocity_1h_vel1h_MOD"
0.11036881120161068,"acct_age_acct_OLD, amt_deviation_dev_MOD, velocity_1h_vel1h_MOD"
0.11942893749428023,"amt_deviation_dev_MOD, fraud_legit, velocity_1h_vel1h_MOD"
0.11050608584240872,"amt_deviation_dev_MOD, failed_txns_fail_NONE, velocity_1h_vel1h_MOD"
0.12386748421341631,"channel_ch_card, intl_domestic, velocity_1h_vel1h_MOD"
0.09677862176260639,"channel_ch_card, device_dev_mobile, velocity_1h_vel1h_MOD"
0.08986913150910589,"acct_age_acct_OLD, channel_ch_card, velocity_1h_vel1h_MOD"
0.08634574906195662,"amt_deviation_dev_MOD, channel_ch_card, velocity_1h_vel1h_MOD"
0.09627528141301364,"channel_ch_card, fraud_legit, velocity_1h_vel1h_MOD"
0.08982337329550655,"channel_ch_card, failed_txns_fail_NONE, velocity_1h_vel1h_MOD"
0.1367713004484305,"amt_amt_MED, amt_deviation_dev_MOD, velocity_1h_vel1h_MOD"
0.12272352887343278,"amt_amt_MED, intl_domestic, velocity_1h_vel1h_MOD"
0.09508556785943077,"amt_amt_MED, device_dev_mobile, velocity_1h_vel1h_MOD"
0.08748970440194015,"acct_age_acct_OLD, amt_amt_MED, velocity_1h_vel1h_MOD"
0.06804246362222019,"amt_amt_MED, channel_ch_card, velocity_1h_vel1h_MOD"
0.09517708428662945,"amt_amt_MED, fraud_legit, velocity_1h_vel1h_MOD"
0.08753546261553949,"amt_amt_MED, failed_txns_fail_NONE, velocity_1h_vel1h_MOD"
0.10519813306488515,"intl_domestic, ip_risk_ip_MOD, velocity_1h_vel1h_MOD"
0.08295964125560538,"device_dev_mobile, ip_risk_ip_MOD, velocity_1h_vel1h_MOD"
0.07513498673011805,"amt_deviation_dev_MOD, ip_risk_ip_MOD, velocity_1h_vel1h_MOD"
0.07499771208932003,"acct_age_acct_OLD, ip_risk_ip_MOD, velocity_1h_vel1h_MOD"
0.0600347762423355,"amt_amt_MED, ip_risk_ip_MOD, velocity_1h_vel1h_MOD"
0.05866202983435527,"channel_ch_card, ip_risk_ip_MOD, velocity_1h_vel1h_MOD"
0.08067173057563833,"fraud_legit, ip_risk_ip_MOD, velocity_1h_vel1h_MOD"
0.07632470028370092,"failed_txns_fail_NONE, ip_risk_ip_MOD, velocity_1h_vel1h_MOD"
0.0933467557426558,"geo_dist_geo_MOD, intl_domestic, velocity_1h_vel1h_MOD"
0.07293859247734968,"device_dev_mobile, geo_dist_geo_MOD, velocity_1h_vel1h_MOD"
0.06726457399103139,"amt_deviation_dev_MOD, geo_dist_geo_MOD, velocity_1h_vel1h_MOD"
0.06680699185503798,"acct_age_acct_OLD, geo_dist_geo_MOD, velocity_1h_vel1h_MOD"
0.053537109911229064,"amt_amt_MED, geo_dist_geo_MOD, velocity_1h_vel1h_MOD"
0.05321680241603368,"channel_ch_card, geo_dist_geo_MOD, velocity_1h_vel1h_MOD"
0.04484304932735426,"geo_dist_geo_MOD, ip_risk_ip_MOD, velocity_1h_vel1h_MOD"
0.06795094719502151,"failed_txns_fail_NONE, geo_dist_geo_MOD, velocity_1h_vel1h_MOD"
0.07188615356456483,"fraud_legit, geo_dist_geo_MOD, velocity_1h_vel1h_MOD"
0.07948201702205546,"intl_domestic, kyc_kyc_2, velocity_1h_vel1h_MOD"
0.062459961563100574,"device_dev_mobile, kyc_kyc_2, velocity_1h_vel1h_MOD"
0.057380799853573715,"acct_age_acct_OLD, kyc_kyc_2, velocity_1h_vel1h_MOD"
0.05628260272718953,"amt_deviation_dev_MOD, kyc_kyc_2, velocity_1h_vel1h_MOD"
0.04694792715292395,"channel_ch_card, kyc_kyc_2, velocity_1h_vel1h_MOD"
0.04484304932735426,"amt_amt_MED, kyc_kyc_2, velocity_1h_vel1h_MOD"
0.03816235014185046,"ip_risk_ip_MOD, kyc_kyc_2, velocity_1h_vel1h_MOD"
0.03262560629633019,"geo_dist_geo_MOD, kyc_kyc_2, velocity_1h_vel1h_MOD"
0.05719776699917635,"failed_txns_fail_NONE, kyc_kyc_2, velocity_1h_vel1h_MOD"
0.031207101674750617,"kyc_kyc_2, velocity_1h_vel1h_MOD, velocity_24h_vel24h_MOD"
0.06140752265031573,"fraud_legit, kyc_kyc_2, velocity_1h_vel1h_MOD"
0.030566486684359843,"ip_risk_ip_LOW, kyc_kyc_2, velocity_1h_vel1h_MOD"
0.035233824471492634,"kyc_kyc_2, merch_risk_mrisk_MOD, velocity_1h_vel1h_MOD"
0.07092523107897868,"fraud_FRAUD, intl_domestic, velocity_1h_vel1h_MOD"
0.06099569872792166,"device_dev_mobile, fraud_FRAUD, velocity_1h_vel1h_MOD"
0.056557152008785576,"acct_age_acct_OLD, fraud_FRAUD, velocity_1h_vel1h_MOD"
0.05330831884323236,"amt_deviation_dev_MOD, fraud_FRAUD, velocity_1h_vel1h_MOD"
0.04228058936579116,"channel_ch_card, fraud_FRAUD, velocity_1h_vel1h_MOD"
0.04163997437540039,"amt_amt_MED, fraud_FRAUD, velocity_1h_vel1h_MOD"
0.03733870229706232,"fraud_FRAUD, ip_risk_ip_MOD, velocity_1h_vel1h_MOD"
0.03267136450992953,"fraud_FRAUD, geo_dist_geo_MOD, velocity_1h_vel1h_MOD"
0.04365333577377139,"failed_txns_fail_NONE, fraud_FRAUD, velocity_1h_vel1h_MOD"
0.03143589274274732,"fraud_FRAUD, merch_risk_mrisk_MOD, velocity_1h_vel1h_MOD"
0.07504347030291937,"intl_domestic, velocity_1h_vel1h_MOD, velocity_24h_vel24h_LOW"
0.05710625057197767,"device_dev_mobile, velocity_1h_vel1h_MOD, velocity_24h_vel24h_LOW"
0.052667703852841585,"acct_age_acct_OLD, velocity_1h_vel1h_MOD, velocity_24h_vel24h_LOW"
0.051889814221652786,"amt_deviation_dev_MOD, velocity_1h_vel1h_MOD, velocity_24h_vel24h_LOW"
0.04168573258899973,"amt_amt_MED, velocity_1h_vel1h_MOD, velocity_24h_vel24h_LOW"
0.04150269973460236,"channel_ch_card, velocity_1h_vel1h_MOD, velocity_24h_vel24h_LOW"
0.03537109911229066,"ip_risk_ip_MOD, velocity_1h_vel1h_MOD, velocity_24h_vel24h_LOW"
0.03171044202434337,"geo_dist_geo_MOD, velocity_1h_vel1h_MOD, velocity_24h_vel24h_LOW"
0.07179463713736615,"fraud_legit, velocity_1h_vel1h_MOD, velocity_24h_vel24h_LOW"
0.05678594307678228,"failed_txns_fail_NONE, velocity_1h_vel1h_MOD, velocity_24h_vel24h_LOW"
0.031024068820353252,"merch_risk_mrisk_MOD, velocity_1h_vel1h_MOD, velocity_24h_vel24h_LOW"
0.07097098929257802,"intl_domestic, merch_risk_mrisk_LOW, velocity_1h_vel1h_MOD"
0.054635307037613254,"device_dev_mobile, merch_risk_mrisk_LOW, velocity_1h_vel1h_MOD"
0.05106616637686465,"acct_age_acct_OLD, merch_risk_mrisk_LOW, velocity_1h_vel1h_MOD"
0.049967969250480464,"amt_deviation_dev_MOD, merch_risk_mrisk_LOW, velocity_1h_vel1h_MOD"
0.04099935938500961,"amt_amt_MED, merch_risk_mrisk_LOW, velocity_1h_vel1h_MOD"
0.039031756200237945,"channel_ch_card, merch_risk_mrisk_LOW, velocity_1h_vel1h_MOD"
0.0338610780635124,"ip_risk_ip_MOD, merch_risk_mrisk_LOW, velocity_1h_vel1h_MOD"
0.030246179189164456,"geo_dist_geo_MOD, merch_risk_mrisk_LOW, velocity_1h_vel1h_MOD"
0.05719776699917635,"fraud_legit, merch_risk_mrisk_LOW, velocity_1h_vel1h_MOD"
0.05134071565846069,"failed_txns_fail_NONE, merch_risk_mrisk_LOW, velocity_1h_vel1h_MOD"
0.17374393703669808,"fraud_legit, intl_domestic, velocity_1h_vel1h_MOD"
0.12935846984533725,"device_dev_mobile, fraud_legit, velocity_1h_vel1h_MOD"
0.15777432049052806,"failed_txns_fail_NONE, intl_domestic, velocity_1h_vel1h_MOD"
0.13205820444769836,"failed_txns_fail_NONE, fraud_legit, velocity_1h_vel1h_MOD"
0.12112199139745584,"device_dev_mobile, failed_txns_fail_NONE, velocity_1h_vel1h_MOD"
0.08346298160519813,"intl_domestic, kyc_kyc_1, velocity_1h_vel1h_MOD"
0.0651596961654617,"fraud_legit, kyc_kyc_1, velocity_1h_vel1h_MOD"
0.06456483938867026,"device_dev_mobile, kyc_kyc_1, velocity_1h_vel1h_MOD"
0.061224489795918366,"failed_txns_fail_NONE, kyc_kyc_1, velocity_1h_vel1h_MOD"
0.05976022696073945,"amt_deviation_dev_MOD, kyc_kyc_1, velocity_1h_vel1h_MOD"
0.05911961197034868,"acct_age_acct_OLD, kyc_kyc_1, velocity_1h_vel1h_MOD"
0.04676489429852659,"amt_amt_MED, kyc_kyc_1, velocity_1h_vel1h_MOD"
0.039901162258625424,"ip_risk_ip_MOD, kyc_kyc_1, velocity_1h_vel1h_MOD"
0.03495927518989659,"kyc_kyc_1, merch_risk_mrisk_MOD, velocity_1h_vel1h_MOD"
0.04571245538574174,"channel_ch_card, kyc_kyc_1, velocity_1h_vel1h_MOD"
0.03692687837466825,"geo_dist_geo_MOD, kyc_kyc_1, velocity_1h_vel1h_MOD"
0.08437814587718495,"intl_domestic, velocity_1h_vel1h_MOD, velocity_24h_vel24h_MOD"
0.07714834812848906,"fraud_legit, velocity_1h_vel1h_MOD, velocity_24h_vel24h_MOD"
0.06328360940788871,"device_dev_mobile, velocity_1h_vel1h_MOD, velocity_24h_vel24h_MOD"
0.06319209298069003,"failed_txns_fail_NONE, velocity_1h_vel1h_MOD, velocity_24h_vel24h_MOD"
0.05953143589274275,"amt_deviation_dev_MOD, velocity_1h_vel1h_MOD, velocity_24h_vel24h_MOD"
0.058067173057563835,"acct_age_acct_OLD, velocity_1h_vel1h_MOD, velocity_24h_vel24h_MOD"
0.04694792715292395,"amt_amt_MED, velocity_1h_vel1h_MOD, velocity_24h_vel24h_MOD"
0.03971812940422806,"ip_risk_ip_MOD, velocity_1h_vel1h_MOD, velocity_24h_vel24h_MOD"
0.03184771666514139,"kyc_kyc_1, velocity_1h_vel1h_MOD, velocity_24h_vel24h_MOD"
0.04731399286171868,"channel_ch_card, velocity_1h_vel1h_MOD, velocity_24h_vel24h_MOD"
0.034501693053903174,"geo_dist_geo_MOD, velocity_1h_vel1h_MOD, velocity_24h_vel24h_MOD"
0.03514230804429395,"merch_risk_mrisk_MOD, velocity_1h_vel1h_MOD, velocity_24h_vel24h_MOD"
0.06950672645739911,"geo_dist_geo_FAR, intl_domestic, velocity_1h_vel1h_MOD"
0.05458954882401391,"device_dev_mobile, geo_dist_geo_FAR, velocity_1h_vel1h_MOD"
0.05330831884323236,"fraud_legit, geo_dist_geo_FAR, velocity_1h_vel1h_MOD"
0.05005948567767914,"failed_txns_fail_NONE, geo_dist_geo_FAR, velocity_1h_vel1h_MOD"
0.04941887068728837,"acct_age_acct_OLD, geo_dist_geo_FAR, velocity_1h_vel1h_MOD"
0.048457948201702204,"amt_deviation_dev_MOD, geo_dist_geo_FAR, velocity_1h_vel1h_MOD"
0.037933559073853755,"amt_amt_MED, geo_dist_geo_FAR, velocity_1h_vel1h_MOD"
0.033952594490711085,"geo_dist_geo_FAR, ip_risk_ip_MOD, velocity_1h_vel1h_MOD"
0.040221469753820814,"channel_ch_card, geo_dist_geo_FAR, velocity_1h_vel1h_MOD"
0.09316372288825844,"intl_domestic, merch_risk_mrisk_MOD, velocity_1h_vel1h_MOD"
0.07257252676855495,"fraud_legit, merch_risk_mrisk_MOD, velocity_1h_vel1h_MOD"
0.06731033220463073,"failed_txns_fail_NONE, merch_risk_mrisk_MOD, velocity_1h_vel1h_MOD"
0.0647021140294683,"amt_deviation_dev_MOD, merch_risk_mrisk_MOD, velocity_1h_vel1h_MOD"
0.05120344101766267,"amt_amt_MED, merch_risk_mrisk_MOD, velocity_1h_vel1h_MOD"
0.04475153290015558,"ip_risk_ip_MOD, merch_risk_mrisk_MOD, velocity_1h_vel1h_MOD"
0.0722979774869589,"device_dev_mobile, merch_risk_mrisk_MOD, velocity_1h_vel1h_MOD"
0.06708154113663403,"acct_age_acct_OLD, merch_risk_mrisk_MOD, velocity_1h_vel1h_MOD"
0.053171044202434334,"channel_ch_card, merch_risk_mrisk_MOD, velocity_1h_vel1h_MOD"
0.038757206918641894,"geo_dist_geo_MOD, merch_risk_mrisk_MOD, velocity_1h_vel1h_MOD"
0.06264299441749795,"intl_domestic, merch_risk_mrisk_HIGH, velocity_1h_vel1h_MOD"
0.048457948201702204,"device_dev_mobile, merch_risk_mrisk_HIGH, velocity_1h_vel1h_MOD"
0.04479729111375492,"amt_deviation_dev_MOD, merch_risk_mrisk_HIGH, velocity_1h_vel1h_MOD"
0.044110917909764805,"failed_txns_fail_NONE, merch_risk_mrisk_HIGH, velocity_1h_vel1h_MOD"
0.043790610414569414,"acct_age_acct_OLD, merch_risk_mrisk_HIGH, velocity_1h_vel1h_MOD"
0.03683536194746957,"channel_ch_card, merch_risk_mrisk_HIGH, velocity_1h_vel1h_MOD"
0.034501693053903174,"amt_amt_MED, merch_risk_mrisk_HIGH, velocity_1h_vel1h_MOD"
0.030337695616363135,"ip_risk_ip_MOD, merch_risk_mrisk_HIGH, velocity_1h_vel1h_MOD"
0.04562093895854306,"fraud_legit, merch_risk_mrisk_HIGH, velocity_1h_vel1h_MOD"
0.08172416948842318,"intl_domestic, kyc_kyc_3, velocity_1h_vel1h_MOD"
0.03500503340349593,"geo_dist_geo_MOD, kyc_kyc_3, velocity_1h_vel1h_MOD"
0.061041456941521,"fraud_legit, kyc_kyc_3, velocity_1h_vel1h_MOD"
0.057289283426375036,"failed_txns_fail_NONE, kyc_kyc_3, velocity_1h_vel1h_MOD"
0.04589548824013911,"channel_ch_card, kyc_kyc_3, velocity_1h_vel1h_MOD"
0.03994692047222476,"ip_risk_ip_MOD, kyc_kyc_3, velocity_1h_vel1h_MOD"
0.0582502059119612,"acct_age_acct_OLD, kyc_kyc_3, velocity_1h_vel1h_MOD"
0.0566944266495836,"amt_deviation_dev_MOD, kyc_kyc_3, velocity_1h_vel1h_MOD"
0.04520911503614899,"amt_amt_MED, kyc_kyc_3, velocity_1h_vel1h_MOD"
0.06332936762148805,"device_dev_mobile, kyc_kyc_3, velocity_1h_vel1h_MOD"
0.03381531984991306,"kyc_kyc_3, merch_risk_mrisk_MOD, velocity_1h_vel1h_MOD"
0.0810835544980324,"intl_domestic, ip_risk_ip_LOW, velocity_1h_vel1h_MOD"
0.06456483938867026,"fraud_legit, ip_risk_ip_LOW, velocity_1h_vel1h_MOD"
0.06278026905829596,"device_dev_mobile, ip_risk_ip_LOW, velocity_1h_vel1h_MOD"
0.05792989841676581,"failed_txns_fail_NONE, ip_risk_ip_LOW, velocity_1h_vel1h_MOD"
0.057701107348769105,"acct_age_acct_OLD, ip_risk_ip_LOW, velocity_1h_vel1h_MOD"
0.05706049235837833,"amt_deviation_dev_MOD, ip_risk_ip_LOW, velocity_1h_vel1h_MOD"
0.044522741832158874,"amt_amt_MED, ip_risk_ip_LOW, velocity_1h_vel1h_MOD"
0.04708520179372197,"channel_ch_card, ip_risk_ip_LOW, velocity_1h_vel1h_MOD"
0.034089869131509104,"ip_risk_ip_LOW, merch_risk_mrisk_MOD, velocity_1h_vel1h_MOD"
0.030841035965955887,"ip_risk_ip_LOW, kyc_kyc_1, velocity_1h_vel1h_MOD"
0.03349501235471767,"geo_dist_geo_MOD, ip_risk_ip_LOW, velocity_1h_vel1h_MOD"
0.031298618101949296,"ip_risk_ip_LOW, velocity_1h_vel1h_MOD, velocity_24h_vel24h_MOD"
0.18326164546536103,"credit_band_credit_3, intl_domestic"
0.1447789878283152,"credit_band_credit_3, device_dev_mobile"
0.1305481833989201,"acct_age_acct_OLD, credit_band_credit_3"
0.1270705591653702,"amt_deviation_dev_MOD, credit_band_credit_3"
0.10304749702571611,"channel_ch_card, credit_band_credit_3"
0.0995698727921662,"amt_amt_MED, credit_band_credit_3"
0.08629999084835728,"credit_band_credit_3, ip_risk_ip_MOD"
0.07655349135169763,"credit_band_credit_3, geo_dist_geo_MOD"
0.06680699185503798,"credit_band_credit_3, kyc_kyc_2"
0.06497666331106433,"credit_band_credit_3, fraud_FRAUD"
0.06072114944632562,"credit_band_credit_3, velocity_24h_vel24h_LOW"
0.057746865562368445,"credit_band_credit_3, velocity_1h_vel1h_MOD"
0.05641987736798755,"credit_band_credit_3, merch_risk_mrisk_LOW"
0.13841859613800678,"credit_band_credit_3, fraud_legit"
0.13150910588450626,"credit_band_credit_3, failed_txns_fail_NONE"
0.07527226137091608,"credit_band_credit_3, merch_risk_mrisk_MOD"
0.07087947286537934,"credit_band_credit_3, kyc_kyc_1"
0.06918641896220372,"credit_band_credit_3, ip_risk_ip_LOW"
0.06639516793264391,"credit_band_credit_3, velocity_1h_vel1h_ZERO"
0.05431499954241786,"credit_band_credit_3, geo_dist_geo_NEAR"
0.049235837832891004,"credit_band_credit_3, device_dev_desktop"
0.07293859247734968,"credit_band_credit_3, velocity_1h_vel1h_LOW"
0.06570879472865379,"credit_band_credit_3, velocity_24h_vel24h_MOD"
0.0490070467648943,"channel_ch_upi, credit_band_credit_3"
0.06113297336871969,"credit_band_credit_3, geo_dist_geo_FAR"
0.06570879472865379,"credit_band_credit_3, kyc_kyc_3"
0.05600805344559348,"credit_band_credit_3, failed_txns_fail_LOW"
0.048412189988102865,"amt_amt_HIGH, credit_band_credit_3"
0.058158689484762514,"credit_band_credit_3, merch_risk_mrisk_HIGH"
0.04617003752173515,"amt_amt_LOW, credit_band_credit_3"
0.1307769744669168,"credit_band_credit_3, device_dev_mobile, intl_domestic"
0.11759860895030658,"acct_age_acct_OLD, credit_band_credit_3, intl_domestic"
0.09302644824746042,"acct_age_acct_OLD, credit_band_credit_3, device_dev_mobile"
0.08904548366431775,"acct_age_acct_OLD, credit_band_credit_3, fraud_legit"
0.0848814862267777,"acct_age_acct_OLD, credit_band_credit_3, failed_txns_fail_NONE"
0.11393795186235929,"amt_deviation_dev_MOD, credit_band_credit_3, intl_domestic"
0.09060126292669535,"amt_deviation_dev_MOD, credit_band_credit_3, device_dev_mobile"
0.080763247002837,"acct_age_acct_OLD, amt_deviation_dev_MOD, credit_band_credit_3"
0.08790152832433422,"amt_deviation_dev_MOD, credit_band_credit_3, fraud_legit"
0.0828681248284067,"amt_deviation_dev_MOD, credit_band_credit_3, failed_txns_fail_NONE"
0.09320948110185778,"channel_ch_card, credit_band_credit_3, intl_domestic"
0.07216070284616088,"channel_ch_card, credit_band_credit_3, device_dev_mobile"
0.06639516793264391,"acct_age_acct_OLD, channel_ch_card, credit_band_credit_3"
0.06406149903907751,"amt_deviation_dev_MOD, channel_ch_card, credit_band_credit_3"
0.06946096824379976,"channel_ch_card, credit_band_credit_3, fraud_legit"
0.06731033220463073,"channel_ch_card, credit_band_credit_3, failed_txns_fail_NONE"
0.0995698727921662,"amt_amt_MED, amt_deviation_dev_MOD, credit_band_credit_3"
0.08927427473231445,"amt_amt_MED, credit_band_credit_3, intl_domestic"
0.07124553857417407,"amt_amt_MED, credit_band_credit_3, device_dev_mobile"
0.06419877367987553,"acct_age_acct_OLD, amt_amt_MED, credit_band_credit_3"
0.05010524389127848,"amt_amt_MED, channel_ch_card, credit_band_credit_3"
0.06882035325340899,"amt_amt_MED, credit_band_credit_3, fraud_legit"
0.06474787224306763,"amt_amt_MED, credit_band_credit_3, failed_txns_fail_NONE"
0.07760593026448248,"credit_band_credit_3, intl_domestic, ip_risk_ip_MOD"
0.061224489795918366,"credit_band_credit_3, device_dev_mobile, ip_risk_ip_MOD"
0.05481833989201062,"acct_age_acct_OLD, credit_band_credit_3, ip_risk_ip_MOD"
0.05330831884323236,"amt_deviation_dev_MOD, credit_band_credit_3, ip_risk_ip_MOD"
0.04305847899697996,"channel_ch_card, credit_band_credit_3, ip_risk_ip_MOD"
0.04228058936579116,"amt_amt_MED, credit_band_credit_3, ip_risk_ip_MOD"
0.057701107348769105,"credit_band_credit_3, fraud_legit, ip_risk_ip_MOD"
0.05564198773679876,"credit_band_credit_3, failed_txns_fail_NONE, ip_risk_ip_MOD"
0.06886611146700833,"credit_band_credit_3, geo_dist_geo_MOD, intl_domestic"
0.054635307037613254,"credit_band_credit_3, device_dev_mobile, geo_dist_geo_MOD"
0.04854946462890089,"amt_deviation_dev_MOD, credit_band_credit_3, geo_dist_geo_MOD"
0.048366431774503525,"acct_age_acct_OLD, credit_band_credit_3, geo_dist_geo_MOD"
0.038711448705042555,"channel_ch_card, credit_band_credit_3, geo_dist_geo_MOD"
0.03770476800585705,"amt_amt_MED, credit_band_credit_3, geo_dist_geo_MOD"
0.032808639150727556,"credit_band_credit_3, geo_dist_geo_MOD, ip_risk_ip_MOD"
0.0515695067264574,"credit_band_credit_3, fraud_legit, geo_dist_geo_MOD"
0.049601903541685734,"credit_band_credit_3, failed_txns_fail_NONE, geo_dist_geo_MOD"
0.05989750160153748,"credit_band_credit_3, intl_domestic, kyc_kyc_2"
0.04617003752173515,"credit_band_credit_3, device_dev_mobile, kyc_kyc_2"
0.042234831152191815,"amt_deviation_dev_MOD, credit_band_credit_3, kyc_kyc_2"
0.04159421616180104,"acct_age_acct_OLD, credit_band_credit_3, kyc_kyc_2"
0.03495927518989659,"channel_ch_card, credit_band_credit_3, kyc_kyc_2"
0.032808639150727556,"amt_amt_MED, credit_band_credit_3, kyc_kyc_2"
0.04507184039535096,"credit_band_credit_3, fraud_legit, kyc_kyc_2"
0.04397364326896678,"credit_band_credit_3, failed_txns_fail_NONE, kyc_kyc_2"
0.054269241328818524,"credit_band_credit_3, fraud_FRAUD, intl_domestic"
0.046490345016930536,"credit_band_credit_3, device_dev_mobile, fraud_FRAUD"
0.04150269973460236,"acct_age_acct_OLD, credit_band_credit_3, fraud_FRAUD"
0.039169030841035964,"amt_deviation_dev_MOD, credit_band_credit_3, fraud_FRAUD"
0.033586528781916355,"channel_ch_card, credit_band_credit_3, fraud_FRAUD"
0.03074951953875721,"amt_amt_MED, credit_band_credit_3, fraud_FRAUD"
0.033678045209115035,"credit_band_credit_3, failed_txns_fail_NONE, fraud_FRAUD"
0.056602910222384915,"credit_band_credit_3, intl_domestic, velocity_24h_vel24h_LOW"
0.042509380433787866,"credit_band_credit_3, device_dev_mobile, velocity_24h_vel24h_LOW"
0.038619932277843876,"acct_age_acct_OLD, credit_band_credit_3, velocity_24h_vel24h_LOW"
0.03738446051066167,"amt_deviation_dev_MOD, credit_band_credit_3, velocity_24h_vel24h_LOW"
0.031207101674750617,"channel_ch_card, credit_band_credit_3, velocity_24h_vel24h_LOW"
0.05321680241603368,"credit_band_credit_3, fraud_legit, velocity_24h_vel24h_LOW"
0.04173149080259907,"credit_band_credit_3, failed_txns_fail_NONE, velocity_24h_vel24h_LOW"
0.05198133064885147,"credit_band_credit_3, intl_domestic, velocity_1h_vel1h_MOD"
0.04099935938500961,"credit_band_credit_3, device_dev_mobile, velocity_1h_vel1h_MOD"
0.03633202159787682,"acct_age_acct_OLD, credit_band_credit_3, velocity_1h_vel1h_MOD"
0.03587443946188341,"amt_deviation_dev_MOD, credit_band_credit_3, velocity_1h_vel1h_MOD"
0.030291937402763796,"channel_ch_card, credit_band_credit_3, velocity_1h_vel1h_MOD"
0.039443580122632015,"credit_band_credit_3, fraud_legit, velocity_1h_vel1h_MOD"
0.03779628443305574,"credit_band_credit_3, failed_txns_fail_NONE, velocity_1h_vel1h_MOD"
0.051477990299258716,"credit_band_credit_3, intl_domestic, merch_risk_mrisk_LOW"
0.04031298618101949,"credit_band_credit_3, device_dev_mobile, merch_risk_mrisk_LOW"
0.03614898874347945,"acct_age_acct_OLD, credit_band_credit_3, merch_risk_mrisk_LOW"
0.03491351697629724,"amt_deviation_dev_MOD, credit_band_credit_3, merch_risk_mrisk_LOW"
0.040267227967420154,"credit_band_credit_3, fraud_legit, merch_risk_mrisk_LOW"
0.03665232909307221,"credit_band_credit_3, failed_txns_fail_NONE, merch_risk_mrisk_LOW"
0.1289924041365425,"credit_band_credit_3, fraud_legit, intl_domestic"
0.09828864281138465,"credit_band_credit_3, device_dev_mobile, fraud_legit"
0.11933742106708155,"credit_band_credit_3, failed_txns_fail_NONE, intl_domestic"
0.09783106067539123,"credit_band_credit_3, failed_txns_fail_NONE, fraud_legit"
0.09316372288825844,"credit_band_credit_3, device_dev_mobile, failed_txns_fail_NONE"
0.06744760684542875,"credit_band_credit_3, intl_domestic, merch_risk_mrisk_MOD"
0.05179829779445411,"credit_band_credit_3, fraud_legit, merch_risk_mrisk_MOD"
0.05047130960007321,"credit_band_credit_3, failed_txns_fail_NONE, merch_risk_mrisk_MOD"
0.04790884963851011,"acct_age_acct_OLD, credit_band_credit_3, merch_risk_mrisk_MOD"
0.04594124645373845,"amt_deviation_dev_MOD, credit_band_credit_3, merch_risk_mrisk_MOD"
0.03555413196668802,"amt_amt_MED, credit_band_credit_3, merch_risk_mrisk_MOD"
0.053399835270431045,"credit_band_credit_3, device_dev_mobile, merch_risk_mrisk_MOD"
0.03193923309234008,"credit_band_credit_3, ip_risk_ip_MOD, merch_risk_mrisk_MOD"
0.03880296513224124,"channel_ch_card, credit_band_credit_3, merch_risk_mrisk_MOD"
0.06291754369909398,"credit_band_credit_3, intl_domestic, kyc_kyc_1"
0.04891553033769561,"credit_band_credit_3, fraud_legit, kyc_kyc_1"
0.04694792715292395,"acct_age_acct_OLD, credit_band_credit_3, kyc_kyc_1"
0.04626155394893383,"credit_band_credit_3, failed_txns_fail_NONE, kyc_kyc_1"
0.04507184039535096,"amt_deviation_dev_MOD, credit_band_credit_3, kyc_kyc_1"
0.035188066257893294,"amt_amt_MED, credit_band_credit_3, kyc_kyc_1"
0.05202708886245081,"credit_band_credit_3, device_dev_mobile, kyc_kyc_1"
0.035233824471492634,"channel_ch_card, credit_band_credit_3, kyc_kyc_1"
0.06264299441749795,"credit_band_credit_3, intl_domestic, ip_risk_ip_LOW"
0.04964766175528507,"credit_band_credit_3, fraud_legit, ip_risk_ip_LOW"
0.04520911503614899,"credit_band_credit_3, failed_txns_fail_NONE, ip_risk_ip_LOW"
0.043744852200970075,"acct_age_acct_OLD, credit_band_credit_3, ip_risk_ip_LOW"
0.04365333577377139,"amt_deviation_dev_MOD, credit_band_credit_3, ip_risk_ip_LOW"
0.0338610780635124,"amt_amt_MED, credit_band_credit_3, ip_risk_ip_LOW"
0.04983069460968244,"credit_band_credit_3, device_dev_mobile, ip_risk_ip_LOW"
0.03578292303468473,"channel_ch_card, credit_band_credit_3, ip_risk_ip_LOW"
0.05976022696073945,"credit_band_credit_3, intl_domestic, velocity_1h_vel1h_ZERO"
0.04557518074494372,"credit_band_credit_3, fraud_legit, velocity_1h_vel1h_ZERO"
0.04319575363777798,"credit_band_credit_3, failed_txns_fail_NONE, velocity_1h_vel1h_ZERO"
0.04314999542417864,"acct_age_acct_OLD, credit_band_credit_3, velocity_1h_vel1h_ZERO"
0.04095360117141027,"amt_deviation_dev_MOD, credit_band_credit_3, velocity_1h_vel1h_ZERO"
0.03299167200512492,"amt_amt_MED, credit_band_credit_3, velocity_1h_vel1h_ZERO"
0.046856410725725266,"credit_band_credit_3, device_dev_mobile, velocity_1h_vel1h_ZERO"
0.03262560629633019,"channel_ch_card, credit_band_credit_3, velocity_1h_vel1h_ZERO"
0.049190079619291664,"credit_band_credit_3, geo_dist_geo_NEAR, intl_domestic"
0.03646929623867484,"credit_band_credit_3, fraud_legit, geo_dist_geo_NEAR"
0.03582868124828407,"credit_band_credit_3, failed_txns_fail_NONE, geo_dist_geo_NEAR"
0.0346389676947012,"acct_age_acct_OLD, credit_band_credit_3, geo_dist_geo_NEAR"
0.034501693053903174,"amt_deviation_dev_MOD, credit_band_credit_3, geo_dist_geo_NEAR"
0.03880296513224124,"credit_band_credit_3, device_dev_mobile, geo_dist_geo_NEAR"
0.044202434336963484,"credit_band_credit_3, device_dev_desktop, intl_domestic"
0.033540770568317016,"credit_band_credit_3, device_dev_desktop, fraud_legit"
0.03171044202434337,"credit_band_credit_3, device_dev_desktop, failed_txns_fail_NONE"
0.031024068820353252,"acct_age_acct_OLD, credit_band_credit_3, device_dev_desktop"
0.030566486684359843,"amt_deviation_dev_MOD, credit_band_credit_3, device_dev_desktop"
0.06570879472865379,"credit_band_credit_3, intl_domestic, velocity_1h_vel1h_LOW"
0.05248467099844422,"credit_band_credit_3, device_dev_mobile, velocity_1h_vel1h_LOW"
0.05005948567767914,"credit_band_credit_3, fraud_legit, velocity_1h_vel1h_LOW"
0.04703944358012263,"acct_age_acct_OLD, credit_band_credit_3, velocity_1h_vel1h_LOW"
0.046078521094536466,"amt_deviation_dev_MOD, credit_band_credit_3, velocity_1h_vel1h_LOW"
0.046078521094536466,"credit_band_credit_3, failed_txns_fail_NONE, velocity_1h_vel1h_LOW"
0.03532534089869131,"amt_amt_MED, credit_band_credit_3, velocity_1h_vel1h_LOW"
0.03701839480186694,"channel_ch_card, credit_band_credit_3, velocity_1h_vel1h_LOW"
0.031069827033952595,"credit_band_credit_3, ip_risk_ip_MOD, velocity_1h_vel1h_LOW"
0.05985174338793813,"credit_band_credit_3, intl_domestic, velocity_24h_vel24h_MOD"
0.05458954882401391,"credit_band_credit_3, fraud_legit, velocity_24h_vel24h_MOD"
0.047176718220920656,"credit_band_credit_3, device_dev_mobile, velocity_24h_vel24h_MOD"
0.04424819255056282,"credit_band_credit_3, failed_txns_fail_NONE, velocity_24h_vel24h_MOD"
0.042875446142582596,"acct_age_acct_OLD, credit_band_credit_3, velocity_24h_vel24h_MOD"
0.041823007229797746,"amt_deviation_dev_MOD, credit_band_credit_3, velocity_24h_vel24h_MOD"
0.03271712272352887,"amt_amt_MED, credit_band_credit_3, velocity_24h_vel24h_MOD"
0.03303743021872426,"channel_ch_card, credit_band_credit_3, velocity_24h_vel24h_MOD"
0.044065159696165465,"channel_ch_upi, credit_band_credit_3, intl_domestic"
0.03500503340349593,"channel_ch_upi, credit_band_credit_3, device_dev_mobile"
0.03381531984991306,"channel_ch_upi, credit_band_credit_3, fraud_legit"
0.031664683810744026,"amt_deviation_dev_MOD, channel_ch_upi, credit_band_credit_3"
0.03152740916994601,"acct_age_acct_OLD, channel_ch_upi, credit_band_credit_3"
0.030612244897959183,"channel_ch_upi, credit_band_credit_3, failed_txns_fail_NONE"
0.05500137274640798,"credit_band_credit_3, geo_dist_geo_FAR, intl_domestic"
0.04200604008419511,"credit_band_credit_3, fraud_legit, geo_dist_geo_FAR"
0.037933559073853755,"credit_band_credit_3, failed_txns_fail_NONE, geo_dist_geo_FAR"
0.03724718586986364,"amt_deviation_dev_MOD, credit_band_credit_3, geo_dist_geo_FAR"
0.04012995332662213,"acct_age_acct_OLD, credit_band_credit_3, geo_dist_geo_FAR"
0.0305207284707605,"channel_ch_card, credit_band_credit_3, geo_dist_geo_FAR"
0.043424544705774684,"credit_band_credit_3, device_dev_mobile, geo_dist_geo_FAR"
0.060446600164729566,"credit_band_credit_3, intl_domestic, kyc_kyc_3"
0.04443122540496019,"credit_band_credit_3, fraud_legit, kyc_kyc_3"
0.04658186144412922,"credit_band_credit_3, device_dev_mobile, kyc_kyc_3"
0.04200604008419511,"acct_age_acct_OLD, credit_band_credit_3, kyc_kyc_3"
0.04127390866660566,"credit_band_credit_3, failed_txns_fail_NONE, kyc_kyc_3"
0.032854397364326896,"channel_ch_card, credit_band_credit_3, kyc_kyc_3"
0.0397638876178274,"amt_deviation_dev_MOD, credit_band_credit_3, kyc_kyc_3"
0.03157316738354535,"amt_amt_MED, credit_band_credit_3, kyc_kyc_3"
0.04992221103688112,"credit_band_credit_3, failed_txns_fail_LOW, intl_domestic"
0.03431866019950581,"credit_band_credit_3, failed_txns_fail_LOW, fraud_legit"
0.035599890180287364,"acct_age_acct_OLD, credit_band_credit_3, failed_txns_fail_LOW"
0.03962661297702938,"credit_band_credit_3, device_dev_mobile, failed_txns_fail_LOW"
0.034410176626704495,"amt_deviation_dev_MOD, credit_band_credit_3, failed_txns_fail_LOW"
0.04433970897776151,"amt_amt_HIGH, credit_band_credit_3, intl_domestic"
0.033678045209115035,"amt_amt_HIGH, credit_band_credit_3, fraud_legit"
0.031161343461151278,"acct_age_acct_OLD, amt_amt_HIGH, credit_band_credit_3"
0.03161892559714469,"amt_amt_HIGH, credit_band_credit_3, failed_txns_fail_NONE"
0.03427290198590647,"amt_amt_HIGH, credit_band_credit_3, device_dev_mobile"
0.052301638144046855,"credit_band_credit_3, intl_domestic, merch_risk_mrisk_HIGH"
0.038208108355449806,"credit_band_credit_3, fraud_legit, merch_risk_mrisk_HIGH"
0.03724718586986364,"acct_age_acct_OLD, credit_band_credit_3, merch_risk_mrisk_HIGH"
0.04145694152100302,"credit_band_credit_3, device_dev_mobile, merch_risk_mrisk_HIGH"
0.03706415301546628,"amt_deviation_dev_MOD, credit_band_credit_3, merch_risk_mrisk_HIGH"
0.0361947469570788,"credit_band_credit_3, failed_txns_fail_NONE, merch_risk_mrisk_HIGH"
0.04122815045300632,"amt_amt_LOW, credit_band_credit_3, intl_domestic"
0.032808639150727556,"amt_amt_LOW, credit_band_credit_3, device_dev_mobile"
0.6364509929532352,"fraud_legit, intl_domestic"
0.4789512217443031,"device_dev_mobile, fraud_legit"
0.44380891370000913,"device_dev_mobile, fraud_legit, intl_domestic"
0.5795735334492541,"failed_txns_fail_NONE, intl_domestic"
0.4816967145602636,"failed_txns_fail_NONE, fraud_legit"
0.4477898782831518,"device_dev_mobile, failed_txns_fail_NONE"
0.4155760959092157,"acct_age_acct_OLD, failed_txns_fail_NONE"
0.4461883408071749,"failed_txns_fail_NONE, fraud_legit, intl_domestic"
0.40427381715017846,"device_dev_mobile, failed_txns_fail_NONE, intl_domestic"
0.33572801317836554,"device_dev_mobile, failed_txns_fail_NONE, fraud_legit"
0.3764985814953784,"acct_age_acct_OLD, failed_txns_fail_NONE, intl_domestic"
0.3121625331747049,"acct_age_acct_OLD, failed_txns_fail_NONE, fraud_legit"
0.2914798206278027,"acct_age_acct_OLD, device_dev_mobile, failed_txns_fail_NONE"
0.3014093529788597,"intl_domestic, kyc_kyc_1"
0.23817150178457033,"device_dev_mobile, kyc_kyc_1"
0.23496842683261646,"fraud_legit, kyc_kyc_1"
0.2172142399560721,"acct_age_acct_OLD, kyc_kyc_1"
0.21561270248009518,"failed_txns_fail_NONE, kyc_kyc_1"
0.21382813214972088,"amt_deviation_dev_MOD, kyc_kyc_1"
0.16884780818156858,"amt_amt_MED, kyc_kyc_1"
0.14020316646838107,"ip_risk_ip_MOD, kyc_kyc_1"
0.12327262743662487,"kyc_kyc_1, merch_risk_mrisk_MOD"
0.13041090875812208,"geo_dist_geo_MOD, kyc_kyc_1"
0.11947469570787957,"kyc_kyc_1, velocity_1h_vel1h_LOW"
0.16898508282236663,"channel_ch_card, kyc_kyc_1"
0.21208932003294592,"device_dev_mobile, intl_domestic, kyc_kyc_1"
0.2170769653152741,"fraud_legit, intl_domestic, kyc_kyc_1"
0.16614807357920747,"device_dev_mobile, fraud_legit, kyc_kyc_1"
0.1939233092340075,"acct_age_acct_OLD, intl_domestic, kyc_kyc_1"
0.1547085201793722,"acct_age_acct_OLD, device_dev_mobile, kyc_kyc_1"
0.15123089594582229,"acct_age_acct_OLD, fraud_legit, kyc_kyc_1"
0.19319117781641804,"failed_txns_fail_NONE, intl_domestic, kyc_kyc_1"
0.16459229431682987,"failed_txns_fail_NONE, fraud_legit, kyc_kyc_1"
0.15246636771300448,"device_dev_mobile, failed_txns_fail_NONE, kyc_kyc_1"
0.13873890363320215,"acct_age_acct_OLD, failed_txns_fail_NONE, kyc_kyc_1"
0.19122357463164638,"amt_deviation_dev_MOD, intl_domestic, kyc_kyc_1"
0.15287819163539856,"amt_deviation_dev_MOD, fraud_legit, kyc_kyc_1"
0.15210030200420976,"amt_deviation_dev_MOD, device_dev_mobile, kyc_kyc_1"
0.137777981147616,"amt_deviation_dev_MOD, failed_txns_fail_NONE, kyc_kyc_1"
0.13759494829321864,"acct_age_acct_OLD, amt_deviation_dev_MOD, kyc_kyc_1"
0.16880204996796924,"amt_amt_MED, amt_deviation_dev_MOD, kyc_kyc_1"
0.15168847808181568,"amt_amt_MED, intl_domestic, kyc_kyc_1"
0.12171684817424727,"amt_amt_MED, fraud_legit, kyc_kyc_1"
0.12020682712546903,"amt_amt_MED, device_dev_mobile, kyc_kyc_1"
0.10995698727921661,"acct_age_acct_OLD, amt_amt_MED, kyc_kyc_1"
0.10876727372563375,"amt_amt_MED, failed_txns_fail_NONE, kyc_kyc_1"
0.0838748055275922,"amt_amt_MED, channel_ch_card, kyc_kyc_1"
0.12501143955339983,"intl_domestic, ip_risk_ip_MOD, kyc_kyc_1"
0.09856319209298069,"device_dev_mobile, ip_risk_ip_MOD, kyc_kyc_1"
0.09677862176260639,"fraud_legit, ip_risk_ip_MOD, kyc_kyc_1"
0.09041823007229798,"acct_age_acct_OLD, ip_risk_ip_MOD, kyc_kyc_1"
0.0903267136450993,"amt_deviation_dev_MOD, ip_risk_ip_MOD, kyc_kyc_1"
0.08927427473231445,"failed_txns_fail_NONE, ip_risk_ip_MOD, kyc_kyc_1"
0.07170312071016748,"amt_amt_MED, ip_risk_ip_MOD, kyc_kyc_1"
0.06978127573899515,"channel_ch_card, ip_risk_ip_MOD, kyc_kyc_1"
0.11091790976480279,"intl_domestic, kyc_kyc_1, merch_risk_mrisk_MOD"
0.08680333119795003,"fraud_legit, kyc_kyc_1, merch_risk_mrisk_MOD"
0.08048869772124097,"acct_age_acct_OLD, kyc_kyc_1, merch_risk_mrisk_MOD"
0.07884140203166469,"failed_txns_fail_NONE, kyc_kyc_1, merch_risk_mrisk_MOD"
0.07760593026448248,"amt_deviation_dev_MOD, kyc_kyc_1, merch_risk_mrisk_MOD"
0.06053811659192825,"amt_amt_MED, kyc_kyc_1, merch_risk_mrisk_MOD"
0.08730667154754278,"device_dev_mobile, kyc_kyc_1, merch_risk_mrisk_MOD"
0.04951038711448705,"geo_dist_geo_MOD, kyc_kyc_1, merch_risk_mrisk_MOD"
0.052576187425642906,"ip_risk_ip_MOD, kyc_kyc_1, merch_risk_mrisk_MOD"
0.062368445135901895,"channel_ch_card, kyc_kyc_1, merch_risk_mrisk_MOD"
0.11782740001830329,"geo_dist_geo_MOD, intl_domestic, kyc_kyc_1"
0.0923400750434703,"device_dev_mobile, geo_dist_geo_MOD, kyc_kyc_1"
0.08991488972270523,"fraud_legit, geo_dist_geo_MOD, kyc_kyc_1"
0.08433238766358561,"amt_deviation_dev_MOD, geo_dist_geo_MOD, kyc_kyc_1"
0.08410359659558891,"acct_age_acct_OLD, geo_dist_geo_MOD, kyc_kyc_1"
0.08314267411000274,"failed_txns_fail_NONE, geo_dist_geo_MOD, kyc_kyc_1"
0.06625789329184589,"amt_amt_MED, geo_dist_geo_MOD, kyc_kyc_1"
0.06534272901985906,"channel_ch_card, geo_dist_geo_MOD, kyc_kyc_1"
0.05532168024160337,"geo_dist_geo_MOD, ip_risk_ip_MOD, kyc_kyc_1"
0.10753180195845154,"intl_domestic, kyc_kyc_1, velocity_1h_vel1h_LOW"
0.084652695158781,"fraud_legit, kyc_kyc_1, velocity_1h_vel1h_LOW"
0.08410359659558891,"device_dev_mobile, kyc_kyc_1, velocity_1h_vel1h_LOW"
0.0795277752356548,"acct_age_acct_OLD, kyc_kyc_1, velocity_1h_vel1h_LOW"
0.07531801958451542,"amt_deviation_dev_MOD, kyc_kyc_1, velocity_1h_vel1h_LOW"
0.07486043744852201,"failed_txns_fail_NONE, kyc_kyc_1, velocity_1h_vel1h_LOW"
0.059668710533540774,"amt_amt_MED, kyc_kyc_1, velocity_1h_vel1h_LOW"
0.044065159696165465,"kyc_kyc_1, merch_risk_mrisk_MOD, velocity_1h_vel1h_LOW"
0.04365333577377139,"geo_dist_geo_MOD, kyc_kyc_1, velocity_1h_vel1h_LOW"
0.058936579115951314,"channel_ch_card, kyc_kyc_1, velocity_1h_vel1h_LOW"
0.05028827674567585,"ip_risk_ip_MOD, kyc_kyc_1, velocity_1h_vel1h_LOW"
0.14999542417864006,"channel_ch_card, intl_domestic, kyc_kyc_1"
0.12043561819346572,"channel_ch_card, device_dev_mobile, kyc_kyc_1"
0.11613434611512767,"channel_ch_card, fraud_legit, kyc_kyc_1"
0.10798938409444496,"acct_age_acct_OLD, channel_ch_card, kyc_kyc_1"
0.1079436258808456,"channel_ch_card, failed_txns_fail_NONE, kyc_kyc_1"
0.10684542875446143,"amt_deviation_dev_MOD, channel_ch_card, kyc_kyc_1"
0.3032854397364327,"intl_domestic, velocity_24h_vel24h_MOD"
0.27683719227601356,"fraud_legit, velocity_24h_vel24h_MOD"
0.23158231902626522,"device_dev_mobile, velocity_24h_vel24h_MOD"
0.22581678411274825,"failed_txns_fail_NONE, velocity_24h_vel24h_MOD"
0.21469753820810836,"acct_age_acct_OLD, velocity_24h_vel24h_MOD"
0.21236386931454196,"amt_deviation_dev_MOD, velocity_24h_vel24h_MOD"
0.1668344467831976,"amt_amt_MED, velocity_24h_vel24h_MOD"
0.13965406790518897,"ip_risk_ip_MOD, velocity_24h_vel24h_MOD"
0.11407522650315732,"kyc_kyc_1, velocity_24h_vel24h_MOD"
0.1252859888349959,"merch_risk_mrisk_MOD, velocity_24h_vel24h_MOD"
0.1228608035142308,"geo_dist_geo_MOD, velocity_24h_vel24h_MOD"
0.11933742106708155,"velocity_1h_vel1h_LOW, velocity_24h_vel24h_MOD"
0.11407522650315732,"ip_risk_ip_LOW, velocity_24h_vel24h_MOD"
0.1664226228608035,"channel_ch_card, velocity_24h_vel24h_MOD"
0.2571611604282969,"fraud_legit, intl_domestic, velocity_24h_vel24h_MOD"
0.2108538482657637,"device_dev_mobile, intl_domestic, velocity_24h_vel24h_MOD"
0.19223025533083188,"device_dev_mobile, fraud_legit, velocity_24h_vel24h_MOD"
0.20760501510021048,"failed_txns_fail_NONE, intl_domestic, velocity_24h_vel24h_MOD"
0.19451816601079894,"failed_txns_fail_NONE, fraud_legit, velocity_24h_vel24h_MOD"
0.1570421890729386,"device_dev_mobile, failed_txns_fail_NONE, velocity_24h_vel24h_MOD"
0.1962569781275739,"acct_age_acct_OLD, intl_domestic, velocity_24h_vel24h_MOD"
0.1786858241054269,"acct_age_acct_OLD, fraud_legit, velocity_24h_vel24h_MOD"
0.14972087489704403,"acct_age_acct_OLD, device_dev_mobile, velocity_24h_vel24h_MOD"
0.145694152100302,"acct_age_acct_OLD, failed_txns_fail_NONE, velocity_24h_vel24h_MOD"
0.19378603459320948,"amt_deviation_dev_MOD, intl_domestic, velocity_24h_vel24h_MOD"
0.17873158231902628,"amt_deviation_dev_MOD, fraud_legit, velocity_24h_vel24h_MOD"
0.14766175528507366,"amt_deviation_dev_MOD, device_dev_mobile, velocity_24h_vel24h_MOD"
0.14642628351789147,"amt_deviation_dev_MOD, failed_txns_fail_NONE, velocity_24h_vel24h_MOD"
0.13786949757481468,"acct_age_acct_OLD, amt_deviation_dev_MOD, velocity_24h_vel24h_MOD"
0.16678868856959825,"amt_amt_MED, amt_deviation_dev_MOD, velocity_24h_vel24h_MOD"
0.15205454379061042,"amt_amt_MED, intl_domestic, velocity_24h_vel24h_MOD"
0.1398828589731857,"amt_amt_MED, fraud_legit, velocity_24h_vel24h_MOD"
0.11526494005674018,"amt_amt_MED, failed_txns_fail_NONE, velocity_24h_vel24h_MOD"
0.11526494005674018,"amt_amt_MED, device_dev_mobile, velocity_24h_vel24h_MOD"
0.10853848265763705,"acct_age_acct_OLD, amt_amt_MED, velocity_24h_vel24h_MOD"
0.1268417680973735,"intl_domestic, ip_risk_ip_MOD, velocity_24h_vel24h_MOD"
0.11526494005674018,"fraud_legit, ip_risk_ip_MOD, velocity_24h_vel24h_MOD"
0.09778530246179189,"device_dev_mobile, ip_risk_ip_MOD, velocity_24h_vel24h_MOD"
0.09481101857783472,"failed_txns_fail_NONE, ip_risk_ip_MOD, velocity_24h_vel24h_MOD"
0.09119611970348677,"acct_age_acct_OLD, ip_risk_ip_MOD, velocity_24h_vel24h_MOD"
0.08835911046032763,"amt_deviation_dev_MOD, ip_risk_ip_MOD, velocity_24h_vel24h_MOD"
0.06950672645739911,"amt_amt_MED, ip_risk_ip_MOD, velocity_24h_vel24h_MOD"
0.06978127573899515,"channel_ch_card, ip_risk_ip_MOD, velocity_24h_vel24h_MOD"
0.10368811201610689,"intl_domestic, kyc_kyc_1, velocity_24h_vel24h_MOD"
0.09499405143223208,"fraud_legit, kyc_kyc_1, velocity_24h_vel24h_MOD"
0.0800768737988469,"device_dev_mobile, kyc_kyc_1, velocity_24h_vel24h_MOD"
0.07655349135169763,"failed_txns_fail_NONE, kyc_kyc_1, velocity_24h_vel24h_MOD"
0.07325889997254507,"amt_deviation_dev_MOD, kyc_kyc_1, velocity_24h_vel24h_MOD"
0.07312162533174704,"acct_age_acct_OLD, kyc_kyc_1, velocity_24h_vel24h_MOD"
0.057838381989567124,"amt_amt_MED, kyc_kyc_1, velocity_24h_vel24h_MOD"
0.04676489429852659,"ip_risk_ip_MOD, kyc_kyc_1, velocity_24h_vel24h_MOD"
0.04228058936579116,"geo_dist_geo_MOD, kyc_kyc_1, velocity_24h_vel24h_MOD"
0.04200604008419511,"kyc_kyc_1, merch_risk_mrisk_MOD, velocity_24h_vel24h_MOD"
0.04012995332662213,"kyc_kyc_1, velocity_1h_vel1h_LOW, velocity_24h_vel24h_MOD"
0.039031756200237945,"ip_risk_ip_LOW, kyc_kyc_1, velocity_24h_vel24h_MOD"
0.056877459503980966,"channel_ch_card, kyc_kyc_1, velocity_24h_vel24h_MOD"
0.11448705042555139,"intl_domestic, merch_risk_mrisk_MOD, velocity_24h_vel24h_MOD"
0.10464903450169305,"fraud_legit, merch_risk_mrisk_MOD, velocity_24h_vel24h_MOD"
0.0856593758579665,"device_dev_mobile, merch_risk_mrisk_MOD, velocity_24h_vel24h_MOD"
0.08556785943076782,"failed_txns_fail_NONE, merch_risk_mrisk_MOD, velocity_24h_vel24h_MOD"
0.08126658735242977,"acct_age_acct_OLD, merch_risk_mrisk_MOD, velocity_24h_vel24h_MOD"
0.07893291845886337,"amt_deviation_dev_MOD, merch_risk_mrisk_MOD, velocity_24h_vel24h_MOD"
0.06177358835911046,"amt_amt_MED, merch_risk_mrisk_MOD, velocity_24h_vel24h_MOD"
0.06442756474787224,"channel_ch_card, merch_risk_mrisk_MOD, velocity_24h_vel24h_MOD"
0.05289649492083829,"ip_risk_ip_MOD, merch_risk_mrisk_MOD, velocity_24h_vel24h_MOD"
0.11192459046398828,"geo_dist_geo_MOD, intl_domestic, velocity_24h_vel24h_MOD"
0.10291022238491809,"fraud_legit, geo_dist_geo_MOD, velocity_24h_vel24h_MOD"
0.08588816692596321,"device_dev_mobile, geo_dist_geo_MOD, velocity_24h_vel24h_MOD"
0.08396632195479088,"failed_txns_fail_NONE, geo_dist_geo_MOD, velocity_24h_vel24h_MOD"
0.080763247002837,"amt_deviation_dev_MOD, geo_dist_geo_MOD, velocity_24h_vel24h_MOD"
0.07861261096366798,"acct_age_acct_OLD, geo_dist_geo_MOD, velocity_24h_vel24h_MOD"
0.06346664226228609,"amt_amt_MED, geo_dist_geo_MOD, velocity_24h_vel24h_MOD"
0.04548366431774504,"geo_dist_geo_MOD, merch_risk_mrisk_MOD, velocity_24h_vel24h_MOD"
0.05198133064885147,"geo_dist_geo_MOD, ip_risk_ip_MOD, velocity_24h_vel24h_MOD"
0.061041456941521,"channel_ch_card, geo_dist_geo_MOD, velocity_24h_vel24h_MOD"
0.10858424087123639,"intl_domestic, velocity_1h_vel1h_LOW, velocity_24h_vel24h_MOD"
0.09984442207376223,"fraud_legit, velocity_1h_vel1h_LOW, velocity_24h_vel24h_MOD"
0.0838748055275922,"device_dev_mobile, velocity_1h_vel1h_LOW, velocity_24h_vel24h_MOD"
0.07943625880845612,"failed_txns_fail_NONE, velocity_1h_vel1h_LOW, velocity_24h_vel24h_MOD"
0.07783472133247918,"acct_age_acct_OLD, velocity_1h_vel1h_LOW, velocity_24h_vel24h_MOD"
0.07678228241969433,"amt_deviation_dev_MOD, velocity_1h_vel1h_LOW, velocity_24h_vel24h_MOD"
0.05980598517433879,"amt_amt_MED, velocity_1h_vel1h_LOW, velocity_24h_vel24h_MOD"
0.04662761965772856,"merch_risk_mrisk_MOD, velocity_1h_vel1h_LOW, velocity_24h_vel24h_MOD"
0.04159421616180104,"geo_dist_geo_MOD, velocity_1h_vel1h_LOW, velocity_24h_vel24h_MOD"
0.04969341996888441,"ip_risk_ip_MOD, velocity_1h_vel1h_LOW, velocity_24h_vel24h_MOD"
0.05907385375674934,"channel_ch_card, velocity_1h_vel1h_LOW, velocity_24h_vel24h_MOD"
0.10515237485128581,"intl_domestic, ip_risk_ip_LOW, velocity_24h_vel24h_MOD"
0.09741923675299716,"fraud_legit, ip_risk_ip_LOW, velocity_24h_vel24h_MOD"
0.07879564381806534,"device_dev_mobile, ip_risk_ip_LOW, velocity_24h_vel24h_MOD"
0.07742289741008511,"failed_txns_fail_NONE, ip_risk_ip_LOW, velocity_24h_vel24h_MOD"
0.07444861352612794,"amt_deviation_dev_MOD, ip_risk_ip_LOW, velocity_24h_vel24h_MOD"
0.07188615356456483,"acct_age_acct_OLD, ip_risk_ip_LOW, velocity_24h_vel24h_MOD"
0.058890820902351974,"amt_amt_MED, ip_risk_ip_LOW, velocity_24h_vel24h_MOD"
0.04264665507458589,"ip_risk_ip_LOW, merch_risk_mrisk_MOD, velocity_24h_vel24h_MOD"
0.042600896860986545,"geo_dist_geo_MOD, ip_risk_ip_LOW, velocity_24h_vel24h_MOD"
0.04168573258899973,"ip_risk_ip_LOW, velocity_1h_vel1h_LOW, velocity_24h_vel24h_MOD"
0.05751807449437174,"channel_ch_card, ip_risk_ip_LOW, velocity_24h_vel24h_MOD"
0.15210030200420976,"channel_ch_card, intl_domestic, velocity_24h_vel24h_MOD"
0.13919648576919558,"channel_ch_card, fraud_legit, velocity_24h_vel24h_MOD"
0.11393795186235929,"channel_ch_card, failed_txns_fail_NONE, velocity_24h_vel24h_MOD"
0.1098197126384186,"acct_age_acct_OLD, channel_ch_card, velocity_24h_vel24h_MOD"
0.10689118696806077,"amt_deviation_dev_MOD, channel_ch_card, velocity_24h_vel24h_MOD"
0.08360025624599615,"amt_amt_MED, channel_ch_card, velocity_24h_vel24h_MOD"
0.11700375217351515,"channel_ch_card, device_dev_mobile, velocity_24h_vel24h_MOD"
0.2560172050883133,"geo_dist_geo_FAR, intl_domestic"
0.20211402946828955,"device_dev_mobile, geo_dist_geo_FAR"
0.19753820810835546,"fraud_legit, geo_dist_geo_FAR"
0.18564107257252677,"acct_age_acct_OLD, geo_dist_geo_FAR"
0.18358195296055643,"failed_txns_fail_NONE, geo_dist_geo_FAR"
0.1785485494646289,"amt_deviation_dev_MOD, geo_dist_geo_FAR"
0.13942527683719227,"amt_amt_MED, geo_dist_geo_FAR"
0.1182849821542967,"geo_dist_geo_FAR, ip_risk_ip_MOD"
0.09769378603459321,"geo_dist_geo_FAR, kyc_kyc_1"
0.09719044568500046,"geo_dist_geo_FAR, velocity_24h_vel24h_MOD"
0.10432872700649766,"geo_dist_geo_FAR, merch_risk_mrisk_MOD"
0.1457856685275007,"channel_ch_card, geo_dist_geo_FAR"
0.08629999084835728,"geo_dist_geo_FAR, velocity_24h_vel24h_LOW"
0.10611329733687197,"geo_dist_geo_FAR, velocity_1h_vel1h_LOW"
0.09778530246179189,"geo_dist_geo_FAR, ip_risk_ip_LOW"
0.08840486867392697,"fraud_FRAUD, geo_dist_geo_FAR"
0.09366706323785119,"geo_dist_geo_FAR, velocity_1h_vel1h_ZERO"
0.0931179646746591,"geo_dist_geo_FAR, kyc_kyc_3"
0.09513132607303011,"geo_dist_geo_FAR, kyc_kyc_2"
0.1804246362222019,"device_dev_mobile, geo_dist_geo_FAR, intl_domestic"
0.18225496476617553,"fraud_legit, geo_dist_geo_FAR, intl_domestic"
0.1398828589731857,"device_dev_mobile, fraud_legit, geo_dist_geo_FAR"
0.1668344467831976,"acct_age_acct_OLD, geo_dist_geo_FAR, intl_domestic"
0.13192092980690034,"acct_age_acct_OLD, device_dev_mobile, geo_dist_geo_FAR"
0.12894664592294316,"acct_age_acct_OLD, fraud_legit, geo_dist_geo_FAR"
0.1649583600256246,"failed_txns_fail_NONE, geo_dist_geo_FAR, intl_domestic"
0.1391049693419969,"failed_txns_fail_NONE, fraud_legit, geo_dist_geo_FAR"
0.13059394161251944,"device_dev_mobile, failed_txns_fail_NONE, geo_dist_geo_FAR"
0.11897135535828682,"acct_age_acct_OLD, failed_txns_fail_NONE, geo_dist_geo_FAR"
0.15955889082090235,"amt_deviation_dev_MOD, geo_dist_geo_FAR, intl_domestic"
0.1265214606021781,"amt_deviation_dev_MOD, device_dev_mobile, geo_dist_geo_FAR"
0.1262011531069827,"amt_deviation_dev_MOD, fraud_legit, geo_dist_geo_FAR"
0.11599707147432964,"acct_age_acct_OLD, amt_deviation_dev_MOD, geo_dist_geo_FAR"
0.11462432506634941,"amt_deviation_dev_MOD, failed_txns_fail_NONE, geo_dist_geo_FAR"
0.13942527683719227,"amt_amt_MED, amt_deviation_dev_MOD, geo_dist_geo_FAR"
0.12546902168939325,"amt_amt_MED, geo_dist_geo_FAR, intl_domestic"
0.09892925780177542,"amt_amt_MED, device_dev_mobile, geo_dist_geo_FAR"
0.09860895030658003,"amt_amt_MED, fraud_legit, geo_dist_geo_FAR"
0.0911046032762881,"acct_age_acct_OLD, amt_amt_MED, geo_dist_geo_FAR"
0.08932003294591379,"amt_amt_MED, failed_txns_fail_NONE, geo_dist_geo_FAR"
0.07110826393337603,"amt_amt_MED, channel_ch_card, geo_dist_geo_FAR"
0.10506085842408712,"geo_dist_geo_FAR, intl_domestic, ip_risk_ip_MOD"
0.08355449803239681,"device_dev_mobile, geo_dist_geo_FAR, ip_risk_ip_MOD"
0.0830969158964034,"fraud_legit, geo_dist_geo_FAR, ip_risk_ip_MOD"
0.07650773313809829,"acct_age_acct_OLD, geo_dist_geo_FAR, ip_risk_ip_MOD"
0.07605015100210488,"failed_txns_fail_NONE, geo_dist_geo_FAR, ip_risk_ip_MOD"
0.07486043744852201,"amt_deviation_dev_MOD, geo_dist_geo_FAR, ip_risk_ip_MOD"
0.05788414020316647,"amt_amt_MED, geo_dist_geo_FAR, ip_risk_ip_MOD"
0.06113297336871969,"channel_ch_card, geo_dist_geo_FAR, ip_risk_ip_MOD"
0.0869863640523474,"geo_dist_geo_FAR, intl_domestic, kyc_kyc_1"
0.06909490253500504,"fraud_legit, geo_dist_geo_FAR, kyc_kyc_1"
0.06895762789420701,"device_dev_mobile, geo_dist_geo_FAR, kyc_kyc_1"
0.06479363045666697,"acct_age_acct_OLD, geo_dist_geo_FAR, kyc_kyc_1"
0.06172783014551112,"amt_deviation_dev_MOD, geo_dist_geo_FAR, kyc_kyc_1"
0.061270248009517705,"failed_txns_fail_NONE, geo_dist_geo_FAR, kyc_kyc_1"
0.048366431774503525,"amt_amt_MED, geo_dist_geo_FAR, kyc_kyc_1"
0.03958085476343003,"geo_dist_geo_FAR, ip_risk_ip_MOD, kyc_kyc_1"
0.034135627345108444,"geo_dist_geo_FAR, kyc_kyc_1, merch_risk_mrisk_MOD"
0.0497849363960831,"channel_ch_card, geo_dist_geo_FAR, kyc_kyc_1"
0.036743845520270886,"geo_dist_geo_FAR, kyc_kyc_1, velocity_1h_vel1h_LOW"
0.03381531984991306,"geo_dist_geo_FAR, ip_risk_ip_LOW, kyc_kyc_1"
0.088542143314725,"geo_dist_geo_FAR, intl_domestic, velocity_24h_vel24h_MOD"
0.07980232451725085,"fraud_legit, geo_dist_geo_FAR, velocity_24h_vel24h_MOD"
0.07014734144778988,"device_dev_mobile, geo_dist_geo_FAR, velocity_24h_vel24h_MOD"
0.06561727830145511,"failed_txns_fail_NONE, geo_dist_geo_FAR, velocity_24h_vel24h_MOD"
0.0631463347670907,"acct_age_acct_OLD, geo_dist_geo_FAR, velocity_24h_vel24h_MOD"
0.061224489795918366,"amt_deviation_dev_MOD, geo_dist_geo_FAR, velocity_24h_vel24h_MOD"
0.04781733321131143,"amt_amt_MED, geo_dist_geo_FAR, velocity_24h_vel24h_MOD"
0.0389859979866386,"geo_dist_geo_FAR, ip_risk_ip_MOD, velocity_24h_vel24h_MOD"
0.03527958268509197,"geo_dist_geo_FAR, kyc_kyc_1, velocity_24h_vel24h_MOD"
0.04946462890088771,"channel_ch_card, geo_dist_geo_FAR, velocity_24h_vel24h_MOD"
0.03592019767548275,"geo_dist_geo_FAR, merch_risk_mrisk_MOD, velocity_24h_vel24h_MOD"
0.03582868124828407,"geo_dist_geo_FAR, velocity_1h_vel1h_LOW, velocity_24h_vel24h_MOD"
0.03431866019950581,"geo_dist_geo_FAR, ip_risk_ip_LOW, velocity_24h_vel24h_MOD"
0.09288917360666239,"geo_dist_geo_FAR, intl_domestic, merch_risk_mrisk_MOD"
0.07202342820536287,"fraud_legit, geo_dist_geo_FAR, merch_risk_mrisk_MOD"
0.0685000457582136,"failed_txns_fail_NONE, geo_dist_geo_FAR, merch_risk_mrisk_MOD"
0.0647021140294683,"amt_deviation_dev_MOD, geo_dist_geo_FAR, merch_risk_mrisk_MOD"
0.05060858424087124,"amt_amt_MED, geo_dist_geo_FAR, merch_risk_mrisk_MOD"
0.043287270064976666,"geo_dist_geo_FAR, ip_risk_ip_MOD, merch_risk_mrisk_MOD"
0.07426558067173057,"device_dev_mobile, geo_dist_geo_FAR, merch_risk_mrisk_MOD"
0.06904914432140569,"acct_age_acct_OLD, geo_dist_geo_FAR, merch_risk_mrisk_MOD"
0.05394893383362313,"channel_ch_card, geo_dist_geo_FAR, merch_risk_mrisk_MOD"
0.0399926786858241,"geo_dist_geo_FAR, merch_risk_mrisk_MOD, velocity_1h_vel1h_LOW"
0.13022787590372473,"channel_ch_card, geo_dist_geo_FAR, intl_domestic"
0.10355083737530887,"channel_ch_card, device_dev_mobile, geo_dist_geo_FAR"
0.10011897135535829,"channel_ch_card, fraud_legit, geo_dist_geo_FAR"
0.0946737439370367,"acct_age_acct_OLD, channel_ch_card, geo_dist_geo_FAR"
0.09385009609224856,"channel_ch_card, failed_txns_fail_NONE, geo_dist_geo_FAR"
0.0915621854122815,"amt_deviation_dev_MOD, channel_ch_card, geo_dist_geo_FAR"
0.07856685275006864,"geo_dist_geo_FAR, intl_domestic, velocity_24h_vel24h_LOW"
0.07559256886611147,"fraud_legit, geo_dist_geo_FAR, velocity_24h_vel24h_LOW"
0.06017205088313352,"failed_txns_fail_NONE, geo_dist_geo_FAR, velocity_24h_vel24h_LOW"
0.05994325981513682,"device_dev_mobile, geo_dist_geo_FAR, velocity_24h_vel24h_LOW"
0.05664866843598426,"acct_age_acct_OLD, geo_dist_geo_FAR, velocity_24h_vel24h_LOW"
0.05394893383362313,"amt_deviation_dev_MOD, geo_dist_geo_FAR, velocity_24h_vel24h_LOW"
0.04470577468655624,"channel_ch_card, geo_dist_geo_FAR, velocity_24h_vel24h_LOW"
0.03088679417955523,"geo_dist_geo_FAR, merch_risk_mrisk_MOD, velocity_24h_vel24h_LOW"
0.03761325157865837,"geo_dist_geo_FAR, ip_risk_ip_MOD, velocity_24h_vel24h_LOW"
0.042143314724993136,"amt_amt_MED, geo_dist_geo_FAR, velocity_24h_vel24h_LOW"
0.033540770568317016,"geo_dist_geo_FAR, velocity_1h_vel1h_LOW, velocity_24h_vel24h_LOW"
0.030566486684359843,"geo_dist_geo_FAR, ip_risk_ip_LOW, velocity_24h_vel24h_LOW"
0.0954516335682255,"geo_dist_geo_FAR, intl_domestic, velocity_1h_vel1h_LOW"
0.07627894207010158,"device_dev_mobile, geo_dist_geo_FAR, velocity_1h_vel1h_LOW"
0.06904914432140569,"acct_age_acct_OLD, geo_dist_geo_FAR, velocity_1h_vel1h_LOW"
0.06717305756383271,"failed_txns_fail_NONE, geo_dist_geo_FAR, velocity_1h_vel1h_LOW"
0.06580031115585247,"amt_deviation_dev_MOD, geo_dist_geo_FAR, velocity_1h_vel1h_LOW"
0.05399469204722248,"channel_ch_card, geo_dist_geo_FAR, velocity_1h_vel1h_LOW"
0.0515695067264574,"amt_amt_MED, geo_dist_geo_FAR, velocity_1h_vel1h_LOW"
0.04543790610414569,"geo_dist_geo_FAR, ip_risk_ip_MOD, velocity_1h_vel1h_LOW"
0.07454012995332662,"fraud_legit, geo_dist_geo_FAR, velocity_1h_vel1h_LOW"
0.08936579115951314,"geo_dist_geo_FAR, intl_domestic, ip_risk_ip_LOW"
0.06854580397181294,"device_dev_mobile, geo_dist_geo_FAR, ip_risk_ip_LOW"
0.06369543333028278,"acct_age_acct_OLD, geo_dist_geo_FAR, ip_risk_ip_LOW"
0.03624050517067814,"geo_dist_geo_FAR, ip_risk_ip_LOW, velocity_1h_vel1h_LOW"
0.03505079161709527,"geo_dist_geo_FAR, ip_risk_ip_LOW, merch_risk_mrisk_MOD"
0.06332936762148805,"failed_txns_fail_NONE, geo_dist_geo_FAR, ip_risk_ip_LOW"
0.06946096824379976,"fraud_legit, geo_dist_geo_FAR, ip_risk_ip_LOW"
0.060446600164729566,"amt_deviation_dev_MOD, geo_dist_geo_FAR, ip_risk_ip_LOW"
0.048046124279308135,"amt_amt_MED, geo_dist_geo_FAR, ip_risk_ip_LOW"
0.048778255696897595,"channel_ch_card, geo_dist_geo_FAR, ip_risk_ip_LOW"
0.07376224032213782,"fraud_FRAUD, geo_dist_geo_FAR, intl_domestic"
0.06223117049510387,"device_dev_mobile, fraud_FRAUD, geo_dist_geo_FAR"
0.0566944266495836,"acct_age_acct_OLD, fraud_FRAUD, geo_dist_geo_FAR"
0.0323052988011348,"fraud_FRAUD, geo_dist_geo_FAR, merch_risk_mrisk_MOD"
0.03157316738354535,"fraud_FRAUD, geo_dist_geo_FAR, velocity_1h_vel1h_LOW"
0.052347396357646195,"amt_deviation_dev_MOD, fraud_FRAUD, geo_dist_geo_FAR"
0.0456666971721424,"channel_ch_card, fraud_FRAUD, geo_dist_geo_FAR"
0.044476983618559535,"failed_txns_fail_NONE, fraud_FRAUD, geo_dist_geo_FAR"
0.04081632653061224,"amt_amt_MED, fraud_FRAUD, geo_dist_geo_FAR"
0.035188066257893294,"fraud_FRAUD, geo_dist_geo_FAR, ip_risk_ip_MOD"
0.08369177267319484,"geo_dist_geo_FAR, intl_domestic, velocity_1h_vel1h_ZERO"
0.0654800036606571,"fraud_legit, geo_dist_geo_FAR, velocity_1h_vel1h_ZERO"
0.03633202159787682,"geo_dist_geo_FAR, ip_risk_ip_MOD, velocity_1h_vel1h_ZERO"
0.03175620023794271,"geo_dist_geo_FAR, velocity_1h_vel1h_ZERO, velocity_24h_vel24h_MOD"
0.06511393795186236,"device_dev_mobile, geo_dist_geo_FAR, velocity_1h_vel1h_ZERO"
0.062093895854305844,"acct_age_acct_OLD, geo_dist_geo_FAR, velocity_1h_vel1h_ZERO"
0.060858424087123636,"failed_txns_fail_NONE, geo_dist_geo_FAR, velocity_1h_vel1h_ZERO"
0.03093255239315457,"geo_dist_geo_FAR, kyc_kyc_2, velocity_1h_vel1h_ZERO"
0.05953143589274275,"amt_deviation_dev_MOD, geo_dist_geo_FAR, velocity_1h_vel1h_ZERO"
0.046444586803331196,"amt_amt_MED, geo_dist_geo_FAR, velocity_1h_vel1h_ZERO"
0.03216802416033678,"geo_dist_geo_FAR, kyc_kyc_1, velocity_1h_vel1h_ZERO"
0.03198499130593942,"geo_dist_geo_FAR, ip_risk_ip_LOW, velocity_1h_vel1h_ZERO"
0.047222476434519996,"channel_ch_card, geo_dist_geo_FAR, velocity_1h_vel1h_ZERO"
0.03335773771391965,"geo_dist_geo_FAR, merch_risk_mrisk_MOD, velocity_1h_vel1h_ZERO"
0.08492724444037705,"geo_dist_geo_FAR, intl_domestic, kyc_kyc_3"
0.06319209298069003,"fraud_legit, geo_dist_geo_FAR, kyc_kyc_3"
0.03971812940422806,"geo_dist_geo_FAR, ip_risk_ip_MOD, kyc_kyc_3"
0.030841035965955887,"geo_dist_geo_FAR, kyc_kyc_3, velocity_24h_vel24h_MOD"
0.030566486684359843,"geo_dist_geo_FAR, kyc_kyc_3, velocity_1h_vel1h_ZERO"
0.06630365150544523,"device_dev_mobile, geo_dist_geo_FAR, kyc_kyc_3"
0.06049235837832891,"failed_txns_fail_NONE, geo_dist_geo_FAR, kyc_kyc_3"
0.05989750160153748,"acct_age_acct_OLD, geo_dist_geo_FAR, kyc_kyc_3"
0.057243525212775696,"amt_deviation_dev_MOD, geo_dist_geo_FAR, kyc_kyc_3"
0.04612427930813581,"channel_ch_card, geo_dist_geo_FAR, kyc_kyc_3"
0.04470577468655624,"amt_amt_MED, geo_dist_geo_FAR, kyc_kyc_3"
0.03459320948110186,"geo_dist_geo_FAR, kyc_kyc_3, velocity_1h_vel1h_LOW"
0.03390683627711174,"geo_dist_geo_FAR, kyc_kyc_3, merch_risk_mrisk_MOD"
0.03139013452914798,"geo_dist_geo_FAR, ip_risk_ip_LOW, kyc_kyc_3"
0.08410359659558891,"geo_dist_geo_FAR, intl_domestic, kyc_kyc_2"
0.06525121259266038,"fraud_legit, geo_dist_geo_FAR, kyc_kyc_2"
0.0618193465727098,"failed_txns_fail_NONE, geo_dist_geo_FAR, kyc_kyc_2"
0.06094994051432232,"acct_age_acct_OLD, geo_dist_geo_FAR, kyc_kyc_2"
0.05957719410634209,"amt_deviation_dev_MOD, geo_dist_geo_FAR, kyc_kyc_2"
0.04635307037613252,"amt_amt_MED, geo_dist_geo_FAR, kyc_kyc_2"
0.06685275006863732,"device_dev_mobile, geo_dist_geo_FAR, kyc_kyc_2"
0.0389859979866386,"geo_dist_geo_FAR, ip_risk_ip_MOD, kyc_kyc_2"
0.034776242335499225,"geo_dist_geo_FAR, kyc_kyc_2, velocity_1h_vel1h_LOW"
0.031069827033952595,"geo_dist_geo_FAR, kyc_kyc_2, velocity_24h_vel24h_MOD"
0.04987645282328178,"channel_ch_card, geo_dist_geo_FAR, kyc_kyc_2"
0.03628626338427748,"geo_dist_geo_FAR, kyc_kyc_2, merch_risk_mrisk_MOD"
0.03257984808273085,"geo_dist_geo_FAR, ip_risk_ip_LOW, kyc_kyc_2"
0.17891461517342364,"credit_band_credit_5, intl_domestic"
0.1398828589731857,"credit_band_credit_5, device_dev_mobile"
0.1367713004484305,"credit_band_credit_5, fraud_legit"
0.12858058021414845,"credit_band_credit_5, failed_txns_fail_NONE"
0.12679600988377412,"acct_age_acct_OLD, credit_band_credit_5"
0.1265214606021781,"amt_deviation_dev_MOD, credit_band_credit_5"
0.09966138921936488,"amt_amt_MED, credit_band_credit_5"
0.08369177267319484,"credit_band_credit_5, ip_risk_ip_MOD"
0.06863732039901162,"credit_band_credit_5, velocity_24h_vel24h_MOD"
0.06680699185503798,"credit_band_credit_5, kyc_kyc_1"
0.05664866843598426,"credit_band_credit_5, merch_risk_mrisk_LOW"
0.05582502059119612,"credit_band_credit_5, geo_dist_geo_FAR"
0.05504713096000732,"credit_band_credit_5, velocity_1h_vel1h_MOD"
0.07637045849730026,"credit_band_credit_5, geo_dist_geo_MOD"
0.07234373570055826,"credit_band_credit_5, velocity_1h_vel1h_LOW"
0.06612061865104786,"credit_band_credit_5, kyc_kyc_2"
0.052759220280040264,"credit_band_credit_5, failed_txns_fail_LOW"
0.10071382813214973,"channel_ch_card, credit_band_credit_5"
0.07486043744852201,"credit_band_credit_5, merch_risk_mrisk_MOD"
0.05706049235837833,"credit_band_credit_5, velocity_24h_vel24h_LOW"
0.047954607852109456,"amt_amt_HIGH, credit_band_credit_5"
0.04081632653061224,"credit_band_credit_5, ip_risk_ip_HIGH"
0.061590555504713096,"credit_band_credit_5, fraud_FRAUD"
0.052988011348036976,"credit_band_credit_5, geo_dist_geo_NEAR"
0.0482291571337055,"channel_ch_upi, credit_band_credit_5"
0.052255879930447516,"credit_band_credit_5, merch_risk_mrisk_HIGH"
0.06543424544705774,"credit_band_credit_5, kyc_kyc_3"
0.06456483938867026,"credit_band_credit_5, velocity_1h_vel1h_ZERO"
0.04401940148256612,"amt_amt_LOW, credit_band_credit_5"
0.0653884872334584,"credit_band_credit_5, ip_risk_ip_LOW"
0.048366431774503525,"credit_band_credit_5, device_dev_desktop"
0.1262926695341814,"credit_band_credit_5, device_dev_mobile, intl_domestic"
0.12793996522375767,"credit_band_credit_5, fraud_legit, intl_domestic"
0.09714468747140112,"credit_band_credit_5, device_dev_mobile, fraud_legit"
0.11682071931911778,"credit_band_credit_5, failed_txns_fail_NONE, intl_domestic"
0.09778530246179189,"credit_band_credit_5, failed_txns_fail_NONE, fraud_legit"
0.09087581220829138,"credit_band_credit_5, device_dev_mobile, failed_txns_fail_NONE"
0.11444129221195204,"acct_age_acct_OLD, credit_band_credit_5, intl_domestic"
0.08982337329550655,"acct_age_acct_OLD, credit_band_credit_5, device_dev_mobile"
0.0877642536835362,"acct_age_acct_OLD, credit_band_credit_5, fraud_legit"
0.08254781733321132,"acct_age_acct_OLD, credit_band_credit_5, failed_txns_fail_NONE"
0.11444129221195204,"amt_deviation_dev_MOD, credit_band_credit_5, intl_domestic"
0.08932003294591379,"amt_deviation_dev_MOD, credit_band_credit_5, fraud_legit"
0.08831335224672829,"amt_deviation_dev_MOD, credit_band_credit_5, device_dev_mobile"
0.0820902351972179,"amt_deviation_dev_MOD, credit_band_credit_5, failed_txns_fail_NONE"
0.08149537842042646,"acct_age_acct_OLD, amt_deviation_dev_MOD, credit_band_credit_5"
0.09961563100576554,"amt_amt_MED, amt_deviation_dev_MOD, credit_band_credit_5"
0.09064702114029469,"amt_amt_MED, credit_band_credit_5, intl_domestic"
0.07033037430218725,"amt_amt_MED, credit_band_credit_5, fraud_legit"
0.06909490253500504,"amt_amt_MED, credit_band_credit_5, device_dev_mobile"
0.06451908117507092,"acct_age_acct_OLD, amt_amt_MED, credit_band_credit_5"
0.0639242243982795,"amt_amt_MED, credit_band_credit_5, failed_txns_fail_NONE"
0.0500137274640798,"amt_amt_MED, channel_ch_card, credit_band_credit_5"
0.07568408529331015,"credit_band_credit_5, intl_domestic, ip_risk_ip_MOD"
0.059668710533540774,"credit_band_credit_5, device_dev_mobile, ip_risk_ip_MOD"
0.05751807449437174,"credit_band_credit_5, fraud_legit, ip_risk_ip_MOD"
0.05445227418321589,"acct_age_acct_OLD, credit_band_credit_5, ip_risk_ip_MOD"
0.054269241328818524,"amt_deviation_dev_MOD, credit_band_credit_5, ip_risk_ip_MOD"
0.0535828681248284,"credit_band_credit_5, failed_txns_fail_NONE, ip_risk_ip_MOD"
0.042875446142582596,"amt_amt_MED, credit_band_credit_5, ip_risk_ip_MOD"
0.042875446142582596,"channel_ch_card, credit_band_credit_5, ip_risk_ip_MOD"
0.06342088404868675,"credit_band_credit_5, intl_domestic, velocity_24h_vel24h_MOD"
0.056877459503980966,"credit_band_credit_5, fraud_legit, velocity_24h_vel24h_MOD"
0.048412189988102865,"credit_band_credit_5, device_dev_mobile, velocity_24h_vel24h_MOD"
0.04662761965772856,"credit_band_credit_5, failed_txns_fail_NONE, velocity_24h_vel24h_MOD"
0.044476983618559535,"amt_deviation_dev_MOD, credit_band_credit_5, velocity_24h_vel24h_MOD"
0.0438821268417681,"acct_age_acct_OLD, credit_band_credit_5, velocity_24h_vel24h_MOD"
0.035599890180287364,"amt_amt_MED, credit_band_credit_5, velocity_24h_vel24h_MOD"
0.035233824471492634,"channel_ch_card, credit_band_credit_5, velocity_24h_vel24h_MOD"
0.06008053445593484,"credit_band_credit_5, intl_domestic, kyc_kyc_1"
0.04731399286171868,"credit_band_credit_5, device_dev_mobile, kyc_kyc_1"
0.04580397181294042,"credit_band_credit_5, fraud_legit, kyc_kyc_1"
0.04282968792898325,"amt_deviation_dev_MOD, credit_band_credit_5, kyc_kyc_1"
0.04282968792898325,"credit_band_credit_5, failed_txns_fail_NONE, kyc_kyc_1"
0.04237210579298984,"acct_age_acct_OLD, credit_band_credit_5, kyc_kyc_1"
0.033998352704310425,"amt_amt_MED, credit_band_credit_5, kyc_kyc_1"
0.034135627345108444,"channel_ch_card, credit_band_credit_5, kyc_kyc_1"
0.0515695067264574,"credit_band_credit_5, intl_domestic, merch_risk_mrisk_LOW"
0.04095360117141027,"credit_band_credit_5, fraud_legit, merch_risk_mrisk_LOW"
0.04003843689942345,"credit_band_credit_5, device_dev_mobile, merch_risk_mrisk_LOW"
0.03678960373387023,"credit_band_credit_5, failed_txns_fail_NONE, merch_risk_mrisk_LOW"
0.03628626338427748,"amt_deviation_dev_MOD, credit_band_credit_5, merch_risk_mrisk_LOW"
0.0356456483938867,"acct_age_acct_OLD, credit_band_credit_5, merch_risk_mrisk_LOW"
0.0505628260272719,"credit_band_credit_5, geo_dist_geo_FAR, intl_domestic"
0.03962661297702938,"credit_band_credit_5, device_dev_mobile, geo_dist_geo_FAR"
0.03848265763704585,"credit_band_credit_5, fraud_legit, geo_dist_geo_FAR"
0.03633202159787682,"credit_band_credit_5, failed_txns_fail_NONE, geo_dist_geo_FAR"
0.0356456483938867,"amt_deviation_dev_MOD, credit_band_credit_5, geo_dist_geo_FAR"
0.03550837375308868,"acct_age_acct_OLD, credit_band_credit_5, geo_dist_geo_FAR"
0.049144321405692325,"credit_band_credit_5, intl_domestic, velocity_1h_vel1h_MOD"
0.038345382996247825,"credit_band_credit_5, fraud_legit, velocity_1h_vel1h_MOD"
0.038345382996247825,"credit_band_credit_5, device_dev_mobile, velocity_1h_vel1h_MOD"
0.03628626338427748,"credit_band_credit_5, failed_txns_fail_NONE, velocity_1h_vel1h_MOD"
0.03532534089869131,"amt_deviation_dev_MOD, credit_band_credit_5, velocity_1h_vel1h_MOD"
0.03422714377230713,"acct_age_acct_OLD, credit_band_credit_5, velocity_1h_vel1h_MOD"
0.06914066074860438,"credit_band_credit_5, geo_dist_geo_MOD, intl_domestic"
0.0535828681248284,"credit_band_credit_5, device_dev_mobile, geo_dist_geo_MOD"
0.053125285988834994,"credit_band_credit_5, fraud_legit, geo_dist_geo_MOD"
0.05005948567767914,"acct_age_acct_OLD, credit_band_credit_5, geo_dist_geo_MOD"
0.048869772124096274,"amt_deviation_dev_MOD, credit_band_credit_5, geo_dist_geo_MOD"
0.038711448705042555,"amt_amt_MED, credit_band_credit_5, geo_dist_geo_MOD"
0.03175620023794271,"credit_band_credit_5, geo_dist_geo_MOD, ip_risk_ip_MOD"
0.04969341996888441,"credit_band_credit_5, failed_txns_fail_NONE, geo_dist_geo_MOD"
0.03930630548183399,"channel_ch_card, credit_band_credit_5, geo_dist_geo_MOD"
0.0654800036606571,"credit_band_credit_5, intl_domestic, velocity_1h_vel1h_LOW"
0.05028827674567585,"credit_band_credit_5, fraud_legit, velocity_1h_vel1h_LOW"
0.0500137274640798,"credit_band_credit_5, device_dev_mobile, velocity_1h_vel1h_LOW"
0.04662761965772856,"acct_age_acct_OLD, credit_band_credit_5, velocity_1h_vel1h_LOW"
0.04557518074494372,"amt_deviation_dev_MOD, credit_band_credit_5, velocity_1h_vel1h_LOW"
0.03582868124828407,"amt_amt_MED, credit_band_credit_5, velocity_1h_vel1h_LOW"
0.04662761965772856,"credit_band_credit_5, failed_txns_fail_NONE, velocity_1h_vel1h_LOW"
0.03701839480186694,"channel_ch_card, credit_band_credit_5, velocity_1h_vel1h_LOW"
0.05980598517433879,"credit_band_credit_5, intl_domestic, kyc_kyc_2"
0.047268234648119335,"credit_band_credit_5, device_dev_mobile, kyc_kyc_2"
0.04571245538574174,"credit_band_credit_5, fraud_legit, kyc_kyc_2"
0.042600896860986545,"acct_age_acct_OLD, credit_band_credit_5, kyc_kyc_2"
0.0407705683170129,"amt_deviation_dev_MOD, credit_band_credit_5, kyc_kyc_2"
0.03198499130593942,"amt_amt_MED, credit_band_credit_5, kyc_kyc_2"
0.042600896860986545,"credit_band_credit_5, failed_txns_fail_NONE, kyc_kyc_2"
0.03340349592751899,"channel_ch_card, credit_band_credit_5, kyc_kyc_2"
0.04708520179372197,"credit_band_credit_5, failed_txns_fail_LOW, intl_domestic"
0.03765900979225771,"credit_band_credit_5, device_dev_mobile, failed_txns_fail_LOW"
0.03376956163631372,"acct_age_acct_OLD, credit_band_credit_5, failed_txns_fail_LOW"
0.033540770568317016,"amt_deviation_dev_MOD, credit_band_credit_5, failed_txns_fail_LOW"
0.03235105701473415,"credit_band_credit_5, failed_txns_fail_LOW, fraud_legit"
0.09096732863549008,"channel_ch_card, credit_band_credit_5, intl_domestic"
0.0716116042829688,"channel_ch_card, credit_band_credit_5, device_dev_mobile"
0.06955248467099845,"channel_ch_card, credit_band_credit_5, fraud_legit"
0.0654800036606571,"channel_ch_card, credit_band_credit_5, failed_txns_fail_NONE"
0.06442756474787224,"acct_age_acct_OLD, channel_ch_card, credit_band_credit_5"
0.06419877367987553,"amt_deviation_dev_MOD, channel_ch_card, credit_band_credit_5"
0.06817973826301821,"credit_band_credit_5, intl_domestic, merch_risk_mrisk_MOD"
0.05285073670723895,"credit_band_credit_5, device_dev_mobile, merch_risk_mrisk_MOD"
0.05124919923126201,"credit_band_credit_5, fraud_legit, merch_risk_mrisk_MOD"
0.049235837832891004,"acct_age_acct_OLD, credit_band_credit_5, merch_risk_mrisk_MOD"
0.04772581678411275,"credit_band_credit_5, failed_txns_fail_NONE, merch_risk_mrisk_MOD"
0.046810652512125926,"amt_deviation_dev_MOD, credit_band_credit_5, merch_risk_mrisk_MOD"
0.038253866569049146,"channel_ch_card, credit_band_credit_5, merch_risk_mrisk_MOD"
0.03743021872426101,"amt_amt_MED, credit_band_credit_5, merch_risk_mrisk_MOD"
0.03148165095634666,"credit_band_credit_5, ip_risk_ip_MOD, merch_risk_mrisk_MOD"
0.05253042921204356,"credit_band_credit_5, intl_domestic, velocity_24h_vel24h_LOW"
0.05065434245447058,"credit_band_credit_5, fraud_legit, velocity_24h_vel24h_LOW"
0.0405417772490162,"credit_band_credit_5, failed_txns_fail_NONE, velocity_24h_vel24h_LOW"
0.04012995332662213,"credit_band_credit_5, device_dev_mobile, velocity_24h_vel24h_LOW"
0.037521735151459686,"amt_deviation_dev_MOD, credit_band_credit_5, velocity_24h_vel24h_LOW"
0.03651505445227418,"acct_age_acct_OLD, credit_band_credit_5, velocity_24h_vel24h_LOW"
0.042966962569781275,"amt_amt_HIGH, credit_band_credit_5, intl_domestic"
0.03468472590830054,"amt_amt_HIGH, credit_band_credit_5, fraud_legit"
0.034135627345108444,"amt_amt_HIGH, credit_band_credit_5, device_dev_mobile"
0.03193923309234008,"amt_amt_HIGH, credit_band_credit_5, failed_txns_fail_NONE"
0.030337695616363135,"acct_age_acct_OLD, amt_amt_HIGH, credit_band_credit_5"
0.0372014276562643,"credit_band_credit_5, intl_domestic, ip_risk_ip_HIGH"
0.05097464994966597,"credit_band_credit_5, fraud_FRAUD, intl_domestic"
0.04273817150178457,"credit_band_credit_5, device_dev_mobile, fraud_FRAUD"
0.039031756200237945,"acct_age_acct_OLD, credit_band_credit_5, fraud_FRAUD"
0.0372014276562643,"amt_deviation_dev_MOD, credit_band_credit_5, fraud_FRAUD"
0.031161343461151278,"channel_ch_card, credit_band_credit_5, fraud_FRAUD"
0.030795277752356548,"credit_band_credit_5, failed_txns_fail_NONE, fraud_FRAUD"
0.04731399286171868,"credit_band_credit_5, geo_dist_geo_NEAR, intl_domestic"
0.037521735151459686,"credit_band_credit_5, device_dev_mobile, geo_dist_geo_NEAR"
0.033723803422714374,"amt_deviation_dev_MOD, credit_band_credit_5, geo_dist_geo_NEAR"
0.033311979500320305,"credit_band_credit_5, failed_txns_fail_NONE, geo_dist_geo_NEAR"
0.03271712272352887,"acct_age_acct_OLD, credit_band_credit_5, geo_dist_geo_NEAR"
0.03610323052988011,"credit_band_credit_5, fraud_legit, geo_dist_geo_NEAR"
0.043744852200970075,"channel_ch_upi, credit_band_credit_5, intl_domestic"
0.03267136450992953,"channel_ch_upi, credit_band_credit_5, device_dev_mobile"
0.0330831884323236,"channel_ch_upi, credit_band_credit_5, fraud_legit"
0.030795277752356548,"acct_age_acct_OLD, channel_ch_upi, credit_band_credit_5"
0.030658003111558526,"channel_ch_upi, credit_band_credit_5, failed_txns_fail_NONE"
0.030795277752356548,"amt_deviation_dev_MOD, channel_ch_upi, credit_band_credit_5"
0.046444586803331196,"credit_band_credit_5, intl_domestic, merch_risk_mrisk_HIGH"
0.0361947469570788,"credit_band_credit_5, device_dev_mobile, merch_risk_mrisk_HIGH"
0.03459320948110186,"credit_band_credit_5, failed_txns_fail_NONE, merch_risk_mrisk_HIGH"
0.034135627345108444,"amt_deviation_dev_MOD, credit_band_credit_5, merch_risk_mrisk_HIGH"
0.03303743021872426,"acct_age_acct_OLD, credit_band_credit_5, merch_risk_mrisk_HIGH"
0.03495927518989659,"credit_band_credit_5, fraud_legit, merch_risk_mrisk_HIGH"
0.05902809554314999,"credit_band_credit_5, intl_domestic, kyc_kyc_3"
0.045300631463347674,"credit_band_credit_5, device_dev_mobile, kyc_kyc_3"
0.04525487324974833,"credit_band_credit_5, fraud_legit, kyc_kyc_3"
0.04314999542417864,"credit_band_credit_5, failed_txns_fail_NONE, kyc_kyc_3"
0.041823007229797746,"acct_age_acct_OLD, credit_band_credit_5, kyc_kyc_3"
0.042921204356181936,"amt_deviation_dev_MOD, credit_band_credit_5, kyc_kyc_3"
0.033678045209115035,"amt_amt_MED, credit_band_credit_5, kyc_kyc_3"
0.033174704859522286,"channel_ch_card, credit_band_credit_5, kyc_kyc_3"
0.05875354626155395,"credit_band_credit_5, intl_domestic, velocity_1h_vel1h_ZERO"
0.04639882858973186,"credit_band_credit_5, device_dev_mobile, velocity_1h_vel1h_ZERO"
0.04525487324974833,"credit_band_credit_5, fraud_legit, velocity_1h_vel1h_ZERO"
0.041823007229797746,"credit_band_credit_5, failed_txns_fail_NONE, velocity_1h_vel1h_ZERO"
0.04127390866660566,"acct_age_acct_OLD, credit_band_credit_5, velocity_1h_vel1h_ZERO"
0.04191452365699643,"amt_deviation_dev_MOD, credit_band_credit_5, velocity_1h_vel1h_ZERO"
0.033678045209115035,"amt_amt_MED, credit_band_credit_5, velocity_1h_vel1h_ZERO"
0.03235105701473415,"channel_ch_card, credit_band_credit_5, velocity_1h_vel1h_ZERO"
0.03921478905463531,"amt_amt_LOW, credit_band_credit_5, intl_domestic"
0.03180195845154205,"amt_amt_LOW, credit_band_credit_5, device_dev_mobile"
0.058478996979957905,"credit_band_credit_5, intl_domestic, ip_risk_ip_LOW"
0.04731399286171868,"credit_band_credit_5, fraud_legit, ip_risk_ip_LOW"
0.04356181934657271,"credit_band_credit_5, failed_txns_fail_NONE, ip_risk_ip_LOW"
0.04081632653061224,"amt_deviation_dev_MOD, credit_band_credit_5, ip_risk_ip_LOW"
0.04067905188981422,"acct_age_acct_OLD, credit_band_credit_5, ip_risk_ip_LOW"
0.033220463073121625,"channel_ch_card, credit_band_credit_5, ip_risk_ip_LOW"
0.03225954058753546,"amt_amt_MED, credit_band_credit_5, ip_risk_ip_LOW"
0.04603276288093713,"credit_band_credit_5, device_dev_mobile, ip_risk_ip_LOW"
0.04347030291937403,"credit_band_credit_5, device_dev_desktop, intl_domestic"
0.03253408986913151,"credit_band_credit_5, device_dev_desktop, fraud_legit"
0.03193923309234008,"amt_deviation_dev_MOD, credit_band_credit_5, device_dev_desktop"
0.031069827033952595,"credit_band_credit_5, device_dev_desktop, failed_txns_fail_NONE"
0.030429212043561818,"acct_age_acct_OLD, credit_band_credit_5, device_dev_desktop"
0.13228699551569506,"channel_ch_wallet, intl_domestic"
0.10286446417131875,"channel_ch_wallet, device_dev_mobile"
0.09975290564656356,"channel_ch_wallet, fraud_legit"
0.0931179646746591,"channel_ch_wallet, failed_txns_fail_NONE"
0.09288917360666239,"acct_age_acct_OLD, channel_ch_wallet"
0.09137915255788415,"amt_deviation_dev_MOD, channel_ch_wallet"
0.07321314175894574,"amt_amt_MED, channel_ch_wallet"
0.06310057655349136,"channel_ch_wallet, ip_risk_ip_MOD"
0.04964766175528507,"channel_ch_wallet, velocity_24h_vel24h_MOD"
0.04946462890088771,"channel_ch_wallet, kyc_kyc_1"
0.042921204356181936,"channel_ch_wallet, merch_risk_mrisk_LOW"
0.04086208474421159,"channel_ch_wallet, geo_dist_geo_FAR"
0.03939782190903267,"channel_ch_wallet, velocity_1h_vel1h_MOD"
0.030154662761965774,"channel_ch_wallet, credit_band_credit_5"
0.05550471309600073,"channel_ch_wallet, merch_risk_mrisk_MOD"
0.04992221103688112,"channel_ch_wallet, velocity_1h_vel1h_ZERO"
0.049190079619291664,"channel_ch_wallet, ip_risk_ip_LOW"
0.04058753546261554,"channel_ch_wallet, geo_dist_geo_NEAR"
0.03656081266587352,"channel_ch_wallet, device_dev_desktop"
0.030291937402763796,"channel_ch_wallet, credit_band_credit_3"
0.0556877459503981,"channel_ch_wallet, geo_dist_geo_MOD"
0.05248467099844422,"channel_ch_wallet, velocity_1h_vel1h_LOW"
0.04818339892010616,"channel_ch_wallet, kyc_kyc_2"
0.039901162258625424,"channel_ch_wallet, failed_txns_fail_LOW"
0.04896128855129496,"channel_ch_wallet, kyc_kyc_3"
0.03537109911229066,"amt_amt_HIGH, channel_ch_wallet"
0.046856410725725266,"channel_ch_wallet, fraud_FRAUD"
0.037567493365059025,"channel_ch_wallet, merch_risk_mrisk_HIGH"
0.03193923309234008,"amt_amt_LOW, channel_ch_wallet"
0.043378786492175345,"channel_ch_wallet, velocity_24h_vel24h_LOW"
0.09284341539306305,"channel_ch_wallet, device_dev_mobile, intl_domestic"
0.09348403038345383,"channel_ch_wallet, fraud_legit, intl_domestic"
0.06941521003020042,"channel_ch_wallet, device_dev_mobile, fraud_legit"
0.0848814862267777,"channel_ch_wallet, failed_txns_fail_NONE, intl_domestic"
0.06936945181660108,"channel_ch_wallet, failed_txns_fail_NONE, fraud_legit"
0.06584606936945182,"channel_ch_wallet, device_dev_mobile, failed_txns_fail_NONE"
0.084652695158781,"acct_age_acct_OLD, channel_ch_wallet, intl_domestic"
0.06529697080625972,"acct_age_acct_OLD, channel_ch_wallet, device_dev_mobile"
0.06364967511668344,"acct_age_acct_OLD, channel_ch_wallet, fraud_legit"
0.05957719410634209,"acct_age_acct_OLD, channel_ch_wallet, failed_txns_fail_NONE"
0.08227326805161526,"amt_deviation_dev_MOD, channel_ch_wallet, intl_domestic"
0.0646105976022696,"amt_deviation_dev_MOD, channel_ch_wallet, fraud_legit"
0.06369543333028278,"amt_deviation_dev_MOD, channel_ch_wallet, device_dev_mobile"
0.059302644824746044,"amt_deviation_dev_MOD, channel_ch_wallet, failed_txns_fail_NONE"
0.05797565663036515,"acct_age_acct_OLD, amt_deviation_dev_MOD, channel_ch_wallet"
0.07321314175894574,"amt_amt_MED, amt_deviation_dev_MOD, channel_ch_wallet"
0.06625789329184589,"amt_amt_MED, channel_ch_wallet, intl_domestic"
0.052255879930447516,"amt_amt_MED, channel_ch_wallet, fraud_legit"
0.05124919923126201,"amt_amt_MED, channel_ch_wallet, device_dev_mobile"
0.04731399286171868,"amt_amt_MED, channel_ch_wallet, failed_txns_fail_NONE"
0.046444586803331196,"acct_age_acct_OLD, amt_amt_MED, channel_ch_wallet"
0.056968975931179645,"channel_ch_wallet, intl_domestic, ip_risk_ip_MOD"
0.04470577468655624,"channel_ch_wallet, device_dev_mobile, ip_risk_ip_MOD"
0.042875446142582596,"channel_ch_wallet, fraud_legit, ip_risk_ip_MOD"
0.04031298618101949,"channel_ch_wallet, failed_txns_fail_NONE, ip_risk_ip_MOD"
0.039535096549830694,"acct_age_acct_OLD, channel_ch_wallet, ip_risk_ip_MOD"
0.0389859979866386,"amt_deviation_dev_MOD, channel_ch_wallet, ip_risk_ip_MOD"
0.031664683810744026,"amt_amt_MED, channel_ch_wallet, ip_risk_ip_MOD"
0.04589548824013911,"channel_ch_wallet, intl_domestic, velocity_24h_vel24h_MOD"
0.04104511759860895,"channel_ch_wallet, fraud_legit, velocity_24h_vel24h_MOD"
0.03459320948110186,"channel_ch_wallet, device_dev_mobile, velocity_24h_vel24h_MOD"
0.033266221286720965,"channel_ch_wallet, failed_txns_fail_NONE, velocity_24h_vel24h_MOD"
0.031664683810744026,"amt_deviation_dev_MOD, channel_ch_wallet, velocity_24h_vel24h_MOD"
0.030658003111558526,"acct_age_acct_OLD, channel_ch_wallet, velocity_24h_vel24h_MOD"
0.04443122540496019,"channel_ch_wallet, intl_domestic, kyc_kyc_1"
0.034867758762697904,"channel_ch_wallet, device_dev_mobile, kyc_kyc_1"
0.03427290198590647,"channel_ch_wallet, fraud_legit, kyc_kyc_1"
0.03180195845154205,"acct_age_acct_OLD, channel_ch_wallet, kyc_kyc_1"
0.031298618101949296,"channel_ch_wallet, failed_txns_fail_NONE, kyc_kyc_1"
0.030795277752356548,"amt_deviation_dev_MOD, channel_ch_wallet, kyc_kyc_1"
0.03935206369543333,"channel_ch_wallet, intl_domestic, merch_risk_mrisk_LOW"
0.031069827033952595,"channel_ch_wallet, fraud_legit, merch_risk_mrisk_LOW"
0.0372014276562643,"channel_ch_wallet, geo_dist_geo_FAR, intl_domestic"
0.03555413196668802,"channel_ch_wallet, intl_domestic, velocity_1h_vel1h_MOD"
0.04983069460968244,"channel_ch_wallet, intl_domestic, merch_risk_mrisk_MOD"
0.03701839480186694,"channel_ch_wallet, fraud_legit, merch_risk_mrisk_MOD"
0.03491351697629724,"acct_age_acct_OLD, channel_ch_wallet, merch_risk_mrisk_MOD"
0.03454745126750252,"channel_ch_wallet, failed_txns_fail_NONE, merch_risk_mrisk_MOD"
0.03431866019950581,"amt_deviation_dev_MOD, channel_ch_wallet, merch_risk_mrisk_MOD"
0.03880296513224124,"channel_ch_wallet, device_dev_mobile, merch_risk_mrisk_MOD"
0.044476983618559535,"channel_ch_wallet, intl_domestic, velocity_1h_vel1h_ZERO"
0.03532534089869131,"channel_ch_wallet, fraud_legit, velocity_1h_vel1h_ZERO"
0.03161892559714469,"amt_deviation_dev_MOD, channel_ch_wallet, velocity_1h_vel1h_ZERO"
0.03157316738354535,"acct_age_acct_OLD, channel_ch_wallet, velocity_1h_vel1h_ZERO"
0.03134437631554864,"channel_ch_wallet, failed_txns_fail_NONE, velocity_1h_vel1h_ZERO"
0.03491351697629724,"channel_ch_wallet, device_dev_mobile, velocity_1h_vel1h_ZERO"
0.04470577468655624,"channel_ch_wallet, intl_domestic, ip_risk_ip_LOW"
0.034501693053903174,"channel_ch_wallet, fraud_legit, ip_risk_ip_LOW"
0.03143589274274732,"amt_deviation_dev_MOD, channel_ch_wallet, ip_risk_ip_LOW"
0.031024068820353252,"channel_ch_wallet, failed_txns_fail_NONE, ip_risk_ip_LOW"
0.03088679417955523,"acct_age_acct_OLD, channel_ch_wallet, ip_risk_ip_LOW"
0.034089869131509104,"channel_ch_wallet, device_dev_mobile, ip_risk_ip_LOW"
0.03706415301546628,"channel_ch_wallet, geo_dist_geo_NEAR, intl_domestic"
0.03294591379152558,"channel_ch_wallet, device_dev_desktop, intl_domestic"
0.04951038711448705,"channel_ch_wallet, geo_dist_geo_MOD, intl_domestic"
0.038757206918641894,"channel_ch_wallet, device_dev_mobile, geo_dist_geo_MOD"
0.03765900979225771,"channel_ch_wallet, fraud_legit, geo_dist_geo_MOD"
0.03587443946188341,"acct_age_acct_OLD, channel_ch_wallet, geo_dist_geo_MOD"
0.035599890180287364,"amt_deviation_dev_MOD, channel_ch_wallet, geo_dist_geo_MOD"
0.035188066257893294,"channel_ch_wallet, failed_txns_fail_NONE, geo_dist_geo_MOD"
0.04772581678411275,"channel_ch_wallet, intl_domestic, velocity_1h_vel1h_LOW"
0.03660657087947287,"channel_ch_wallet, device_dev_mobile, velocity_1h_vel1h_LOW"
0.0364235380250755,"channel_ch_wallet, fraud_legit, velocity_1h_vel1h_LOW"
0.03344925414111833,"acct_age_acct_OLD, channel_ch_wallet, velocity_1h_vel1h_LOW"
0.03253408986913151,"amt_deviation_dev_MOD, channel_ch_wallet, velocity_1h_vel1h_LOW"
0.03381531984991306,"channel_ch_wallet, failed_txns_fail_NONE, velocity_1h_vel1h_LOW"
0.04347030291937403,"channel_ch_wallet, intl_domestic, kyc_kyc_2"
0.03390683627711174,"channel_ch_wallet, device_dev_mobile, kyc_kyc_2"
0.032808639150727556,"channel_ch_wallet, fraud_legit, kyc_kyc_2"
0.031024068820353252,"acct_age_acct_OLD, channel_ch_wallet, kyc_kyc_2"
0.03038345382996248,"channel_ch_wallet, failed_txns_fail_NONE, kyc_kyc_2"
0.03527958268509197,"channel_ch_wallet, failed_txns_fail_LOW, intl_domestic"
0.04438546719136085,"channel_ch_wallet, intl_domestic, kyc_kyc_3"
0.03267136450992953,"channel_ch_wallet, fraud_legit, kyc_kyc_3"
0.03143589274274732,"channel_ch_wallet, failed_txns_fail_NONE, kyc_kyc_3"
0.030978310606753913,"amt_deviation_dev_MOD, channel_ch_wallet, kyc_kyc_3"
0.034089869131509104,"channel_ch_wallet, device_dev_mobile, kyc_kyc_3"
0.03006314633476709,"acct_age_acct_OLD, channel_ch_wallet, kyc_kyc_3"
0.03216802416033678,"amt_amt_HIGH, channel_ch_wallet, intl_domestic"
0.03880296513224124,"channel_ch_wallet, fraud_FRAUD, intl_domestic"
0.03344925414111833,"channel_ch_wallet, device_dev_mobile, fraud_FRAUD"
0.03376956163631372,"channel_ch_wallet, intl_domestic, merch_risk_mrisk_HIGH"
0.04008419511302279,"channel_ch_wallet, intl_domestic, velocity_24h_vel24h_LOW"
0.03775052621945639,"channel_ch_wallet, fraud_legit, velocity_24h_vel24h_LOW"
0.3363686281687563,"intl_domestic, merch_risk_mrisk_MOD"
0.25867118147707513,"fraud_legit, merch_risk_mrisk_MOD"
0.24283883957170313,"acct_age_acct_OLD, merch_risk_mrisk_MOD"
0.24178640065891827,"failed_txns_fail_NONE, merch_risk_mrisk_MOD"
0.23396174613343096,"amt_deviation_dev_MOD, merch_risk_mrisk_MOD"
0.18385650224215247,"amt_amt_MED, merch_risk_mrisk_MOD"
0.26013544431225405,"device_dev_mobile, merch_risk_mrisk_MOD"
0.14331472499313627,"geo_dist_geo_MOD, merch_risk_mrisk_MOD"
0.15768280406332938,"ip_risk_ip_MOD, merch_risk_mrisk_MOD"
0.19044568500045758,"channel_ch_card, merch_risk_mrisk_MOD"
0.24050517067813673,"fraud_legit, intl_domestic, merch_risk_mrisk_MOD"
0.1807907019309966,"device_dev_mobile, fraud_legit, merch_risk_mrisk_MOD"
0.21922760135444314,"acct_age_acct_OLD, intl_domestic, merch_risk_mrisk_MOD"
0.16779536926878375,"acct_age_acct_OLD, fraud_legit, merch_risk_mrisk_MOD"
0.16861901711357188,"acct_age_acct_OLD, device_dev_mobile, merch_risk_mrisk_MOD"
0.21895305207284707,"failed_txns_fail_NONE, intl_domestic, merch_risk_mrisk_MOD"
0.1821176901253775,"failed_txns_fail_NONE, fraud_legit, merch_risk_mrisk_MOD"
0.15717946371373662,"acct_age_acct_OLD, failed_txns_fail_NONE, merch_risk_mrisk_MOD"
0.16820719319117783,"device_dev_mobile, failed_txns_fail_NONE, merch_risk_mrisk_MOD"
0.21144870504255514,"amt_deviation_dev_MOD, intl_domestic, merch_risk_mrisk_MOD"
0.16655989750160155,"amt_deviation_dev_MOD, fraud_legit, merch_risk_mrisk_MOD"
0.15269515878100118,"acct_age_acct_OLD, amt_deviation_dev_MOD, merch_risk_mrisk_MOD"
0.15196302736341175,"amt_deviation_dev_MOD, failed_txns_fail_NONE, merch_risk_mrisk_MOD"
0.1624874164912602,"amt_deviation_dev_MOD, device_dev_mobile, merch_risk_mrisk_MOD"
0.1837649858149538,"amt_amt_MED, amt_deviation_dev_MOD, merch_risk_mrisk_MOD"
0.1667429303559989,"amt_amt_MED, intl_domestic, merch_risk_mrisk_MOD"
0.13141758945730758,"amt_amt_MED, fraud_legit, merch_risk_mrisk_MOD"
0.11970348677587626,"amt_amt_MED, failed_txns_fail_NONE, merch_risk_mrisk_MOD"
0.1190628717854855,"acct_age_acct_OLD, amt_amt_MED, merch_risk_mrisk_MOD"
0.12702480095177085,"amt_amt_MED, device_dev_mobile, merch_risk_mrisk_MOD"
0.092568866111467,"amt_amt_MED, channel_ch_card, merch_risk_mrisk_MOD"
0.23414477898782832,"device_dev_mobile, intl_domestic, merch_risk_mrisk_MOD"
0.12958726091333395,"geo_dist_geo_MOD, intl_domestic, merch_risk_mrisk_MOD"
0.0990207742289741,"device_dev_mobile, geo_dist_geo_MOD, merch_risk_mrisk_MOD"
0.09870046673377872,"fraud_legit, geo_dist_geo_MOD, merch_risk_mrisk_MOD"
0.09261462432506636,"amt_deviation_dev_MOD, geo_dist_geo_MOD, merch_risk_mrisk_MOD"
0.09252310789786766,"acct_age_acct_OLD, geo_dist_geo_MOD, merch_risk_mrisk_MOD"
0.09142491077148349,"failed_txns_fail_NONE, geo_dist_geo_MOD, merch_risk_mrisk_MOD"
0.0722979774869589,"amt_amt_MED, geo_dist_geo_MOD, merch_risk_mrisk_MOD"
0.0720691864189622,"channel_ch_card, geo_dist_geo_MOD, merch_risk_mrisk_MOD"
0.06021780909673286,"geo_dist_geo_MOD, ip_risk_ip_MOD, merch_risk_mrisk_MOD"
0.1408895396723712,"intl_domestic, ip_risk_ip_MOD, merch_risk_mrisk_MOD"
0.10862999908483573,"fraud_legit, ip_risk_ip_MOD, merch_risk_mrisk_MOD"
0.10222384918092797,"failed_txns_fail_NONE, ip_risk_ip_MOD, merch_risk_mrisk_MOD"
0.09815136817058662,"amt_deviation_dev_MOD, ip_risk_ip_MOD, merch_risk_mrisk_MOD"
0.07691955706049236,"amt_amt_MED, ip_risk_ip_MOD, merch_risk_mrisk_MOD"
0.10249839846252402,"acct_age_acct_OLD, ip_risk_ip_MOD, merch_risk_mrisk_MOD"
0.07984808273085019,"channel_ch_card, ip_risk_ip_MOD, merch_risk_mrisk_MOD"
0.11018577834721333,"device_dev_mobile, ip_risk_ip_MOD, merch_risk_mrisk_MOD"
0.17218815777432048,"channel_ch_card, intl_domestic, merch_risk_mrisk_MOD"
0.13324791800128122,"channel_ch_card, fraud_legit, merch_risk_mrisk_MOD"
0.13283609407888716,"channel_ch_card, device_dev_mobile, merch_risk_mrisk_MOD"
0.12505719776699917,"channel_ch_card, failed_txns_fail_NONE, merch_risk_mrisk_MOD"
0.12427930813581038,"acct_age_acct_OLD, channel_ch_card, merch_risk_mrisk_MOD"
0.11878832250388945,"amt_deviation_dev_MOD, channel_ch_card, merch_risk_mrisk_MOD"
0.30424636222201884,"intl_domestic, ip_risk_ip_LOW"
0.23995607211494463,"fraud_legit, ip_risk_ip_LOW"
0.21803788780086025,"failed_txns_fail_NONE, ip_risk_ip_LOW"
0.21401116500411824,"acct_age_acct_OLD, ip_risk_ip_LOW"
0.21190628717854854,"amt_deviation_dev_MOD, ip_risk_ip_LOW"
0.16710899606479362,"amt_amt_MED, ip_risk_ip_LOW"
0.12556053811659193,"ip_risk_ip_LOW, merch_risk_mrisk_MOD"
0.11302278759037247,"ip_risk_ip_LOW, kyc_kyc_1"
0.23487691040541778,"device_dev_mobile, ip_risk_ip_LOW"
0.12661297702937677,"geo_dist_geo_MOD, ip_risk_ip_LOW"
0.12167108996064793,"ip_risk_ip_LOW, velocity_1h_vel1h_LOW"
0.16971721423995606,"channel_ch_card, ip_risk_ip_LOW"
0.2227509838015924,"fraud_legit, intl_domestic, ip_risk_ip_LOW"
0.19863640523473963,"failed_txns_fail_NONE, intl_domestic, ip_risk_ip_LOW"
0.1687562917543699,"failed_txns_fail_NONE, fraud_legit, ip_risk_ip_LOW"
0.1508190720234282,"device_dev_mobile, failed_txns_fail_NONE, ip_risk_ip_LOW"
0.19351148531161344,"acct_age_acct_OLD, intl_domestic, ip_risk_ip_LOW"
0.15200878557701109,"acct_age_acct_OLD, fraud_legit, ip_risk_ip_LOW"
0.1395625514779903,"acct_age_acct_OLD, failed_txns_fail_NONE, ip_risk_ip_LOW"
0.14940056740184862,"acct_age_acct_OLD, device_dev_mobile, ip_risk_ip_LOW"
0.190903267136451,"amt_deviation_dev_MOD, intl_domestic, ip_risk_ip_LOW"
0.15621854122815046,"amt_deviation_dev_MOD, fraud_legit, ip_risk_ip_LOW"
0.13791525578841402,"amt_deviation_dev_MOD, failed_txns_fail_NONE, ip_risk_ip_LOW"
0.1352155211860529,"acct_age_acct_OLD, amt_deviation_dev_MOD, ip_risk_ip_LOW"
0.14866843598425916,"amt_deviation_dev_MOD, device_dev_mobile, ip_risk_ip_LOW"
0.16701747963759495,"amt_amt_MED, amt_deviation_dev_MOD, ip_risk_ip_LOW"
0.1508190720234282,"amt_amt_MED, intl_domestic, ip_risk_ip_LOW"
0.12336414386382355,"amt_amt_MED, fraud_legit, ip_risk_ip_LOW"
0.10867575729843507,"amt_amt_MED, failed_txns_fail_NONE, ip_risk_ip_LOW"
0.1074860437448522,"acct_age_acct_OLD, amt_amt_MED, ip_risk_ip_LOW"
0.11700375217351515,"amt_amt_MED, device_dev_mobile, ip_risk_ip_LOW"
0.08460693694518166,"amt_amt_MED, channel_ch_card, ip_risk_ip_LOW"
0.11320582044476983,"intl_domestic, ip_risk_ip_LOW, merch_risk_mrisk_MOD"
0.08927427473231445,"fraud_legit, ip_risk_ip_LOW, merch_risk_mrisk_MOD"
0.08094627985723438,"failed_txns_fail_NONE, ip_risk_ip_LOW, merch_risk_mrisk_MOD"
0.07989384094444953,"acct_age_acct_OLD, ip_risk_ip_LOW, merch_risk_mrisk_MOD"
0.07966504987645283,"amt_deviation_dev_MOD, ip_risk_ip_LOW, merch_risk_mrisk_MOD"
0.06296330191269332,"amt_amt_MED, ip_risk_ip_LOW, merch_risk_mrisk_MOD"
0.08671181477075135,"device_dev_mobile, ip_risk_ip_LOW, merch_risk_mrisk_MOD"
0.04905280497849364,"geo_dist_geo_MOD, ip_risk_ip_LOW, merch_risk_mrisk_MOD"
0.06474787224306763,"channel_ch_card, ip_risk_ip_LOW, merch_risk_mrisk_MOD"
0.1018120252585339,"intl_domestic, ip_risk_ip_LOW, kyc_kyc_1"
0.0815411366340258,"fraud_legit, ip_risk_ip_LOW, kyc_kyc_1"
0.07248101034135628,"failed_txns_fail_NONE, ip_risk_ip_LOW, kyc_kyc_1"
0.07211494463256155,"acct_age_acct_OLD, ip_risk_ip_LOW, kyc_kyc_1"
0.07065068179738263,"amt_deviation_dev_MOD, ip_risk_ip_LOW, kyc_kyc_1"
0.056145328086391506,"amt_amt_MED, ip_risk_ip_LOW, kyc_kyc_1"
0.04031298618101949,"ip_risk_ip_LOW, kyc_kyc_1, merch_risk_mrisk_MOD"
0.08016839022604558,"device_dev_mobile, ip_risk_ip_LOW, kyc_kyc_1"
0.041777249016198406,"geo_dist_geo_MOD, ip_risk_ip_LOW, kyc_kyc_1"
0.03994692047222476,"ip_risk_ip_LOW, kyc_kyc_1, velocity_1h_vel1h_LOW"
0.0574723162807724,"channel_ch_card, ip_risk_ip_LOW, kyc_kyc_1"
0.21227235288734328,"device_dev_mobile, intl_domestic, ip_risk_ip_LOW"
0.16601079893840945,"device_dev_mobile, fraud_legit, ip_risk_ip_LOW"
0.1143955339983527,"geo_dist_geo_MOD, intl_domestic, ip_risk_ip_LOW"
0.09018943900430128,"fraud_legit, geo_dist_geo_MOD, ip_risk_ip_LOW"
0.08849638510112565,"device_dev_mobile, geo_dist_geo_MOD, ip_risk_ip_LOW"
0.0823190262652146,"failed_txns_fail_NONE, geo_dist_geo_MOD, ip_risk_ip_LOW"
0.08080900521643634,"amt_deviation_dev_MOD, geo_dist_geo_MOD, ip_risk_ip_LOW"
0.07966504987645283,"acct_age_acct_OLD, geo_dist_geo_MOD, ip_risk_ip_LOW"
0.06351240047588542,"amt_amt_MED, geo_dist_geo_MOD, ip_risk_ip_LOW"
0.06488514688386565,"channel_ch_card, geo_dist_geo_MOD, ip_risk_ip_LOW"
0.1098197126384186,"intl_domestic, ip_risk_ip_LOW, velocity_1h_vel1h_LOW"
0.08790152832433422,"fraud_legit, ip_risk_ip_LOW, velocity_1h_vel1h_LOW"
0.0854305847899698,"device_dev_mobile, ip_risk_ip_LOW, velocity_1h_vel1h_LOW"
0.07966504987645283,"failed_txns_fail_NONE, ip_risk_ip_LOW, velocity_1h_vel1h_LOW"
0.07673652420609499,"acct_age_acct_OLD, ip_risk_ip_LOW, velocity_1h_vel1h_LOW"
0.07605015100210488,"amt_deviation_dev_MOD, ip_risk_ip_LOW, velocity_1h_vel1h_LOW"
0.05948567767914341,"amt_amt_MED, ip_risk_ip_LOW, velocity_1h_vel1h_LOW"
0.04699368536652329,"ip_risk_ip_LOW, merch_risk_mrisk_MOD, velocity_1h_vel1h_LOW"
0.044202434336963484,"geo_dist_geo_MOD, ip_risk_ip_LOW, velocity_1h_vel1h_LOW"
0.060858424087123636,"channel_ch_card, ip_risk_ip_LOW, velocity_1h_vel1h_LOW"
0.15278667520819988,"channel_ch_card, intl_domestic, ip_risk_ip_LOW"
0.1202983435526677,"channel_ch_card, fraud_legit, ip_risk_ip_LOW"
0.11046032762880938,"channel_ch_card, failed_txns_fail_NONE, ip_risk_ip_LOW"
0.10734876910405418,"acct_age_acct_OLD, channel_ch_card, ip_risk_ip_LOW"
0.1067081541136634,"amt_deviation_dev_MOD, channel_ch_card, ip_risk_ip_LOW"
0.11910862999908484,"channel_ch_card, device_dev_mobile, ip_risk_ip_LOW"
0.29747414660931637,"intl_domestic, velocity_1h_vel1h_ZERO"
0.23176535188066258,"fraud_legit, velocity_1h_vel1h_ZERO"
0.2143314724993136,"acct_age_acct_OLD, velocity_1h_vel1h_ZERO"
0.21355358286812484,"failed_txns_fail_NONE, velocity_1h_vel1h_ZERO"
0.20842866294499862,"amt_deviation_dev_MOD, velocity_1h_vel1h_ZERO"
0.16523290930722065,"amt_amt_MED, velocity_1h_vel1h_ZERO"
0.12071016747506177,"merch_risk_mrisk_MOD, velocity_1h_vel1h_ZERO"
0.11352612793996522,"kyc_kyc_1, velocity_1h_vel1h_ZERO"
0.11210762331838565,"ip_risk_ip_LOW, velocity_1h_vel1h_ZERO"
0.23217717580305666,"device_dev_mobile, velocity_1h_vel1h_ZERO"
0.1651871510936213,"channel_ch_card, velocity_1h_vel1h_ZERO"
0.12894664592294316,"geo_dist_geo_MOD, velocity_1h_vel1h_ZERO"
0.13516976297245356,"ip_risk_ip_MOD, velocity_1h_vel1h_ZERO"
0.11064336048320673,"velocity_1h_vel1h_ZERO, velocity_24h_vel24h_MOD"
0.10812665873524298,"kyc_kyc_3, velocity_1h_vel1h_ZERO"
0.10876727372563375,"kyc_kyc_2, velocity_1h_vel1h_ZERO"
0.21465177999450902,"fraud_legit, intl_domestic, velocity_1h_vel1h_ZERO"
0.16335682254964767,"device_dev_mobile, fraud_legit, velocity_1h_vel1h_ZERO"
0.19204722247643452,"acct_age_acct_OLD, intl_domestic, velocity_1h_vel1h_ZERO"
0.15077331380982886,"acct_age_acct_OLD, fraud_legit, velocity_1h_vel1h_ZERO"
0.15072755559622952,"acct_age_acct_OLD, device_dev_mobile, velocity_1h_vel1h_ZERO"
0.19360300173881212,"failed_txns_fail_NONE, intl_domestic, velocity_1h_vel1h_ZERO"
0.1639516793264391,"failed_txns_fail_NONE, fraud_legit, velocity_1h_vel1h_ZERO"
0.13883042006040083,"acct_age_acct_OLD, failed_txns_fail_NONE, velocity_1h_vel1h_ZERO"
0.15008694060583874,"device_dev_mobile, failed_txns_fail_NONE, velocity_1h_vel1h_ZERO"
0.1880204996796925,"amt_deviation_dev_MOD, intl_domestic, velocity_1h_vel1h_ZERO"
0.1503614898874348,"amt_deviation_dev_MOD, fraud_legit, velocity_1h_vel1h_ZERO"
0.13603916903084104,"amt_deviation_dev_MOD, failed_txns_fail_NONE, velocity_1h_vel1h_ZERO"
0.1352155211860529,"acct_age_acct_OLD, amt_deviation_dev_MOD, velocity_1h_vel1h_ZERO"
0.14743296421707697,"amt_deviation_dev_MOD, device_dev_mobile, velocity_1h_vel1h_ZERO"
0.1651871510936213,"amt_amt_MED, amt_deviation_dev_MOD, velocity_1h_vel1h_ZERO"
0.1492632927610506,"amt_amt_MED, intl_domestic, velocity_1h_vel1h_ZERO"
0.11947469570787957,"amt_amt_MED, fraud_legit, velocity_1h_vel1h_ZERO"
0.10808090052164364,"acct_age_acct_OLD, amt_amt_MED, velocity_1h_vel1h_ZERO"
0.10776059302644825,"amt_amt_MED, failed_txns_fail_NONE, velocity_1h_vel1h_ZERO"
0.11613434611512767,"amt_amt_MED, device_dev_mobile, velocity_1h_vel1h_ZERO"
0.10945364692962387,"intl_domestic, merch_risk_mrisk_MOD, velocity_1h_vel1h_ZERO"
0.08474421158597968,"fraud_legit, merch_risk_mrisk_MOD, velocity_1h_vel1h_ZERO"
0.07893291845886337,"failed_txns_fail_NONE, merch_risk_mrisk_MOD, velocity_1h_vel1h_ZERO"
0.07815502882767457,"acct_age_acct_OLD, merch_risk_mrisk_MOD, velocity_1h_vel1h_ZERO"
0.07559256886611147,"amt_deviation_dev_MOD, merch_risk_mrisk_MOD, velocity_1h_vel1h_ZERO"
0.05976022696073945,"amt_amt_MED, merch_risk_mrisk_MOD, velocity_1h_vel1h_ZERO"
0.08511027729477441,"device_dev_mobile, merch_risk_mrisk_MOD, velocity_1h_vel1h_ZERO"
0.05998901802873616,"channel_ch_card, merch_risk_mrisk_MOD, velocity_1h_vel1h_ZERO"
0.049967969250480464,"ip_risk_ip_MOD, merch_risk_mrisk_MOD, velocity_1h_vel1h_ZERO"
0.048046124279308135,"geo_dist_geo_MOD, merch_risk_mrisk_MOD, velocity_1h_vel1h_ZERO"
0.10140020133613983,"intl_domestic, kyc_kyc_1, velocity_1h_vel1h_ZERO"
0.07984808273085019,"fraud_legit, kyc_kyc_1, velocity_1h_vel1h_ZERO"
0.0733961746133431,"failed_txns_fail_NONE, kyc_kyc_1, velocity_1h_vel1h_ZERO"
0.07280131783655167,"amt_deviation_dev_MOD, kyc_kyc_1, velocity_1h_vel1h_ZERO"
0.0716116042829688,"acct_age_acct_OLD, kyc_kyc_1, velocity_1h_vel1h_ZERO"
0.0574723162807724,"amt_amt_MED, kyc_kyc_1, velocity_1h_vel1h_ZERO"
0.04099935938500961,"kyc_kyc_1, merch_risk_mrisk_MOD, velocity_1h_vel1h_ZERO"
0.08195296055641987,"device_dev_mobile, kyc_kyc_1, velocity_1h_vel1h_ZERO"
0.05866202983435527,"channel_ch_card, kyc_kyc_1, velocity_1h_vel1h_ZERO"
0.04502608218175162,"geo_dist_geo_MOD, kyc_kyc_1, velocity_1h_vel1h_ZERO"
0.04594124645373845,"ip_risk_ip_MOD, kyc_kyc_1, velocity_1h_vel1h_ZERO"
0.10249839846252402,"intl_domestic, ip_risk_ip_LOW, velocity_1h_vel1h_ZERO"
0.0810835544980324,"fraud_legit, ip_risk_ip_LOW, velocity_1h_vel1h_ZERO"
0.07303010890454836,"failed_txns_fail_NONE, ip_risk_ip_LOW, velocity_1h_vel1h_ZERO"
0.07202342820536287,"amt_deviation_dev_MOD, ip_risk_ip_LOW, velocity_1h_vel1h_ZERO"
0.0716116042829688,"acct_age_acct_OLD, ip_risk_ip_LOW, velocity_1h_vel1h_ZERO"
0.05797565663036515,"amt_amt_MED, ip_risk_ip_LOW, velocity_1h_vel1h_ZERO"
0.04081632653061224,"ip_risk_ip_LOW, merch_risk_mrisk_MOD, velocity_1h_vel1h_ZERO"
0.038345382996247825,"ip_risk_ip_LOW, kyc_kyc_1, velocity_1h_vel1h_ZERO"
0.0438821268417681,"geo_dist_geo_MOD, ip_risk_ip_LOW, velocity_1h_vel1h_ZERO"
0.05587077880479546,"channel_ch_card, ip_risk_ip_LOW, velocity_1h_vel1h_ZERO"
0.07806351240047589,"device_dev_mobile, ip_risk_ip_LOW, velocity_1h_vel1h_ZERO"
0.20916079436258808,"device_dev_mobile, intl_domestic, velocity_1h_vel1h_ZERO"
0.14894298526585523,"channel_ch_card, intl_domestic, velocity_1h_vel1h_ZERO"
0.11714102681431317,"channel_ch_card, device_dev_mobile, velocity_1h_vel1h_ZERO"
0.10689118696806077,"acct_age_acct_OLD, channel_ch_card, velocity_1h_vel1h_ZERO"
0.1041456941521003,"amt_deviation_dev_MOD, channel_ch_card, velocity_1h_vel1h_ZERO"
0.08199871877001921,"amt_amt_MED, channel_ch_card, velocity_1h_vel1h_ZERO"
0.1157225221927336,"channel_ch_card, fraud_legit, velocity_1h_vel1h_ZERO"
0.10835544980323968,"channel_ch_card, failed_txns_fail_NONE, velocity_1h_vel1h_ZERO"
0.11686647753271712,"geo_dist_geo_MOD, intl_domestic, velocity_1h_vel1h_ZERO"
0.0907842957810927,"device_dev_mobile, geo_dist_geo_MOD, velocity_1h_vel1h_ZERO"
0.08323419053720142,"acct_age_acct_OLD, geo_dist_geo_MOD, velocity_1h_vel1h_ZERO"
0.08163265306122448,"amt_deviation_dev_MOD, geo_dist_geo_MOD, velocity_1h_vel1h_ZERO"
0.0651596961654617,"amt_amt_MED, geo_dist_geo_MOD, velocity_1h_vel1h_ZERO"
0.06346664226228609,"channel_ch_card, geo_dist_geo_MOD, velocity_1h_vel1h_ZERO"
0.09037247185869864,"fraud_legit, geo_dist_geo_MOD, velocity_1h_vel1h_ZERO"
0.08176992770202252,"failed_txns_fail_NONE, geo_dist_geo_MOD, velocity_1h_vel1h_ZERO"
0.05321680241603368,"geo_dist_geo_MOD, ip_risk_ip_MOD, velocity_1h_vel1h_ZERO"
0.1208474421158598,"intl_domestic, ip_risk_ip_MOD, velocity_1h_vel1h_ZERO"
0.0946737439370367,"fraud_legit, ip_risk_ip_MOD, velocity_1h_vel1h_ZERO"
0.08840486867392697,"acct_age_acct_OLD, ip_risk_ip_MOD, velocity_1h_vel1h_ZERO"
0.08716939690674476,"failed_txns_fail_NONE, ip_risk_ip_MOD, velocity_1h_vel1h_ZERO"
0.09558890820902352,"device_dev_mobile, ip_risk_ip_MOD, velocity_1h_vel1h_ZERO"
0.06836277111741558,"channel_ch_card, ip_risk_ip_MOD, velocity_1h_vel1h_ZERO"
0.08378328910039352,"amt_deviation_dev_MOD, ip_risk_ip_MOD, velocity_1h_vel1h_ZERO"
0.06589182758305116,"amt_amt_MED, ip_risk_ip_MOD, velocity_1h_vel1h_ZERO"
0.10172050883133522,"intl_domestic, velocity_1h_vel1h_ZERO, velocity_24h_vel24h_MOD"
0.09320948110185778,"fraud_legit, velocity_1h_vel1h_ZERO, velocity_24h_vel24h_MOD"
0.07682804063329368,"failed_txns_fail_NONE, velocity_1h_vel1h_ZERO, velocity_24h_vel24h_MOD"
0.07211494463256155,"acct_age_acct_OLD, velocity_1h_vel1h_ZERO, velocity_24h_vel24h_MOD"
0.04630731216253318,"ip_risk_ip_MOD, velocity_1h_vel1h_ZERO, velocity_24h_vel24h_MOD"
0.039077514413837285,"kyc_kyc_1, velocity_1h_vel1h_ZERO, velocity_24h_vel24h_MOD"
0.07746865562368445,"device_dev_mobile, velocity_1h_vel1h_ZERO, velocity_24h_vel24h_MOD"
0.05527592202800403,"channel_ch_card, velocity_1h_vel1h_ZERO, velocity_24h_vel24h_MOD"
0.04017571154022147,"merch_risk_mrisk_MOD, velocity_1h_vel1h_ZERO, velocity_24h_vel24h_MOD"
0.07001006680699186,"amt_deviation_dev_MOD, velocity_1h_vel1h_ZERO, velocity_24h_vel24h_MOD"
0.05495561453280864,"amt_amt_MED, velocity_1h_vel1h_ZERO, velocity_24h_vel24h_MOD"
0.03733870229706232,"ip_risk_ip_LOW, velocity_1h_vel1h_ZERO, velocity_24h_vel24h_MOD"
0.04278392971538391,"geo_dist_geo_MOD, velocity_1h_vel1h_ZERO, velocity_24h_vel24h_MOD"
0.09737347853939782,"intl_domestic, kyc_kyc_3, velocity_1h_vel1h_ZERO"
0.0761874256429029,"fraud_legit, kyc_kyc_3, velocity_1h_vel1h_ZERO"
0.044110917909764805,"ip_risk_ip_MOD, kyc_kyc_3, velocity_1h_vel1h_ZERO"
0.03527958268509197,"kyc_kyc_3, velocity_1h_vel1h_ZERO, velocity_24h_vel24h_MOD"
0.0738537567493365,"device_dev_mobile, kyc_kyc_3, velocity_1h_vel1h_ZERO"
0.07138281321497209,"acct_age_acct_OLD, kyc_kyc_3, velocity_1h_vel1h_ZERO"
0.07042189072938593,"failed_txns_fail_NONE, kyc_kyc_3, velocity_1h_vel1h_ZERO"
0.06836277111741558,"amt_deviation_dev_MOD, kyc_kyc_3, velocity_1h_vel1h_ZERO"
0.05404045026082182,"amt_amt_MED, kyc_kyc_3, velocity_1h_vel1h_ZERO"
0.03688112016106891,"ip_risk_ip_LOW, kyc_kyc_3, velocity_1h_vel1h_ZERO"
0.040633293676214884,"geo_dist_geo_MOD, kyc_kyc_3, velocity_1h_vel1h_ZERO"
0.039443580122632015,"kyc_kyc_3, merch_risk_mrisk_MOD, velocity_1h_vel1h_ZERO"
0.05280497849363961,"channel_ch_card, kyc_kyc_3, velocity_1h_vel1h_ZERO"
0.09870046673377872,"intl_domestic, kyc_kyc_2, velocity_1h_vel1h_ZERO"
0.07572984350690949,"fraud_legit, kyc_kyc_2, velocity_1h_vel1h_ZERO"
0.07133705500137275,"acct_age_acct_OLD, kyc_kyc_2, velocity_1h_vel1h_ZERO"
0.06973551752539581,"failed_txns_fail_NONE, kyc_kyc_2, velocity_1h_vel1h_ZERO"
0.06726457399103139,"amt_deviation_dev_MOD, kyc_kyc_2, velocity_1h_vel1h_ZERO"
0.05372014276562643,"channel_ch_card, kyc_kyc_2, velocity_1h_vel1h_ZERO"
0.05372014276562643,"amt_amt_MED, kyc_kyc_2, velocity_1h_vel1h_ZERO"
0.03688112016106891,"ip_risk_ip_LOW, kyc_kyc_2, velocity_1h_vel1h_ZERO"
0.03628626338427748,"kyc_kyc_2, velocity_1h_vel1h_ZERO, velocity_24h_vel24h_MOD"
0.043287270064976666,"geo_dist_geo_MOD, kyc_kyc_2, velocity_1h_vel1h_ZERO"
0.040267227967420154,"kyc_kyc_2, merch_risk_mrisk_MOD, velocity_1h_vel1h_ZERO"
0.07637045849730026,"device_dev_mobile, kyc_kyc_2, velocity_1h_vel1h_ZERO"
0.04511759860895031,"ip_risk_ip_MOD, kyc_kyc_2, velocity_1h_vel1h_ZERO"
0.24311338885329917,"geo_dist_geo_NEAR, intl_domestic"
0.18509197400933466,"fraud_legit, geo_dist_geo_NEAR"
0.17374393703669808,"acct_age_acct_OLD, geo_dist_geo_NEAR"
0.17296604740550928,"failed_txns_fail_NONE, geo_dist_geo_NEAR"
0.16884780818156858,"amt_deviation_dev_MOD, geo_dist_geo_NEAR"
0.13416308227326806,"amt_amt_MED, geo_dist_geo_NEAR"
0.10208657454012995,"geo_dist_geo_NEAR, merch_risk_mrisk_MOD"
0.09151642719868217,"geo_dist_geo_NEAR, ip_risk_ip_LOW"
0.08803880296513224,"geo_dist_geo_NEAR, kyc_kyc_1"
0.0877642536835362,"geo_dist_geo_NEAR, velocity_1h_vel1h_ZERO"
0.1884323236020866,"device_dev_mobile, geo_dist_geo_NEAR"
0.09975290564656356,"geo_dist_geo_NEAR, velocity_1h_vel1h_LOW"
0.09105884506268876,"geo_dist_geo_NEAR, kyc_kyc_2"
0.0754095360117141,"geo_dist_geo_NEAR, merch_risk_mrisk_LOW"
0.1346664226228608,"channel_ch_card, geo_dist_geo_NEAR"
0.0915621854122815,"geo_dist_geo_NEAR, kyc_kyc_3"
0.09087581220829138,"geo_dist_geo_NEAR, velocity_24h_vel24h_MOD"
0.07357920746774047,"geo_dist_geo_NEAR, merch_risk_mrisk_HIGH"
0.08556785943076782,"fraud_FRAUD, geo_dist_geo_NEAR"
0.07490619566212135,"failed_txns_fail_LOW, geo_dist_geo_NEAR"
0.07412830603093255,"geo_dist_geo_NEAR, velocity_1h_vel1h_MOD"
0.11471584149354809,"geo_dist_geo_NEAR, ip_risk_ip_MOD"
0.08103779628443306,"geo_dist_geo_NEAR, velocity_24h_vel24h_LOW"
0.17218815777432048,"fraud_legit, geo_dist_geo_NEAR, intl_domestic"
0.12816875629175437,"device_dev_mobile, fraud_legit, geo_dist_geo_NEAR"
0.15598975016015373,"acct_age_acct_OLD, geo_dist_geo_NEAR, intl_domestic"
0.11869680607669077,"acct_age_acct_OLD, fraud_legit, geo_dist_geo_NEAR"
0.12112199139745584,"acct_age_acct_OLD, device_dev_mobile, geo_dist_geo_NEAR"
0.15708794728653794,"failed_txns_fail_NONE, geo_dist_geo_NEAR, intl_domestic"
0.1294042280589366,"failed_txns_fail_NONE, fraud_legit, geo_dist_geo_NEAR"
0.11100942619200146,"acct_age_acct_OLD, failed_txns_fail_NONE, geo_dist_geo_NEAR"
0.12038985997986638,"device_dev_mobile, failed_txns_fail_NONE, geo_dist_geo_NEAR"
0.15177999450901436,"amt_deviation_dev_MOD, geo_dist_geo_NEAR, intl_domestic"
0.11764436716390592,"amt_deviation_dev_MOD, fraud_legit, geo_dist_geo_NEAR"
0.10853848265763705,"acct_age_acct_OLD, amt_deviation_dev_MOD, geo_dist_geo_NEAR"
0.1072572526768555,"amt_deviation_dev_MOD, failed_txns_fail_NONE, geo_dist_geo_NEAR"
0.11631737896952503,"amt_deviation_dev_MOD, device_dev_mobile, geo_dist_geo_NEAR"
0.13407156584606936,"amt_amt_MED, amt_deviation_dev_MOD, geo_dist_geo_NEAR"
0.12071016747506177,"amt_amt_MED, geo_dist_geo_NEAR, intl_domestic"
0.09407888716024526,"amt_amt_MED, fraud_legit, geo_dist_geo_NEAR"
0.0856593758579665,"acct_age_acct_OLD, amt_amt_MED, geo_dist_geo_NEAR"
0.08552210121716848,"amt_amt_MED, failed_txns_fail_NONE, geo_dist_geo_NEAR"
0.0661663768646472,"amt_amt_MED, channel_ch_card, geo_dist_geo_NEAR"
0.09128763613068545,"amt_amt_MED, device_dev_mobile, geo_dist_geo_NEAR"
0.09224855861627163,"geo_dist_geo_NEAR, intl_domestic, merch_risk_mrisk_MOD"
0.07078795643818066,"fraud_legit, geo_dist_geo_NEAR, merch_risk_mrisk_MOD"
0.0661663768646472,"failed_txns_fail_NONE, geo_dist_geo_NEAR, merch_risk_mrisk_MOD"
0.06525121259266038,"acct_age_acct_OLD, geo_dist_geo_NEAR, merch_risk_mrisk_MOD"
0.06223117049510387,"amt_deviation_dev_MOD, geo_dist_geo_NEAR, merch_risk_mrisk_MOD"
0.04932735426008968,"amt_amt_MED, geo_dist_geo_NEAR, merch_risk_mrisk_MOD"
0.051889814221652786,"channel_ch_card, geo_dist_geo_NEAR, merch_risk_mrisk_MOD"
0.043744852200970075,"geo_dist_geo_NEAR, ip_risk_ip_MOD, merch_risk_mrisk_MOD"
0.07010158323419054,"device_dev_mobile, geo_dist_geo_NEAR, merch_risk_mrisk_MOD"
0.08199871877001921,"geo_dist_geo_NEAR, intl_domestic, ip_risk_ip_LOW"
0.06506817973826302,"fraud_legit, geo_dist_geo_NEAR, ip_risk_ip_LOW"
0.05884506268875263,"failed_txns_fail_NONE, geo_dist_geo_NEAR, ip_risk_ip_LOW"
0.057838381989567124,"amt_deviation_dev_MOD, geo_dist_geo_NEAR, ip_risk_ip_LOW"
0.05756383270797108,"acct_age_acct_OLD, geo_dist_geo_NEAR, ip_risk_ip_LOW"
0.04552942253134438,"amt_amt_MED, geo_dist_geo_NEAR, ip_risk_ip_LOW"
0.034089869131509104,"geo_dist_geo_NEAR, ip_risk_ip_LOW, merch_risk_mrisk_MOD"
0.04520911503614899,"channel_ch_card, geo_dist_geo_NEAR, ip_risk_ip_LOW"
0.03294591379152558,"geo_dist_geo_NEAR, ip_risk_ip_LOW, velocity_1h_vel1h_LOW"
0.030795277752356548,"geo_dist_geo_NEAR, ip_risk_ip_LOW, kyc_kyc_3"
0.06424453189347488,"device_dev_mobile, geo_dist_geo_NEAR, ip_risk_ip_LOW"
0.07810927061407523,"geo_dist_geo_NEAR, intl_domestic, kyc_kyc_1"
0.06131600622311705,"fraud_legit, geo_dist_geo_NEAR, kyc_kyc_1"
0.05674018486318294,"failed_txns_fail_NONE, geo_dist_geo_NEAR, kyc_kyc_1"
0.05518440560080534,"acct_age_acct_OLD, geo_dist_geo_NEAR, kyc_kyc_1"
0.05509288917360666,"amt_deviation_dev_MOD, geo_dist_geo_NEAR, kyc_kyc_1"
0.04429395076416217,"amt_amt_MED, geo_dist_geo_NEAR, kyc_kyc_1"
0.03216802416033678,"geo_dist_geo_NEAR, kyc_kyc_1, merch_risk_mrisk_MOD"
0.030200420975565113,"geo_dist_geo_NEAR, ip_risk_ip_LOW, kyc_kyc_1"
0.0618193465727098,"device_dev_mobile, geo_dist_geo_NEAR, kyc_kyc_1"
0.03669808730667155,"geo_dist_geo_NEAR, ip_risk_ip_MOD, kyc_kyc_1"
0.0438821268417681,"channel_ch_card, geo_dist_geo_NEAR, kyc_kyc_1"
0.03093255239315457,"geo_dist_geo_NEAR, kyc_kyc_1, velocity_1h_vel1h_LOW"
0.07865836917726732,"geo_dist_geo_NEAR, intl_domestic, velocity_1h_vel1h_ZERO"
0.061636313718312435,"fraud_legit, geo_dist_geo_NEAR, velocity_1h_vel1h_ZERO"
0.05715200878557701,"failed_txns_fail_NONE, geo_dist_geo_NEAR, velocity_1h_vel1h_ZERO"
0.056602910222384915,"acct_age_acct_OLD, geo_dist_geo_NEAR, velocity_1h_vel1h_ZERO"
0.05518440560080534,"amt_deviation_dev_MOD, geo_dist_geo_NEAR, velocity_1h_vel1h_ZERO"
0.04397364326896678,"amt_amt_MED, geo_dist_geo_NEAR, velocity_1h_vel1h_ZERO"
0.032396815228333486,"geo_dist_geo_NEAR, merch_risk_mrisk_MOD, velocity_1h_vel1h_ZERO"
0.030200420975565113,"geo_dist_geo_NEAR, kyc_kyc_1, velocity_1h_vel1h_ZERO"
0.030154662761965774,"geo_dist_geo_NEAR, ip_risk_ip_LOW, velocity_1h_vel1h_ZERO"
0.03628626338427748,"geo_dist_geo_NEAR, ip_risk_ip_MOD, velocity_1h_vel1h_ZERO"
0.062368445135901895,"device_dev_mobile, geo_dist_geo_NEAR, velocity_1h_vel1h_ZERO"
0.04397364326896678,"channel_ch_card, geo_dist_geo_NEAR, velocity_1h_vel1h_ZERO"
0.16912235746316465,"device_dev_mobile, geo_dist_geo_NEAR, intl_domestic"
0.08991488972270523,"geo_dist_geo_NEAR, intl_domestic, velocity_1h_vel1h_LOW"
0.0692779353894024,"fraud_legit, geo_dist_geo_NEAR, velocity_1h_vel1h_LOW"
0.06836277111741558,"device_dev_mobile, geo_dist_geo_NEAR, velocity_1h_vel1h_LOW"
0.06488514688386565,"acct_age_acct_OLD, geo_dist_geo_NEAR, velocity_1h_vel1h_LOW"
0.06374119154388212,"failed_txns_fail_NONE, geo_dist_geo_NEAR, velocity_1h_vel1h_LOW"
0.06213965406790519,"amt_deviation_dev_MOD, geo_dist_geo_NEAR, velocity_1h_vel1h_LOW"
0.04983069460968244,"channel_ch_card, geo_dist_geo_NEAR, velocity_1h_vel1h_LOW"
0.04896128855129496,"amt_amt_MED, geo_dist_geo_NEAR, velocity_1h_vel1h_LOW"
0.03743021872426101,"geo_dist_geo_NEAR, merch_risk_mrisk_MOD, velocity_1h_vel1h_LOW"
0.042966962569781275,"geo_dist_geo_NEAR, ip_risk_ip_MOD, velocity_1h_vel1h_LOW"
0.08204447698361855,"geo_dist_geo_NEAR, intl_domestic, kyc_kyc_2"
0.06369543333028278,"device_dev_mobile, geo_dist_geo_NEAR, kyc_kyc_2"
0.06108721515512035,"fraud_legit, geo_dist_geo_NEAR, kyc_kyc_2"
0.05962295231994143,"acct_age_acct_OLD, geo_dist_geo_NEAR, kyc_kyc_2"
0.056968975931179645,"failed_txns_fail_NONE, geo_dist_geo_NEAR, kyc_kyc_2"
0.0346389676947012,"geo_dist_geo_NEAR, kyc_kyc_2, velocity_1h_vel1h_LOW"
0.0559165370183948,"amt_deviation_dev_MOD, geo_dist_geo_NEAR, kyc_kyc_2"
0.044568500045758214,"channel_ch_card, geo_dist_geo_NEAR, kyc_kyc_2"
0.044522741832158874,"amt_amt_MED, geo_dist_geo_NEAR, kyc_kyc_2"
0.039443580122632015,"geo_dist_geo_NEAR, ip_risk_ip_MOD, kyc_kyc_2"
0.0305207284707605,"geo_dist_geo_NEAR, ip_risk_ip_LOW, kyc_kyc_2"
0.03459320948110186,"geo_dist_geo_NEAR, kyc_kyc_2, merch_risk_mrisk_MOD"
0.06845428754461426,"geo_dist_geo_NEAR, intl_domestic, merch_risk_mrisk_LOW"
0.05523016381440469,"fraud_legit, geo_dist_geo_NEAR, merch_risk_mrisk_LOW"
0.052347396357646195,"device_dev_mobile, geo_dist_geo_NEAR, merch_risk_mrisk_LOW"
0.04864098105609957,"failed_txns_fail_NONE, geo_dist_geo_NEAR, merch_risk_mrisk_LOW"
0.048503706415301544,"acct_age_acct_OLD, geo_dist_geo_NEAR, merch_risk_mrisk_LOW"
0.04790884963851011,"amt_deviation_dev_MOD, geo_dist_geo_NEAR, merch_risk_mrisk_LOW"
0.03816235014185046,"amt_amt_MED, geo_dist_geo_NEAR, merch_risk_mrisk_LOW"
0.03738446051066167,"channel_ch_card, geo_dist_geo_NEAR, merch_risk_mrisk_LOW"
0.03152740916994601,"geo_dist_geo_NEAR, ip_risk_ip_MOD, merch_risk_mrisk_LOW"
0.12116774961105518,"channel_ch_card, geo_dist_geo_NEAR, intl_domestic"
0.0907842957810927,"channel_ch_card, fraud_legit, geo_dist_geo_NEAR"
0.08648302370275464,"acct_age_acct_OLD, channel_ch_card, geo_dist_geo_NEAR"
0.0862084744211586,"channel_ch_card, failed_txns_fail_NONE, geo_dist_geo_NEAR"
0.08346298160519813,"amt_deviation_dev_MOD, channel_ch_card, geo_dist_geo_NEAR"
0.09435343644184131,"channel_ch_card, device_dev_mobile, geo_dist_geo_NEAR"
0.08295964125560538,"geo_dist_geo_NEAR, intl_domestic, kyc_kyc_3"
0.06268875263109729,"fraud_legit, geo_dist_geo_NEAR, kyc_kyc_3"
0.0592568866111467,"failed_txns_fail_NONE, geo_dist_geo_NEAR, kyc_kyc_3"
0.058936579115951314,"acct_age_acct_OLD, geo_dist_geo_NEAR, kyc_kyc_3"
0.057838381989567124,"amt_deviation_dev_MOD, geo_dist_geo_NEAR, kyc_kyc_3"
0.04621579573533449,"channel_ch_card, geo_dist_geo_NEAR, kyc_kyc_3"
0.04534638967694701,"amt_amt_MED, geo_dist_geo_NEAR, kyc_kyc_3"
0.03418138555870779,"geo_dist_geo_NEAR, kyc_kyc_3, velocity_1h_vel1h_LOW"
0.06291754369909398,"device_dev_mobile, geo_dist_geo_NEAR, kyc_kyc_3"
0.03857417406424453,"geo_dist_geo_NEAR, ip_risk_ip_MOD, kyc_kyc_3"
0.03532534089869131,"geo_dist_geo_NEAR, kyc_kyc_3, merch_risk_mrisk_MOD"
0.08355449803239681,"geo_dist_geo_NEAR, intl_domestic, velocity_24h_vel24h_MOD"
0.07632470028370092,"fraud_legit, geo_dist_geo_NEAR, velocity_24h_vel24h_MOD"
0.061544797291113756,"failed_txns_fail_NONE, geo_dist_geo_NEAR, velocity_24h_vel24h_MOD"
0.05834172233915988,"acct_age_acct_OLD, geo_dist_geo_NEAR, velocity_24h_vel24h_MOD"
0.05715200878557701,"amt_deviation_dev_MOD, geo_dist_geo_NEAR, velocity_24h_vel24h_MOD"
0.04516335682254965,"amt_amt_MED, geo_dist_geo_NEAR, velocity_24h_vel24h_MOD"
0.04484304932735426,"channel_ch_card, geo_dist_geo_NEAR, velocity_24h_vel24h_MOD"
0.035188066257893294,"geo_dist_geo_NEAR, velocity_1h_vel1h_LOW, velocity_24h_vel24h_MOD"
0.031207101674750617,"geo_dist_geo_NEAR, kyc_kyc_3, velocity_24h_vel24h_MOD"
0.030200420975565113,"geo_dist_geo_NEAR, ip_risk_ip_LOW, velocity_24h_vel24h_MOD"
0.061544797291113756,"device_dev_mobile, geo_dist_geo_NEAR, velocity_24h_vel24h_MOD"
0.039535096549830694,"geo_dist_geo_NEAR, ip_risk_ip_MOD, velocity_24h_vel24h_MOD"
0.030291937402763796,"geo_dist_geo_NEAR, kyc_kyc_2, velocity_24h_vel24h_MOD"
0.03532534089869131,"geo_dist_geo_NEAR, merch_risk_mrisk_MOD, velocity_24h_vel24h_MOD"
0.06497666331106433,"geo_dist_geo_NEAR, intl_domestic, merch_risk_mrisk_HIGH"
0.048046124279308135,"acct_age_acct_OLD, geo_dist_geo_NEAR, merch_risk_mrisk_HIGH"
0.047268234648119335,"amt_deviation_dev_MOD, geo_dist_geo_NEAR, merch_risk_mrisk_HIGH"
0.04699368536652329,"fraud_legit, geo_dist_geo_NEAR, merch_risk_mrisk_HIGH"
0.04612427930813581,"failed_txns_fail_NONE, geo_dist_geo_NEAR, merch_risk_mrisk_HIGH"
0.037842042646655076,"amt_amt_MED, geo_dist_geo_NEAR, merch_risk_mrisk_HIGH"
0.0361947469570788,"channel_ch_card, geo_dist_geo_NEAR, merch_risk_mrisk_HIGH"
0.05216436350324883,"device_dev_mobile, geo_dist_geo_NEAR, merch_risk_mrisk_HIGH"
0.030291937402763796,"geo_dist_geo_NEAR, ip_risk_ip_MOD, merch_risk_mrisk_HIGH"
0.07092523107897868,"fraud_FRAUD, geo_dist_geo_NEAR, intl_domestic"
0.0602635673103322,"device_dev_mobile, fraud_FRAUD, geo_dist_geo_NEAR"
0.05504713096000732,"acct_age_acct_OLD, fraud_FRAUD, geo_dist_geo_NEAR"
0.05120344101766267,"amt_deviation_dev_MOD, fraud_FRAUD, geo_dist_geo_NEAR"
0.0438821268417681,"channel_ch_card, fraud_FRAUD, geo_dist_geo_NEAR"
0.04356181934657271,"failed_txns_fail_NONE, fraud_FRAUD, geo_dist_geo_NEAR"
0.04008419511302279,"amt_amt_MED, fraud_FRAUD, geo_dist_geo_NEAR"
0.037109911229065616,"fraud_FRAUD, geo_dist_geo_NEAR, ip_risk_ip_MOD"
0.031298618101949296,"fraud_FRAUD, geo_dist_geo_NEAR, merch_risk_mrisk_MOD"
0.03047497025716116,"fraud_FRAUD, geo_dist_geo_NEAR, velocity_1h_vel1h_LOW"
0.06575455294225313,"failed_txns_fail_LOW, geo_dist_geo_NEAR, intl_domestic"
0.05175253958085476,"device_dev_mobile, failed_txns_fail_LOW, geo_dist_geo_NEAR"
0.04790884963851011,"acct_age_acct_OLD, failed_txns_fail_LOW, geo_dist_geo_NEAR"
0.047634300356914065,"amt_deviation_dev_MOD, failed_txns_fail_LOW, geo_dist_geo_NEAR"
0.037475976937860346,"amt_amt_MED, failed_txns_fail_LOW, geo_dist_geo_NEAR"
0.03743021872426101,"channel_ch_card, failed_txns_fail_LOW, geo_dist_geo_NEAR"
0.04584973002653976,"failed_txns_fail_LOW, fraud_legit, geo_dist_geo_NEAR"
0.031161343461151278,"failed_txns_fail_LOW, geo_dist_geo_NEAR, ip_risk_ip_MOD"
0.06639516793264391,"geo_dist_geo_NEAR, intl_domestic, velocity_1h_vel1h_MOD"
0.051111924590463986,"device_dev_mobile, geo_dist_geo_NEAR, velocity_1h_vel1h_MOD"
0.049967969250480464,"fraud_legit, geo_dist_geo_NEAR, velocity_1h_vel1h_MOD"
0.046490345016930536,"failed_txns_fail_NONE, geo_dist_geo_NEAR, velocity_1h_vel1h_MOD"
0.04612427930813581,"acct_age_acct_OLD, geo_dist_geo_NEAR, velocity_1h_vel1h_MOD"
0.04598700466733779,"amt_deviation_dev_MOD, geo_dist_geo_NEAR, velocity_1h_vel1h_MOD"
0.03656081266587352,"amt_amt_MED, geo_dist_geo_NEAR, velocity_1h_vel1h_MOD"
0.0364235380250755,"channel_ch_card, geo_dist_geo_NEAR, velocity_1h_vel1h_MOD"
0.03175620023794271,"geo_dist_geo_NEAR, ip_risk_ip_MOD, velocity_1h_vel1h_MOD"
0.10249839846252402,"geo_dist_geo_NEAR, intl_domestic, ip_risk_ip_MOD"
0.07760593026448248,"fraud_legit, geo_dist_geo_NEAR, ip_risk_ip_MOD"
0.07490619566212135,"acct_age_acct_OLD, geo_dist_geo_NEAR, ip_risk_ip_MOD"
0.0738537567493365,"failed_txns_fail_NONE, geo_dist_geo_NEAR, ip_risk_ip_MOD"
0.07101674750617736,"amt_deviation_dev_MOD, geo_dist_geo_NEAR, ip_risk_ip_MOD"
0.0574723162807724,"amt_amt_MED, geo_dist_geo_NEAR, ip_risk_ip_MOD"
0.05674018486318294,"channel_ch_card, geo_dist_geo_NEAR, ip_risk_ip_MOD"
0.07966504987645283,"device_dev_mobile, geo_dist_geo_NEAR, ip_risk_ip_MOD"
0.07472316280772398,"geo_dist_geo_NEAR, intl_domestic, velocity_24h_vel24h_LOW"
0.07101674750617736,"fraud_legit, geo_dist_geo_NEAR, velocity_24h_vel24h_LOW"
0.05683170129038163,"device_dev_mobile, geo_dist_geo_NEAR, velocity_24h_vel24h_LOW"
0.05573350416399744,"failed_txns_fail_NONE, geo_dist_geo_NEAR, velocity_24h_vel24h_LOW"
0.05216436350324883,"acct_age_acct_OLD, geo_dist_geo_NEAR, velocity_24h_vel24h_LOW"
0.0507916170952686,"amt_deviation_dev_MOD, geo_dist_geo_NEAR, velocity_24h_vel24h_LOW"
0.04072481010341356,"amt_amt_MED, geo_dist_geo_NEAR, velocity_24h_vel24h_LOW"
0.039855404045026084,"channel_ch_card, geo_dist_geo_NEAR, velocity_24h_vel24h_LOW"
0.03381531984991306,"geo_dist_geo_NEAR, ip_risk_ip_MOD, velocity_24h_vel24h_LOW"
0.030841035965955887,"geo_dist_geo_NEAR, merch_risk_mrisk_MOD, velocity_24h_vel24h_LOW"
0.2258625423263476,"device_dev_desktop, intl_domestic"
0.1724169488423172,"device_dev_desktop, fraud_legit"
0.16202983435526677,"acct_age_acct_OLD, device_dev_desktop"
0.16070284616088587,"device_dev_desktop, failed_txns_fail_NONE"
0.1585979683353162,"amt_deviation_dev_MOD, device_dev_desktop"
0.1269790427381715,"amt_amt_MED, device_dev_desktop"
0.09430767822824197,"device_dev_desktop, merch_risk_mrisk_MOD"
0.08515603550837375,"device_dev_desktop, ip_risk_ip_LOW"
0.0823190262652146,"device_dev_desktop, kyc_kyc_1"
0.08149537842042646,"device_dev_desktop, velocity_1h_vel1h_ZERO"
0.06955248467099845,"device_dev_desktop, geo_dist_geo_NEAR"
0.10391690308410359,"device_dev_desktop, ip_risk_ip_MOD"
0.06955248467099845,"device_dev_desktop, velocity_1h_vel1h_MOD"
0.06923217717580306,"device_dev_desktop, geo_dist_geo_FAR"
0.08401208016839022,"device_dev_desktop, velocity_24h_vel24h_MOD"
0.12519447240779719,"channel_ch_card, device_dev_desktop"
0.08483572801317836,"device_dev_desktop, kyc_kyc_3"
0.06863732039901162,"device_dev_desktop, failed_txns_fail_LOW"
0.06982703395259449,"device_dev_desktop, merch_risk_mrisk_LOW"
0.09650407248101034,"device_dev_desktop, geo_dist_geo_MOD"
0.0785210945364693,"device_dev_desktop, fraud_FRAUD"
0.06996430859339252,"device_dev_desktop, merch_risk_mrisk_HIGH"
0.09215704218907293,"device_dev_desktop, velocity_1h_vel1h_LOW"
0.07646197492449895,"device_dev_desktop, velocity_24h_vel24h_LOW"
0.08378328910039352,"device_dev_desktop, kyc_kyc_2"
0.1601537475976938,"device_dev_desktop, fraud_legit, intl_domestic"
0.145694152100302,"acct_age_acct_OLD, device_dev_desktop, intl_domestic"
0.11160428296879289,"acct_age_acct_OLD, device_dev_desktop, fraud_legit"
0.14583142674110003,"device_dev_desktop, failed_txns_fail_NONE, intl_domestic"
0.12116774961105518,"device_dev_desktop, failed_txns_fail_NONE, fraud_legit"
0.10309325523931545,"acct_age_acct_OLD, device_dev_desktop, failed_txns_fail_NONE"
0.14317745035233825,"amt_deviation_dev_MOD, device_dev_desktop, intl_domestic"
0.11132973368719686,"amt_deviation_dev_MOD, device_dev_desktop, fraud_legit"
0.10295598059851743,"amt_deviation_dev_MOD, device_dev_desktop, failed_txns_fail_NONE"
0.102361123821726,"acct_age_acct_OLD, amt_deviation_dev_MOD, device_dev_desktop"
0.12688752631097283,"amt_amt_MED, amt_deviation_dev_MOD, device_dev_desktop"
0.11485311613434611,"amt_amt_MED, device_dev_desktop, intl_domestic"
0.08959458222750984,"amt_amt_MED, device_dev_desktop, fraud_legit"
0.08241054269241328,"amt_amt_MED, device_dev_desktop, failed_txns_fail_NONE"
0.08167841127482384,"acct_age_acct_OLD, amt_amt_MED, device_dev_desktop"
0.08456117873158232,"device_dev_desktop, intl_domestic, merch_risk_mrisk_MOD"
0.06424453189347488,"device_dev_desktop, fraud_legit, merch_risk_mrisk_MOD"
0.06136176443671639,"acct_age_acct_OLD, device_dev_desktop, merch_risk_mrisk_MOD"
0.06058387480552759,"device_dev_desktop, failed_txns_fail_NONE, merch_risk_mrisk_MOD"
0.05953143589274275,"amt_deviation_dev_MOD, device_dev_desktop, merch_risk_mrisk_MOD"
0.04786309142491077,"amt_amt_MED, device_dev_desktop, merch_risk_mrisk_MOD"
0.039443580122632015,"device_dev_desktop, ip_risk_ip_MOD, merch_risk_mrisk_MOD"
0.048457948201702204,"channel_ch_card, device_dev_desktop, merch_risk_mrisk_MOD"
0.03665232909307221,"device_dev_desktop, geo_dist_geo_MOD, merch_risk_mrisk_MOD"
0.07673652420609499,"device_dev_desktop, intl_domestic, ip_risk_ip_LOW"
0.062002379427107165,"device_dev_desktop, fraud_legit, ip_risk_ip_LOW"
0.0559165370183948,"device_dev_desktop, failed_txns_fail_NONE, ip_risk_ip_LOW"
0.054635307037613254,"acct_age_acct_OLD, device_dev_desktop, ip_risk_ip_LOW"
0.052713462066440925,"amt_deviation_dev_MOD, device_dev_desktop, ip_risk_ip_LOW"
0.04196028187059577,"amt_amt_MED, device_dev_desktop, ip_risk_ip_LOW"
0.03212226594673744,"device_dev_desktop, ip_risk_ip_LOW, merch_risk_mrisk_MOD"
0.031298618101949296,"device_dev_desktop, geo_dist_geo_MOD, ip_risk_ip_LOW"
0.04228058936579116,"channel_ch_card, device_dev_desktop, ip_risk_ip_LOW"
0.03038345382996248,"device_dev_desktop, ip_risk_ip_LOW, velocity_1h_vel1h_LOW"
0.07426558067173057,"device_dev_desktop, intl_domestic, kyc_kyc_1"
0.05715200878557701,"device_dev_desktop, fraud_legit, kyc_kyc_1"
0.052347396357646195,"acct_age_acct_OLD, device_dev_desktop, kyc_kyc_1"
0.052301638144046855,"device_dev_desktop, failed_txns_fail_NONE, kyc_kyc_1"
0.05134071565846069,"amt_deviation_dev_MOD, device_dev_desktop, kyc_kyc_1"
0.040633293676214884,"amt_amt_MED, device_dev_desktop, kyc_kyc_1"
0.03431866019950581,"device_dev_desktop, ip_risk_ip_MOD, kyc_kyc_1"
0.04040450260821817,"channel_ch_card, device_dev_desktop, kyc_kyc_1"
0.03157316738354535,"device_dev_desktop, geo_dist_geo_MOD, kyc_kyc_1"
0.07270980140935297,"device_dev_desktop, intl_domestic, velocity_1h_vel1h_ZERO"
0.056602910222384915,"device_dev_desktop, fraud_legit, velocity_1h_vel1h_ZERO"
0.052988011348036976,"acct_age_acct_OLD, device_dev_desktop, velocity_1h_vel1h_ZERO"
0.052347396357646195,"device_dev_desktop, failed_txns_fail_NONE, velocity_1h_vel1h_ZERO"
0.0507916170952686,"amt_deviation_dev_MOD, device_dev_desktop, velocity_1h_vel1h_ZERO"
0.041319666880205,"amt_amt_MED, device_dev_desktop, velocity_1h_vel1h_ZERO"
0.03253408986913151,"device_dev_desktop, ip_risk_ip_MOD, velocity_1h_vel1h_ZERO"
0.031207101674750617,"device_dev_desktop, geo_dist_geo_MOD, velocity_1h_vel1h_ZERO"
0.040221469753820814,"channel_ch_card, device_dev_desktop, velocity_1h_vel1h_ZERO"
0.06259723620389859,"device_dev_desktop, geo_dist_geo_NEAR, intl_domestic"
0.048000366065708795,"device_dev_desktop, fraud_legit, geo_dist_geo_NEAR"
0.044522741832158874,"acct_age_acct_OLD, device_dev_desktop, geo_dist_geo_NEAR"
0.04443122540496019,"amt_deviation_dev_MOD, device_dev_desktop, geo_dist_geo_NEAR"
0.0438821268417681,"device_dev_desktop, failed_txns_fail_NONE, geo_dist_geo_NEAR"
0.03628626338427748,"amt_amt_MED, device_dev_desktop, geo_dist_geo_NEAR"
0.034044110917909765,"channel_ch_card, device_dev_desktop, geo_dist_geo_NEAR"
0.09330099752905646,"device_dev_desktop, intl_domestic, ip_risk_ip_MOD"
0.07001006680699186,"device_dev_desktop, fraud_legit, ip_risk_ip_MOD"
0.06639516793264391,"amt_deviation_dev_MOD, device_dev_desktop, ip_risk_ip_MOD"
0.06580031115585247,"device_dev_desktop, failed_txns_fail_NONE, ip_risk_ip_MOD"
0.053537109911229064,"amt_amt_MED, device_dev_desktop, ip_risk_ip_MOD"
0.06731033220463073,"acct_age_acct_OLD, device_dev_desktop, ip_risk_ip_MOD"
0.05285073670723895,"channel_ch_card, device_dev_desktop, ip_risk_ip_MOD"
0.06305481833989202,"device_dev_desktop, intl_domestic, velocity_1h_vel1h_MOD"
0.047588542143314726,"device_dev_desktop, fraud_legit, velocity_1h_vel1h_MOD"
0.04557518074494372,"device_dev_desktop, failed_txns_fail_NONE, velocity_1h_vel1h_MOD"
0.04429395076416217,"amt_deviation_dev_MOD, device_dev_desktop, velocity_1h_vel1h_MOD"
0.03509654983069461,"amt_amt_MED, device_dev_desktop, velocity_1h_vel1h_MOD"
0.043378786492175345,"acct_age_acct_OLD, device_dev_desktop, velocity_1h_vel1h_MOD"
0.03454745126750252,"channel_ch_card, device_dev_desktop, velocity_1h_vel1h_MOD"
0.062093895854305844,"device_dev_desktop, geo_dist_geo_FAR, intl_domestic"
0.04740550928891736,"device_dev_desktop, fraud_legit, geo_dist_geo_FAR"
0.043424544705774684,"device_dev_desktop, failed_txns_fail_NONE, geo_dist_geo_FAR"
0.04305847899697996,"amt_deviation_dev_MOD, device_dev_desktop, geo_dist_geo_FAR"
0.033723803422714374,"amt_amt_MED, device_dev_desktop, geo_dist_geo_FAR"
0.044476983618559535,"acct_age_acct_OLD, device_dev_desktop, geo_dist_geo_FAR"
0.03495927518989659,"channel_ch_card, device_dev_desktop, geo_dist_geo_FAR"
0.07742289741008511,"device_dev_desktop, intl_domestic, velocity_24h_vel24h_MOD"
0.07069644001098196,"device_dev_desktop, fraud_legit, velocity_24h_vel24h_MOD"
0.058067173057563835,"device_dev_desktop, failed_txns_fail_NONE, velocity_24h_vel24h_MOD"
0.054635307037613254,"acct_age_acct_OLD, device_dev_desktop, velocity_24h_vel24h_MOD"
0.03468472590830054,"device_dev_desktop, ip_risk_ip_MOD, velocity_24h_vel24h_MOD"
0.041411183307403676,"channel_ch_card, device_dev_desktop, velocity_24h_vel24h_MOD"
0.0305207284707605,"device_dev_desktop, geo_dist_geo_MOD, velocity_24h_vel24h_MOD"
0.05408620847442116,"amt_deviation_dev_MOD, device_dev_desktop, velocity_24h_vel24h_MOD"
0.043378786492175345,"amt_amt_MED, device_dev_desktop, velocity_24h_vel24h_MOD"
0.03235105701473415,"device_dev_desktop, merch_risk_mrisk_MOD, velocity_24h_vel24h_MOD"
0.11311430401757115,"channel_ch_card, device_dev_desktop, intl_domestic"
0.08657454012995333,"channel_ch_card, device_dev_desktop, fraud_legit"
0.08158689484762514,"channel_ch_card, device_dev_desktop, failed_txns_fail_NONE"
0.0808547634300357,"acct_age_acct_OLD, channel_ch_card, device_dev_desktop"
0.0792074677404594,"amt_deviation_dev_MOD, channel_ch_card, device_dev_desktop"
0.06369543333028278,"amt_amt_MED, channel_ch_card, device_dev_desktop"
0.07641621671089961,"device_dev_desktop, intl_domestic, kyc_kyc_3"
0.058478996979957905,"device_dev_desktop, fraud_legit, kyc_kyc_3"
0.03546261553948934,"device_dev_desktop, ip_risk_ip_MOD, kyc_kyc_3"
0.03299167200512492,"device_dev_desktop, geo_dist_geo_MOD, kyc_kyc_3"
0.054223483115219184,"device_dev_desktop, failed_txns_fail_NONE, kyc_kyc_3"
0.05367438455202709,"amt_deviation_dev_MOD, device_dev_desktop, kyc_kyc_3"
0.041777249016198406,"channel_ch_card, device_dev_desktop, kyc_kyc_3"
0.03134437631554864,"device_dev_desktop, kyc_kyc_3, velocity_1h_vel1h_LOW"
0.05545895488240139,"acct_age_acct_OLD, device_dev_desktop, kyc_kyc_3"
0.04324151185137732,"amt_amt_MED, device_dev_desktop, kyc_kyc_3"
0.031664683810744026,"device_dev_desktop, kyc_kyc_3, merch_risk_mrisk_MOD"
0.061178731582319026,"device_dev_desktop, failed_txns_fail_LOW, intl_domestic"
0.0415484579482017,"device_dev_desktop, failed_txns_fail_LOW, fraud_legit"
0.044110917909764805,"acct_age_acct_OLD, device_dev_desktop, failed_txns_fail_LOW"
0.033220463073121625,"channel_ch_card, device_dev_desktop, failed_txns_fail_LOW"
0.04228058936579116,"amt_deviation_dev_MOD, device_dev_desktop, failed_txns_fail_LOW"
0.03376956163631372,"amt_amt_MED, device_dev_desktop, failed_txns_fail_LOW"
0.06346664226228609,"device_dev_desktop, intl_domestic, merch_risk_mrisk_LOW"
0.051477990299258716,"device_dev_desktop, fraud_legit, merch_risk_mrisk_LOW"
0.04589548824013911,"device_dev_desktop, failed_txns_fail_NONE, merch_risk_mrisk_LOW"
0.044934565754552944,"acct_age_acct_OLD, device_dev_desktop, merch_risk_mrisk_LOW"
0.04273817150178457,"amt_deviation_dev_MOD, device_dev_desktop, merch_risk_mrisk_LOW"
0.03473048412189988,"channel_ch_card, device_dev_desktop, merch_risk_mrisk_LOW"
0.03468472590830054,"amt_amt_MED, device_dev_desktop, merch_risk_mrisk_LOW"
0.08716939690674476,"device_dev_desktop, geo_dist_geo_MOD, intl_domestic"
0.0661663768646472,"device_dev_desktop, fraud_legit, geo_dist_geo_MOD"
0.06278026905829596,"device_dev_desktop, failed_txns_fail_NONE, geo_dist_geo_MOD"
0.061544797291113756,"amt_deviation_dev_MOD, device_dev_desktop, geo_dist_geo_MOD"
0.0490070467648943,"amt_amt_MED, device_dev_desktop, geo_dist_geo_MOD"
0.04777157499771209,"channel_ch_card, device_dev_desktop, geo_dist_geo_MOD"
0.04003843689942345,"device_dev_desktop, geo_dist_geo_MOD, ip_risk_ip_MOD"
0.06250571977669991,"acct_age_acct_OLD, device_dev_desktop, geo_dist_geo_MOD"
0.06570879472865379,"device_dev_desktop, fraud_FRAUD, intl_domestic"
0.030337695616363135,"device_dev_desktop, fraud_FRAUD, geo_dist_geo_MOD"
0.05042555138647387,"acct_age_acct_OLD, device_dev_desktop, fraud_FRAUD"
0.039535096549830694,"device_dev_desktop, failed_txns_fail_NONE, fraud_FRAUD"
0.047268234648119335,"amt_deviation_dev_MOD, device_dev_desktop, fraud_FRAUD"
0.038619932277843876,"channel_ch_card, device_dev_desktop, fraud_FRAUD"
0.03738446051066167,"amt_amt_MED, device_dev_desktop, fraud_FRAUD"
0.03390683627711174,"device_dev_desktop, fraud_FRAUD, ip_risk_ip_MOD"
0.03006314633476709,"device_dev_desktop, fraud_FRAUD, merch_risk_mrisk_MOD"
0.06305481833989202,"device_dev_desktop, intl_domestic, merch_risk_mrisk_HIGH"
0.04676489429852659,"device_dev_desktop, fraud_legit, merch_risk_mrisk_HIGH"
0.04552942253134438,"amt_deviation_dev_MOD, device_dev_desktop, merch_risk_mrisk_HIGH"
0.04484304932735426,"acct_age_acct_OLD, device_dev_desktop, merch_risk_mrisk_HIGH"
0.043699093987370735,"device_dev_desktop, failed_txns_fail_NONE, merch_risk_mrisk_HIGH"
0.03569140660748604,"amt_amt_MED, device_dev_desktop, merch_risk_mrisk_HIGH"
0.034089869131509104,"channel_ch_card, device_dev_desktop, merch_risk_mrisk_HIGH"
0.08323419053720142,"device_dev_desktop, intl_domestic, velocity_1h_vel1h_LOW"
0.06433604832067356,"device_dev_desktop, fraud_legit, velocity_1h_vel1h_LOW"
0.05843323876635856,"amt_deviation_dev_MOD, device_dev_desktop, velocity_1h_vel1h_LOW"
0.057838381989567124,"device_dev_desktop, failed_txns_fail_NONE, velocity_1h_vel1h_LOW"
0.046490345016930536,"channel_ch_card, device_dev_desktop, velocity_1h_vel1h_LOW"
0.04621579573533449,"amt_amt_MED, device_dev_desktop, velocity_1h_vel1h_LOW"
0.039123272627436624,"device_dev_desktop, ip_risk_ip_MOD, velocity_1h_vel1h_LOW"
0.0356456483938867,"device_dev_desktop, geo_dist_geo_MOD, velocity_1h_vel1h_LOW"
0.06049235837832891,"acct_age_acct_OLD, device_dev_desktop, velocity_1h_vel1h_LOW"
0.03610323052988011,"device_dev_desktop, merch_risk_mrisk_MOD, velocity_1h_vel1h_LOW"
0.07023885787498856,"device_dev_desktop, intl_domestic, velocity_24h_vel24h_LOW"
0.06731033220463073,"device_dev_desktop, fraud_legit, velocity_24h_vel24h_LOW"
0.052301638144046855,"device_dev_desktop, failed_txns_fail_NONE, velocity_24h_vel24h_LOW"
0.048412189988102865,"amt_deviation_dev_MOD, device_dev_desktop, velocity_24h_vel24h_LOW"
0.038345382996247825,"amt_amt_MED, device_dev_desktop, velocity_24h_vel24h_LOW"
0.038299624782648485,"channel_ch_card, device_dev_desktop, velocity_24h_vel24h_LOW"
0.031298618101949296,"device_dev_desktop, ip_risk_ip_MOD, velocity_24h_vel24h_LOW"
0.04964766175528507,"acct_age_acct_OLD, device_dev_desktop, velocity_24h_vel24h_LOW"
0.0751807449437174,"device_dev_desktop, intl_domestic, kyc_kyc_2"
0.05678594307678228,"device_dev_desktop, fraud_legit, kyc_kyc_2"
0.054223483115219184,"acct_age_acct_OLD, device_dev_desktop, kyc_kyc_2"
0.05417772490161984,"device_dev_desktop, failed_txns_fail_NONE, kyc_kyc_2"
0.043012720783380615,"channel_ch_card, device_dev_desktop, kyc_kyc_2"
0.03193923309234008,"device_dev_desktop, geo_dist_geo_MOD, kyc_kyc_2"
0.0535828681248284,"amt_deviation_dev_MOD, device_dev_desktop, kyc_kyc_2"
0.0431042372105793,"amt_amt_MED, device_dev_desktop, kyc_kyc_2"
0.03148165095634666,"device_dev_desktop, kyc_kyc_2, velocity_1h_vel1h_LOW"
0.034135627345108444,"device_dev_desktop, ip_risk_ip_MOD, kyc_kyc_2"
0.0330831884323236,"device_dev_desktop, kyc_kyc_2, merch_risk_mrisk_MOD"
0.17017479637594948,"intl_domestic, velocity_24h_vel24h_HIGH"
0.12610963667978403,"acct_age_acct_OLD, velocity_24h_vel24h_HIGH"
0.12249473780543607,"amt_deviation_dev_MOD, velocity_24h_vel24h_HIGH"
0.11599707147432964,"failed_txns_fail_NONE, velocity_24h_vel24h_HIGH"
0.11544797291113755,"fraud_legit, velocity_24h_vel24h_HIGH"
0.09696165461700375,"amt_amt_MED, velocity_24h_vel24h_HIGH"
0.07312162533174704,"merch_risk_mrisk_MOD, velocity_24h_vel24h_HIGH"
0.06447332296147158,"velocity_1h_vel1h_ZERO, velocity_24h_vel24h_HIGH"
0.06351240047588542,"ip_risk_ip_LOW, velocity_24h_vel24h_HIGH"
0.06346664226228609,"kyc_kyc_1, velocity_24h_vel24h_HIGH"
0.051935572435252125,"geo_dist_geo_NEAR, velocity_24h_vel24h_HIGH"
0.04969341996888441,"device_dev_desktop, velocity_24h_vel24h_HIGH"
0.042189072938592476,"credit_band_credit_3, velocity_24h_vel24h_HIGH"
0.08250205911961198,"ip_risk_ip_MOD, velocity_24h_vel24h_HIGH"
0.056602910222384915,"geo_dist_geo_FAR, velocity_24h_vel24h_HIGH"
0.053079527775235655,"velocity_1h_vel1h_MOD, velocity_24h_vel24h_HIGH"
0.1359934108172417,"device_dev_mobile, velocity_24h_vel24h_HIGH"
0.06996430859339252,"velocity_1h_vel1h_LOW, velocity_24h_vel24h_HIGH"
0.06612061865104786,"kyc_kyc_2, velocity_24h_vel24h_HIGH"
0.05143223208565938,"merch_risk_mrisk_LOW, velocity_24h_vel24h_HIGH"
0.04909856319209298,"channel_ch_upi, velocity_24h_vel24h_HIGH"
0.044110917909764805,"amt_amt_HIGH, velocity_24h_vel24h_HIGH"
0.04031298618101949,"ip_risk_ip_HIGH, velocity_24h_vel24h_HIGH"
0.037475976937860346,"credit_band_credit_1, velocity_24h_vel24h_HIGH"
0.034867758762697904,"amt_deviation_dev_HIGH, velocity_24h_vel24h_HIGH"
0.09792257710258992,"channel_ch_card, velocity_24h_vel24h_HIGH"
0.03848265763704585,"credit_band_credit_4, velocity_24h_vel24h_HIGH"
0.08035142308044294,"fraud_FRAUD, velocity_24h_vel24h_HIGH"
0.06621213507824654,"kyc_kyc_3, velocity_24h_vel24h_HIGH"
0.056191086299990846,"failed_txns_fail_LOW, velocity_24h_vel24h_HIGH"
0.03880296513224124,"credit_band_credit_2, velocity_24h_vel24h_HIGH"
0.057014734144778985,"merch_risk_mrisk_HIGH, velocity_24h_vel24h_HIGH"
0.07646197492449895,"geo_dist_geo_MOD, velocity_24h_vel24h_HIGH"
0.03884872334584058,"credit_band_credit_5, velocity_24h_vel24h_HIGH"
0.047268234648119335,"amt_amt_LOW, velocity_24h_vel24h_HIGH"
0.10954516335682254,"acct_age_acct_OLD, intl_domestic, velocity_24h_vel24h_HIGH"
0.08739818797474147,"acct_age_acct_OLD, device_dev_mobile, velocity_24h_vel24h_HIGH"
0.10711997803605747,"amt_deviation_dev_MOD, intl_domestic, velocity_24h_vel24h_HIGH"
0.0792989841676581,"acct_age_acct_OLD, amt_deviation_dev_MOD, velocity_24h_vel24h_HIGH"
0.08437814587718495,"amt_deviation_dev_MOD, device_dev_mobile, velocity_24h_vel24h_HIGH"
0.102361123821726,"failed_txns_fail_NONE, intl_domestic, velocity_24h_vel24h_HIGH"
0.07550105243891278,"acct_age_acct_OLD, failed_txns_fail_NONE, velocity_24h_vel24h_HIGH"
0.07211494463256155,"amt_deviation_dev_MOD, failed_txns_fail_NONE, velocity_24h_vel24h_HIGH"
0.0810835544980324,"device_dev_mobile, failed_txns_fail_NONE, velocity_24h_vel24h_HIGH"
0.1074860437448522,"fraud_legit, intl_domestic, velocity_24h_vel24h_HIGH"
0.08195296055641987,"failed_txns_fail_NONE, fraud_legit, velocity_24h_vel24h_HIGH"
0.07536377779811476,"amt_deviation_dev_MOD, fraud_legit, velocity_24h_vel24h_HIGH"
0.07353344925414111,"acct_age_acct_OLD, fraud_legit, velocity_24h_vel24h_HIGH"
0.08112931271163173,"device_dev_mobile, fraud_legit, velocity_24h_vel24h_HIGH"
0.09696165461700375,"amt_amt_MED, amt_deviation_dev_MOD, velocity_24h_vel24h_HIGH"
0.08552210121716848,"amt_amt_MED, intl_domestic, velocity_24h_vel24h_HIGH"
0.06287178548549464,"acct_age_acct_OLD, amt_amt_MED, velocity_24h_vel24h_HIGH"
0.06072114944632562,"amt_amt_MED, fraud_legit, velocity_24h_vel24h_HIGH"
0.05715200878557701,"amt_amt_MED, failed_txns_fail_NONE, velocity_24h_vel24h_HIGH"
0.04735975107531802,"amt_amt_MED, channel_ch_card, velocity_24h_vel24h_HIGH"
0.06648668435984259,"amt_amt_MED, device_dev_mobile, velocity_24h_vel24h_HIGH"
0.06378694975748146,"intl_domestic, merch_risk_mrisk_MOD, velocity_24h_vel24h_HIGH"
0.04818339892010616,"acct_age_acct_OLD, merch_risk_mrisk_MOD, velocity_24h_vel24h_HIGH"
0.04589548824013911,"amt_deviation_dev_MOD, merch_risk_mrisk_MOD, velocity_24h_vel24h_HIGH"
0.044110917909764805,"fraud_legit, merch_risk_mrisk_MOD, velocity_24h_vel24h_HIGH"
0.043790610414569414,"failed_txns_fail_NONE, merch_risk_mrisk_MOD, velocity_24h_vel24h_HIGH"
0.03573716482108538,"amt_amt_MED, merch_risk_mrisk_MOD, velocity_24h_vel24h_HIGH"
0.030795277752356548,"ip_risk_ip_MOD, merch_risk_mrisk_MOD, velocity_24h_vel24h_HIGH"
0.03656081266587352,"channel_ch_card, merch_risk_mrisk_MOD, velocity_24h_vel24h_HIGH"
0.05060858424087124,"device_dev_mobile, merch_risk_mrisk_MOD, velocity_24h_vel24h_HIGH"
0.030291937402763796,"geo_dist_geo_MOD, merch_risk_mrisk_MOD, velocity_24h_vel24h_HIGH"
0.05637411915438821,"intl_domestic, velocity_1h_vel1h_ZERO, velocity_24h_vel24h_HIGH"
0.04191452365699643,"acct_age_acct_OLD, velocity_1h_vel1h_ZERO, velocity_24h_vel24h_HIGH"
0.03967237119062872,"amt_deviation_dev_MOD, velocity_1h_vel1h_ZERO, velocity_24h_vel24h_HIGH"
0.03880296513224124,"fraud_legit, velocity_1h_vel1h_ZERO, velocity_24h_vel24h_HIGH"
0.037887800860254416,"failed_txns_fail_NONE, velocity_1h_vel1h_ZERO, velocity_24h_vel24h_HIGH"
0.03189347487874073,"amt_amt_MED, velocity_1h_vel1h_ZERO, velocity_24h_vel24h_HIGH"
0.0456666971721424,"device_dev_mobile, velocity_1h_vel1h_ZERO, velocity_24h_vel24h_HIGH"
0.0330831884323236,"channel_ch_card, velocity_1h_vel1h_ZERO, velocity_24h_vel24h_HIGH"
0.056145328086391506,"intl_domestic, ip_risk_ip_LOW, velocity_24h_vel24h_HIGH"
0.04067905188981422,"acct_age_acct_OLD, ip_risk_ip_LOW, velocity_24h_vel24h_HIGH"
0.03967237119062872,"fraud_legit, ip_risk_ip_LOW, velocity_24h_vel24h_HIGH"
0.03889448155943992,"amt_deviation_dev_MOD, ip_risk_ip_LOW, velocity_24h_vel24h_HIGH"
0.038208108355449806,"failed_txns_fail_NONE, ip_risk_ip_LOW, velocity_24h_vel24h_HIGH"
0.03038345382996248,"amt_amt_MED, ip_risk_ip_LOW, velocity_24h_vel24h_HIGH"
0.044156676123364144,"device_dev_mobile, ip_risk_ip_LOW, velocity_24h_vel24h_HIGH"
0.030612244897959183,"channel_ch_card, ip_risk_ip_LOW, velocity_24h_vel24h_HIGH"
0.05458954882401391,"intl_domestic, kyc_kyc_1, velocity_24h_vel24h_HIGH"
0.04072481010341356,"acct_age_acct_OLD, kyc_kyc_1, velocity_24h_vel24h_HIGH"
0.04035874439461883,"amt_deviation_dev_MOD, kyc_kyc_1, velocity_24h_vel24h_HIGH"
0.03852841585064519,"failed_txns_fail_NONE, kyc_kyc_1, velocity_24h_vel24h_HIGH"
0.03811659192825112,"fraud_legit, kyc_kyc_1, velocity_24h_vel24h_HIGH"
0.032488331655532166,"amt_amt_MED, kyc_kyc_1, velocity_24h_vel24h_HIGH"
0.031115585247551935,"channel_ch_card, kyc_kyc_1, velocity_24h_vel24h_HIGH"
0.04525487324974833,"device_dev_mobile, kyc_kyc_1, velocity_24h_vel24h_HIGH"
0.04466001647295689,"geo_dist_geo_NEAR, intl_domestic, velocity_24h_vel24h_HIGH"
0.03271712272352887,"acct_age_acct_OLD, geo_dist_geo_NEAR, velocity_24h_vel24h_HIGH"
0.03180195845154205,"amt_deviation_dev_MOD, geo_dist_geo_NEAR, velocity_24h_vel24h_HIGH"
0.030703761325157865,"failed_txns_fail_NONE, geo_dist_geo_NEAR, velocity_24h_vel24h_HIGH"
0.030429212043561818,"fraud_legit, geo_dist_geo_NEAR, velocity_24h_vel24h_HIGH"
0.03692687837466825,"device_dev_mobile, geo_dist_geo_NEAR, velocity_24h_vel24h_HIGH"
0.043836368628168754,"device_dev_desktop, intl_domestic, velocity_24h_vel24h_HIGH"
0.03180195845154205,"acct_age_acct_OLD, device_dev_desktop, velocity_24h_vel24h_HIGH"
0.031298618101949296,"amt_deviation_dev_MOD, device_dev_desktop, velocity_24h_vel24h_HIGH"
0.03660657087947287,"credit_band_credit_3, intl_domestic, velocity_24h_vel24h_HIGH"
0.07087947286537934,"intl_domestic, ip_risk_ip_MOD, velocity_24h_vel24h_HIGH"
0.05216436350324883,"amt_deviation_dev_MOD, ip_risk_ip_MOD, velocity_24h_vel24h_HIGH"
0.048320673560904186,"failed_txns_fail_NONE, ip_risk_ip_MOD, velocity_24h_vel24h_HIGH"
0.04790884963851011,"fraud_legit, ip_risk_ip_MOD, velocity_24h_vel24h_HIGH"
0.04159421616180104,"amt_amt_MED, ip_risk_ip_MOD, velocity_24h_vel24h_HIGH"
0.05372014276562643,"acct_age_acct_OLD, ip_risk_ip_MOD, velocity_24h_vel24h_HIGH"
0.042189072938592476,"channel_ch_card, ip_risk_ip_MOD, velocity_24h_vel24h_HIGH"
0.05797565663036515,"device_dev_mobile, ip_risk_ip_MOD, velocity_24h_vel24h_HIGH"
0.04973917818248376,"geo_dist_geo_FAR, intl_domestic, velocity_24h_vel24h_HIGH"
0.03637777981147616,"amt_deviation_dev_MOD, geo_dist_geo_FAR, velocity_24h_vel24h_HIGH"
0.033998352704310425,"fraud_legit, geo_dist_geo_FAR, velocity_24h_vel24h_HIGH"
0.03390683627711174,"failed_txns_fail_NONE, geo_dist_geo_FAR, velocity_24h_vel24h_HIGH"
0.03678960373387023,"acct_age_acct_OLD, geo_dist_geo_FAR, velocity_24h_vel24h_HIGH"
0.038711448705042555,"device_dev_mobile, geo_dist_geo_FAR, velocity_24h_vel24h_HIGH"
0.04543790610414569,"intl_domestic, velocity_1h_vel1h_MOD, velocity_24h_vel24h_HIGH"
0.03294591379152558,"amt_deviation_dev_MOD, velocity_1h_vel1h_MOD, velocity_24h_vel24h_HIGH"
0.03180195845154205,"failed_txns_fail_NONE, velocity_1h_vel1h_MOD, velocity_24h_vel24h_HIGH"
0.031161343461151278,"fraud_legit, velocity_1h_vel1h_MOD, velocity_24h_vel24h_HIGH"
0.033540770568317016,"acct_age_acct_OLD, velocity_1h_vel1h_MOD, velocity_24h_vel24h_HIGH"
0.036743845520270886,"device_dev_mobile, velocity_1h_vel1h_MOD, velocity_24h_vel24h_HIGH"
0.11736981788230988,"device_dev_mobile, intl_domestic, velocity_24h_vel24h_HIGH"
0.06113297336871969,"intl_domestic, velocity_1h_vel1h_LOW, velocity_24h_vel24h_HIGH"
0.047588542143314726,"device_dev_mobile, velocity_1h_vel1h_LOW, velocity_24h_vel24h_HIGH"
0.04525487324974833,"acct_age_acct_OLD, velocity_1h_vel1h_LOW, velocity_24h_vel24h_HIGH"
0.04241786400658918,"fraud_legit, velocity_1h_vel1h_LOW, velocity_24h_vel24h_HIGH"
0.0415484579482017,"failed_txns_fail_NONE, velocity_1h_vel1h_LOW, velocity_24h_vel24h_HIGH"
0.04520911503614899,"amt_deviation_dev_MOD, velocity_1h_vel1h_LOW, velocity_24h_vel24h_HIGH"
0.03541685732589,"amt_amt_MED, velocity_1h_vel1h_LOW, velocity_24h_vel24h_HIGH"
0.03454745126750252,"channel_ch_card, velocity_1h_vel1h_LOW, velocity_24h_vel24h_HIGH"
0.05710625057197767,"intl_domestic, kyc_kyc_2, velocity_24h_vel24h_HIGH"
0.04584973002653976,"device_dev_mobile, kyc_kyc_2, velocity_24h_vel24h_HIGH"
0.042509380433787866,"acct_age_acct_OLD, kyc_kyc_2, velocity_24h_vel24h_HIGH"
0.03880296513224124,"failed_txns_fail_NONE, kyc_kyc_2, velocity_24h_vel24h_HIGH"
0.03807083371465178,"fraud_legit, kyc_kyc_2, velocity_24h_vel24h_HIGH"
0.034501693053903174,"channel_ch_card, kyc_kyc_2, velocity_24h_vel24h_HIGH"
0.04090784295781093,"amt_deviation_dev_MOD, kyc_kyc_2, velocity_24h_vel24h_HIGH"
0.03212226594673744,"amt_amt_MED, kyc_kyc_2, velocity_24h_vel24h_HIGH"
0.04525487324974833,"intl_domestic, merch_risk_mrisk_LOW, velocity_24h_vel24h_HIGH"
0.03601171410268143,"device_dev_mobile, merch_risk_mrisk_LOW, velocity_24h_vel24h_HIGH"
0.0323052988011348,"fraud_legit, merch_risk_mrisk_LOW, velocity_24h_vel24h_HIGH"
0.03221378237393612,"acct_age_acct_OLD, merch_risk_mrisk_LOW, velocity_24h_vel24h_HIGH"
0.031664683810744026,"failed_txns_fail_NONE, merch_risk_mrisk_LOW, velocity_24h_vel24h_HIGH"
0.03257984808273085,"amt_deviation_dev_MOD, merch_risk_mrisk_LOW, velocity_24h_vel24h_HIGH"
0.042189072938592476,"channel_ch_upi, intl_domestic, velocity_24h_vel24h_HIGH"
0.033586528781916355,"channel_ch_upi, device_dev_mobile, velocity_24h_vel24h_HIGH"
0.03189347487874073,"acct_age_acct_OLD, channel_ch_upi, velocity_24h_vel24h_HIGH"
0.03148165095634666,"amt_deviation_dev_MOD, channel_ch_upi, velocity_24h_vel24h_HIGH"
0.038345382996247825,"amt_amt_HIGH, intl_domestic, velocity_24h_vel24h_HIGH"
0.031298618101949296,"amt_amt_HIGH, device_dev_mobile, velocity_24h_vel24h_HIGH"
0.03495927518989659,"intl_domestic, ip_risk_ip_HIGH, velocity_24h_vel24h_HIGH"
0.03235105701473415,"credit_band_credit_1, intl_domestic, velocity_24h_vel24h_HIGH"
0.034867758762697904,"amt_amt_HIGH, amt_deviation_dev_HIGH, velocity_24h_vel24h_HIGH"
0.030566486684359843,"amt_deviation_dev_HIGH, intl_domestic, velocity_24h_vel24h_HIGH"
0.08556785943076782,"channel_ch_card, intl_domestic, velocity_24h_vel24h_HIGH"
0.0631463347670907,"acct_age_acct_OLD, channel_ch_card, velocity_24h_vel24h_HIGH"
0.060446600164729566,"amt_deviation_dev_MOD, channel_ch_card, velocity_24h_vel24h_HIGH"
0.05916537018394802,"channel_ch_card, failed_txns_fail_NONE, velocity_24h_vel24h_HIGH"
0.05829596412556054,"channel_ch_card, fraud_legit, velocity_24h_vel24h_HIGH"
0.06776791434062414,"channel_ch_card, device_dev_mobile, velocity_24h_vel24h_HIGH"
0.03381531984991306,"credit_band_credit_4, intl_domestic, velocity_24h_vel24h_HIGH"
0.06268875263109729,"fraud_FRAUD, intl_domestic, velocity_24h_vel24h_HIGH"
0.05486409810560996,"device_dev_mobile, fraud_FRAUD, velocity_24h_vel24h_HIGH"
0.052576187425642906,"acct_age_acct_OLD, fraud_FRAUD, velocity_24h_vel24h_HIGH"
0.04713096000732132,"amt_deviation_dev_MOD, fraud_FRAUD, velocity_24h_vel24h_HIGH"
0.03962661297702938,"channel_ch_card, fraud_FRAUD, velocity_24h_vel24h_HIGH"
0.03624050517067814,"amt_amt_MED, fraud_FRAUD, velocity_24h_vel24h_HIGH"
0.03459320948110186,"fraud_FRAUD, ip_risk_ip_MOD, velocity_24h_vel24h_HIGH"
0.034044110917909765,"failed_txns_fail_NONE, fraud_FRAUD, velocity_24h_vel24h_HIGH"
0.058478996979957905,"intl_domestic, kyc_kyc_3, velocity_24h_vel24h_HIGH"
0.044888807540953604,"device_dev_mobile, kyc_kyc_3, velocity_24h_vel24h_HIGH"
0.042875446142582596,"acct_age_acct_OLD, kyc_kyc_3, velocity_24h_vel24h_HIGH"
0.04122815045300632,"amt_deviation_dev_MOD, kyc_kyc_3, velocity_24h_vel24h_HIGH"
0.03926054726823465,"fraud_legit, kyc_kyc_3, velocity_24h_vel24h_HIGH"
0.038665690491443215,"failed_txns_fail_NONE, kyc_kyc_3, velocity_24h_vel24h_HIGH"
0.03235105701473415,"amt_amt_MED, kyc_kyc_3, velocity_24h_vel24h_HIGH"
0.0323052988011348,"channel_ch_card, kyc_kyc_3, velocity_24h_vel24h_HIGH"
0.04731399286171868,"failed_txns_fail_LOW, intl_domestic, velocity_24h_vel24h_HIGH"
0.038619932277843876,"device_dev_mobile, failed_txns_fail_LOW, velocity_24h_vel24h_HIGH"
0.03614898874347945,"acct_age_acct_OLD, failed_txns_fail_LOW, velocity_24h_vel24h_HIGH"
0.03578292303468473,"amt_deviation_dev_MOD, failed_txns_fail_LOW, velocity_24h_vel24h_HIGH"
0.03349501235471767,"credit_band_credit_2, intl_domestic, velocity_24h_vel24h_HIGH"
0.049601903541685734,"intl_domestic, merch_risk_mrisk_HIGH, velocity_24h_vel24h_HIGH"
0.03935206369543333,"device_dev_mobile, merch_risk_mrisk_HIGH, velocity_24h_vel24h_HIGH"
0.03660657087947287,"acct_age_acct_OLD, merch_risk_mrisk_HIGH, velocity_24h_vel24h_HIGH"
0.03505079161709527,"amt_deviation_dev_MOD, merch_risk_mrisk_HIGH, velocity_24h_vel24h_HIGH"
0.03303743021872426,"failed_txns_fail_NONE, merch_risk_mrisk_HIGH, velocity_24h_vel24h_HIGH"
0.03184771666514139,"fraud_legit, merch_risk_mrisk_HIGH, velocity_24h_vel24h_HIGH"
0.0667154754278393,"geo_dist_geo_MOD, intl_domestic, velocity_24h_vel24h_HIGH"
0.052621945639242246,"device_dev_mobile, geo_dist_geo_MOD, velocity_24h_vel24h_HIGH"
0.048046124279308135,"amt_deviation_dev_MOD, geo_dist_geo_MOD, velocity_24h_vel24h_HIGH"
0.04507184039535096,"fraud_legit, geo_dist_geo_MOD, velocity_24h_vel24h_HIGH"
0.04502608218175162,"failed_txns_fail_NONE, geo_dist_geo_MOD, velocity_24h_vel24h_HIGH"
0.03743021872426101,"amt_amt_MED, geo_dist_geo_MOD, velocity_24h_vel24h_HIGH"
0.03189347487874073,"geo_dist_geo_MOD, ip_risk_ip_MOD, velocity_24h_vel24h_HIGH"
0.049601903541685734,"acct_age_acct_OLD, geo_dist_geo_MOD, velocity_24h_vel24h_HIGH"
0.03139013452914798,"fraud_FRAUD, geo_dist_geo_MOD, velocity_24h_vel24h_HIGH"
0.03894023977303926,"channel_ch_card, geo_dist_geo_MOD, velocity_24h_vel24h_HIGH"
0.03390683627711174,"credit_band_credit_5, intl_domestic, velocity_24h_vel24h_HIGH"
0.03967237119062872,"amt_amt_LOW, intl_domestic, velocity_24h_vel24h_HIGH"
0.03303743021872426,"amt_amt_LOW, device_dev_mobile, velocity_24h_vel24h_HIGH"
0.030612244897959183,"acct_age_acct_OLD, amt_amt_LOW, velocity_24h_vel24h_HIGH"
0.32598151368170586,"intl_domestic, velocity_1h_vel1h_LOW"
0.2517616912235746,"device_dev_mobile, velocity_1h_vel1h_LOW"
0.2505719776699918,"fraud_legit, velocity_1h_vel1h_LOW"
0.23455660291022237,"acct_age_acct_OLD, velocity_1h_vel1h_LOW"
0.23121625331747048,"failed_txns_fail_NONE, velocity_1h_vel1h_LOW"
0.22874530978310606,"amt_deviation_dev_MOD, velocity_1h_vel1h_LOW"
0.17850279125102955,"amt_amt_MED, velocity_1h_vel1h_LOW"
0.13809828864281137,"merch_risk_mrisk_MOD, velocity_1h_vel1h_LOW"
0.13260730301089046,"geo_dist_geo_MOD, velocity_1h_vel1h_LOW"
0.1531527409169946,"ip_risk_ip_MOD, velocity_1h_vel1h_LOW"
0.18303285439736433,"channel_ch_card, velocity_1h_vel1h_LOW"
0.2267777065983344,"device_dev_mobile, intl_domestic, velocity_1h_vel1h_LOW"
0.2326805161526494,"fraud_legit, intl_domestic, velocity_1h_vel1h_LOW"
0.17447606845428754,"device_dev_mobile, fraud_legit, velocity_1h_vel1h_LOW"
0.21245538574174064,"acct_age_acct_OLD, intl_domestic, velocity_1h_vel1h_LOW"
0.1630822732680516,"acct_age_acct_OLD, fraud_legit, velocity_1h_vel1h_LOW"
0.1623043836368628,"acct_age_acct_OLD, device_dev_mobile, velocity_1h_vel1h_LOW"
0.20957261828498217,"failed_txns_fail_NONE, intl_domestic, velocity_1h_vel1h_LOW"
0.17406424453189348,"failed_txns_fail_NONE, fraud_legit, velocity_1h_vel1h_LOW"
0.161389219364876,"device_dev_mobile, failed_txns_fail_NONE, velocity_1h_vel1h_LOW"
0.15040724810103415,"acct_age_acct_OLD, failed_txns_fail_NONE, velocity_1h_vel1h_LOW"
0.20641530154662763,"amt_deviation_dev_MOD, intl_domestic, velocity_1h_vel1h_LOW"
0.1623043836368628,"amt_deviation_dev_MOD, fraud_legit, velocity_1h_vel1h_LOW"
0.1589640340441109,"amt_deviation_dev_MOD, device_dev_mobile, velocity_1h_vel1h_LOW"
0.1488057106250572,"acct_age_acct_OLD, amt_deviation_dev_MOD, velocity_1h_vel1h_LOW"
0.14688386565388487,"amt_deviation_dev_MOD, failed_txns_fail_NONE, velocity_1h_vel1h_LOW"
0.17841127482383087,"amt_amt_MED, amt_deviation_dev_MOD, velocity_1h_vel1h_LOW"
0.16157225221927335,"amt_amt_MED, intl_domestic, velocity_1h_vel1h_LOW"
0.12688752631097283,"amt_amt_MED, fraud_legit, velocity_1h_vel1h_LOW"
0.12350141850462158,"amt_amt_MED, device_dev_mobile, velocity_1h_vel1h_LOW"
0.11608858790152833,"acct_age_acct_OLD, amt_amt_MED, velocity_1h_vel1h_LOW"
0.11480735792074677,"amt_amt_MED, failed_txns_fail_NONE, velocity_1h_vel1h_LOW"
0.08991488972270523,"amt_amt_MED, channel_ch_card, velocity_1h_vel1h_LOW"
0.12377596778621762,"intl_domestic, merch_risk_mrisk_MOD, velocity_1h_vel1h_LOW"
0.09554314999542418,"fraud_legit, merch_risk_mrisk_MOD, velocity_1h_vel1h_LOW"
0.09462798572343736,"device_dev_mobile, merch_risk_mrisk_MOD, velocity_1h_vel1h_LOW"
0.09046398828589731,"acct_age_acct_OLD, merch_risk_mrisk_MOD, velocity_1h_vel1h_LOW"
0.08813031939233093,"failed_txns_fail_NONE, merch_risk_mrisk_MOD, velocity_1h_vel1h_LOW"
0.0872151551203441,"amt_deviation_dev_MOD, merch_risk_mrisk_MOD, velocity_1h_vel1h_LOW"
0.06763063969982612,"amt_amt_MED, merch_risk_mrisk_MOD, velocity_1h_vel1h_LOW"
0.07152008785577012,"channel_ch_card, merch_risk_mrisk_MOD, velocity_1h_vel1h_LOW"
0.0582502059119612,"ip_risk_ip_MOD, merch_risk_mrisk_MOD, velocity_1h_vel1h_LOW"
0.11965772856227692,"geo_dist_geo_MOD, intl_domestic, velocity_1h_vel1h_LOW"
0.09083005399469204,"fraud_legit, geo_dist_geo_MOD, velocity_1h_vel1h_LOW"
0.0903267136450993,"device_dev_mobile, geo_dist_geo_MOD, velocity_1h_vel1h_LOW"
0.08602544156676123,"amt_deviation_dev_MOD, geo_dist_geo_MOD, velocity_1h_vel1h_LOW"
0.08588816692596321,"acct_age_acct_OLD, geo_dist_geo_MOD, velocity_1h_vel1h_LOW"
0.08515603550837375,"failed_txns_fail_NONE, geo_dist_geo_MOD, velocity_1h_vel1h_LOW"
0.06662395900064061,"amt_amt_MED, geo_dist_geo_MOD, velocity_1h_vel1h_LOW"
0.05161526494005674,"geo_dist_geo_MOD, merch_risk_mrisk_MOD, velocity_1h_vel1h_LOW"
0.05573350416399744,"geo_dist_geo_MOD, ip_risk_ip_MOD, velocity_1h_vel1h_LOW"
0.06735609041823007,"channel_ch_card, geo_dist_geo_MOD, velocity_1h_vel1h_LOW"
0.13736615722522194,"intl_domestic, ip_risk_ip_MOD, velocity_1h_vel1h_LOW"
0.10583874805527592,"device_dev_mobile, ip_risk_ip_MOD, velocity_1h_vel1h_LOW"
0.10528964949208383,"fraud_legit, ip_risk_ip_MOD, velocity_1h_vel1h_LOW"
0.09975290564656356,"acct_age_acct_OLD, ip_risk_ip_MOD, velocity_1h_vel1h_LOW"
0.09769378603459321,"amt_deviation_dev_MOD, ip_risk_ip_MOD, velocity_1h_vel1h_LOW"
0.07719410634208841,"amt_amt_MED, ip_risk_ip_MOD, velocity_1h_vel1h_LOW"
0.09700741283060309,"failed_txns_fail_NONE, ip_risk_ip_MOD, velocity_1h_vel1h_LOW"
0.0769653152740917,"channel_ch_card, ip_risk_ip_MOD, velocity_1h_vel1h_LOW"
0.16500411823922395,"channel_ch_card, intl_domestic, velocity_1h_vel1h_LOW"
0.12578932918458863,"channel_ch_card, fraud_legit, velocity_1h_vel1h_LOW"
0.11773588359110461,"acct_age_acct_OLD, channel_ch_card, velocity_1h_vel1h_LOW"
0.11654617003752174,"channel_ch_card, failed_txns_fail_NONE, velocity_1h_vel1h_LOW"
0.11608858790152833,"amt_deviation_dev_MOD, channel_ch_card, velocity_1h_vel1h_LOW"
0.12793996522375767,"channel_ch_card, device_dev_mobile, velocity_1h_vel1h_LOW"
0.22394069735517524,"channel_ch_upi, intl_domestic"
0.17223391598791984,"channel_ch_upi, fraud_legit"
0.17200512491992312,"channel_ch_upi, device_dev_mobile"
0.16202983435526677,"acct_age_acct_OLD, channel_ch_upi"
0.15887251761691223,"amt_deviation_dev_MOD, channel_ch_upi"
0.157499771208932,"channel_ch_upi, failed_txns_fail_NONE"
0.12491992312620115,"amt_amt_MED, channel_ch_upi"
0.09471950215063604,"channel_ch_upi, geo_dist_geo_MOD"
0.09201976754827491,"channel_ch_upi, merch_risk_mrisk_MOD"
0.08872517616912236,"channel_ch_upi, velocity_1h_vel1h_LOW"
0.08602544156676123,"channel_ch_upi, kyc_kyc_1"
0.08424087123638693,"channel_ch_upi, ip_risk_ip_LOW"
0.0838748055275922,"channel_ch_upi, velocity_24h_vel24h_MOD"
0.08067173057563833,"channel_ch_upi, kyc_kyc_2"
0.07023885787498856,"channel_ch_upi, merch_risk_mrisk_LOW"
0.06740184863182941,"channel_ch_upi, geo_dist_geo_NEAR"
0.07728562276928709,"channel_ch_upi, fraud_FRAUD"
0.07101674750617736,"channel_ch_upi, failed_txns_fail_LOW"
0.06863732039901162,"channel_ch_upi, velocity_1h_vel1h_MOD"
0.07142857142857142,"channel_ch_upi, geo_dist_geo_FAR"
0.10423721057929898,"channel_ch_upi, ip_risk_ip_MOD"
0.08396632195479088,"channel_ch_upi, velocity_1h_vel1h_ZERO"
0.06396998261187883,"channel_ch_upi, device_dev_desktop"
0.08282236661480735,"channel_ch_upi, kyc_kyc_3"
0.07467740459412464,"channel_ch_upi, velocity_24h_vel24h_LOW"
0.06941521003020042,"channel_ch_upi, merch_risk_mrisk_HIGH"
0.1599707147432964,"channel_ch_upi, fraud_legit, intl_domestic"
0.15420517982977944,"channel_ch_upi, device_dev_mobile, intl_domestic"
0.11924590463988285,"channel_ch_upi, device_dev_mobile, fraud_legit"
0.1461517342362954,"acct_age_acct_OLD, channel_ch_upi, intl_domestic"
0.112153381531985,"acct_age_acct_OLD, channel_ch_upi, device_dev_mobile"
0.11197034867758762,"acct_age_acct_OLD, channel_ch_upi, fraud_legit"
0.14276562642994417,"amt_deviation_dev_MOD, channel_ch_upi, intl_domestic"
0.11169579939599159,"amt_deviation_dev_MOD, channel_ch_upi, fraud_legit"
0.10936213050242519,"amt_deviation_dev_MOD, channel_ch_upi, device_dev_mobile"
0.10345932094811018,"acct_age_acct_OLD, amt_deviation_dev_MOD, channel_ch_upi"
0.14185046215795735,"channel_ch_upi, failed_txns_fail_NONE, intl_domestic"
0.11993227784387298,"channel_ch_upi, failed_txns_fail_NONE, fraud_legit"
0.10840120801683903,"channel_ch_upi, device_dev_mobile, failed_txns_fail_NONE"
0.10204081632653061,"acct_age_acct_OLD, channel_ch_upi, failed_txns_fail_NONE"
0.10048503706415302,"amt_deviation_dev_MOD, channel_ch_upi, failed_txns_fail_NONE"
0.12487416491260181,"amt_amt_MED, amt_deviation_dev_MOD, channel_ch_upi"
0.11256520545437906,"amt_amt_MED, channel_ch_upi, intl_domestic"
0.08808456117873158,"amt_amt_MED, channel_ch_upi, fraud_legit"
0.08593392513956255,"amt_amt_MED, channel_ch_upi, device_dev_mobile"
0.08172416948842318,"acct_age_acct_OLD, amt_amt_MED, channel_ch_upi"
0.0795277752356548,"amt_amt_MED, channel_ch_upi, failed_txns_fail_NONE"
0.08552210121716848,"channel_ch_upi, geo_dist_geo_MOD, intl_domestic"
0.06451908117507092,"channel_ch_upi, device_dev_mobile, geo_dist_geo_MOD"
0.06433604832067356,"channel_ch_upi, fraud_legit, geo_dist_geo_MOD"
0.06213965406790519,"amt_deviation_dev_MOD, channel_ch_upi, geo_dist_geo_MOD"
0.0602635673103322,"acct_age_acct_OLD, channel_ch_upi, geo_dist_geo_MOD"
0.05907385375674934,"channel_ch_upi, failed_txns_fail_NONE, geo_dist_geo_MOD"
0.04973917818248376,"amt_amt_MED, channel_ch_upi, geo_dist_geo_MOD"
0.04012995332662213,"channel_ch_upi, geo_dist_geo_MOD, ip_risk_ip_MOD"
0.0823190262652146,"channel_ch_upi, intl_domestic, merch_risk_mrisk_MOD"
0.06346664226228609,"channel_ch_upi, fraud_legit, merch_risk_mrisk_MOD"
0.06305481833989202,"channel_ch_upi, device_dev_mobile, merch_risk_mrisk_MOD"
0.06053811659192825,"acct_age_acct_OLD, channel_ch_upi, merch_risk_mrisk_MOD"
0.05875354626155395,"amt_deviation_dev_MOD, channel_ch_upi, merch_risk_mrisk_MOD"
0.057655349135169766,"channel_ch_upi, failed_txns_fail_NONE, merch_risk_mrisk_MOD"
0.046444586803331196,"amt_amt_MED, channel_ch_upi, merch_risk_mrisk_MOD"
0.03605747231628077,"channel_ch_upi, geo_dist_geo_MOD, merch_risk_mrisk_MOD"
0.039169030841035964,"channel_ch_upi, ip_risk_ip_MOD, merch_risk_mrisk_MOD"
0.07966504987645283,"channel_ch_upi, intl_domestic, velocity_1h_vel1h_LOW"
0.06172783014551112,"channel_ch_upi, fraud_legit, velocity_1h_vel1h_LOW"
0.0602635673103322,"channel_ch_upi, device_dev_mobile, velocity_1h_vel1h_LOW"
0.05898233732955065,"acct_age_acct_OLD, channel_ch_upi, velocity_1h_vel1h_LOW"
0.0564656355815869,"channel_ch_upi, failed_txns_fail_NONE, velocity_1h_vel1h_LOW"
0.05587077880479546,"amt_deviation_dev_MOD, channel_ch_upi, velocity_1h_vel1h_LOW"
0.043699093987370735,"amt_amt_MED, channel_ch_upi, velocity_1h_vel1h_LOW"
0.03335773771391965,"channel_ch_upi, merch_risk_mrisk_MOD, velocity_1h_vel1h_LOW"
0.03161892559714469,"channel_ch_upi, geo_dist_geo_MOD, velocity_1h_vel1h_LOW"
0.037933559073853755,"channel_ch_upi, ip_risk_ip_MOD, velocity_1h_vel1h_LOW"
0.07746865562368445,"channel_ch_upi, intl_domestic, kyc_kyc_1"
0.06090418230072298,"channel_ch_upi, fraud_legit, kyc_kyc_1"
0.059302644824746044,"channel_ch_upi, device_dev_mobile, kyc_kyc_1"
0.0566944266495836,"acct_age_acct_OLD, channel_ch_upi, kyc_kyc_1"
0.05628260272718953,"amt_deviation_dev_MOD, channel_ch_upi, kyc_kyc_1"
0.0543607577560172,"channel_ch_upi, failed_txns_fail_NONE, kyc_kyc_1"
0.04466001647295689,"amt_amt_MED, channel_ch_upi, kyc_kyc_1"
0.03294591379152558,"channel_ch_upi, geo_dist_geo_MOD, kyc_kyc_1"
0.030566486684359843,"channel_ch_upi, kyc_kyc_1, merch_risk_mrisk_MOD"
0.030246179189164456,"channel_ch_upi, kyc_kyc_1, velocity_1h_vel1h_LOW"
0.03473048412189988,"channel_ch_upi, ip_risk_ip_MOD, kyc_kyc_1"
0.07678228241969433,"channel_ch_upi, intl_domestic, ip_risk_ip_LOW"
0.06136176443671639,"channel_ch_upi, fraud_legit, ip_risk_ip_LOW"
0.057335041639974375,"channel_ch_upi, device_dev_mobile, ip_risk_ip_LOW"
0.0541319666880205,"channel_ch_upi, failed_txns_fail_NONE, ip_risk_ip_LOW"
0.05399469204722248,"acct_age_acct_OLD, channel_ch_upi, ip_risk_ip_LOW"
0.053033769561636315,"amt_deviation_dev_MOD, channel_ch_upi, ip_risk_ip_LOW"
0.041823007229797746,"amt_amt_MED, channel_ch_upi, ip_risk_ip_LOW"
0.031298618101949296,"channel_ch_upi, geo_dist_geo_MOD, ip_risk_ip_LOW"
0.030566486684359843,"channel_ch_upi, ip_risk_ip_LOW, merch_risk_mrisk_MOD"
0.030154662761965774,"channel_ch_upi, ip_risk_ip_LOW, velocity_1h_vel1h_LOW"
0.07646197492449895,"channel_ch_upi, intl_domestic, velocity_24h_vel24h_MOD"
0.07019309966138922,"channel_ch_upi, fraud_legit, velocity_24h_vel24h_MOD"
0.05751807449437174,"channel_ch_upi, device_dev_mobile, velocity_24h_vel24h_MOD"
0.05641987736798755,"channel_ch_upi, failed_txns_fail_NONE, velocity_24h_vel24h_MOD"
0.053857417406424454,"acct_age_acct_OLD, channel_ch_upi, velocity_24h_vel24h_MOD"
0.053811659192825115,"amt_deviation_dev_MOD, channel_ch_upi, velocity_24h_vel24h_MOD"
0.041823007229797746,"amt_amt_MED, channel_ch_upi, velocity_24h_vel24h_MOD"
0.03171044202434337,"channel_ch_upi, geo_dist_geo_MOD, velocity_24h_vel24h_MOD"
0.030246179189164456,"channel_ch_upi, merch_risk_mrisk_MOD, velocity_24h_vel24h_MOD"
0.03491351697629724,"channel_ch_upi, ip_risk_ip_MOD, velocity_24h_vel24h_MOD"
0.07225221927335956,"channel_ch_upi, intl_domestic, kyc_kyc_2"
0.05683170129038163,"channel_ch_upi, device_dev_mobile, kyc_kyc_2"
0.0543607577560172,"channel_ch_upi, fraud_legit, kyc_kyc_2"
0.051477990299258716,"acct_age_acct_OLD, channel_ch_upi, kyc_kyc_2"
0.05005948567767914,"channel_ch_upi, failed_txns_fail_NONE, kyc_kyc_2"
0.05065434245447058,"amt_deviation_dev_MOD, channel_ch_upi, kyc_kyc_2"
0.03939782190903267,"amt_amt_MED, channel_ch_upi, kyc_kyc_2"
0.030612244897959183,"channel_ch_upi, geo_dist_geo_MOD, kyc_kyc_2"
0.034776242335499225,"channel_ch_upi, ip_risk_ip_MOD, kyc_kyc_2"
0.030429212043561818,"channel_ch_upi, kyc_kyc_2, merch_risk_mrisk_MOD"
0.06291754369909398,"channel_ch_upi, intl_domestic, merch_risk_mrisk_LOW"
0.050745858881669256,"channel_ch_upi, fraud_legit, merch_risk_mrisk_LOW"
0.0490070467648943,"channel_ch_upi, device_dev_mobile, merch_risk_mrisk_LOW"
0.04562093895854306,"acct_age_acct_OLD, channel_ch_upi, merch_risk_mrisk_LOW"
0.04557518074494372,"channel_ch_upi, failed_txns_fail_NONE, merch_risk_mrisk_LOW"
0.04397364326896678,"amt_deviation_dev_MOD, channel_ch_upi, merch_risk_mrisk_LOW"
0.034776242335499225,"amt_amt_MED, channel_ch_upi, merch_risk_mrisk_LOW"
0.06012629266953418,"channel_ch_upi, geo_dist_geo_NEAR, intl_domestic"
0.046810652512125926,"channel_ch_upi, fraud_legit, geo_dist_geo_NEAR"
0.04557518074494372,"channel_ch_upi, device_dev_mobile, geo_dist_geo_NEAR"
0.044522741832158874,"acct_age_acct_OLD, channel_ch_upi, geo_dist_geo_NEAR"
0.04241786400658918,"channel_ch_upi, failed_txns_fail_NONE, geo_dist_geo_NEAR"
0.04264665507458589,"amt_deviation_dev_MOD, channel_ch_upi, geo_dist_geo_NEAR"
0.03335773771391965,"amt_amt_MED, channel_ch_upi, geo_dist_geo_NEAR"
0.06396998261187883,"channel_ch_upi, fraud_FRAUD, intl_domestic"
0.052759220280040264,"channel_ch_upi, device_dev_mobile, fraud_FRAUD"
0.05005948567767914,"acct_age_acct_OLD, channel_ch_upi, fraud_FRAUD"
0.047176718220920656,"amt_deviation_dev_MOD, channel_ch_upi, fraud_FRAUD"
0.03683536194746957,"amt_amt_MED, channel_ch_upi, fraud_FRAUD"
0.03038345382996248,"channel_ch_upi, fraud_FRAUD, geo_dist_geo_MOD"
0.037567493365059025,"channel_ch_upi, failed_txns_fail_NONE, fraud_FRAUD"
0.032854397364326896,"channel_ch_upi, fraud_FRAUD, ip_risk_ip_MOD"
0.06319209298069003,"channel_ch_upi, failed_txns_fail_LOW, intl_domestic"
0.04937311247368903,"channel_ch_upi, device_dev_mobile, failed_txns_fail_LOW"
0.0466733778713279,"acct_age_acct_OLD, channel_ch_upi, failed_txns_fail_LOW"
0.04516335682254965,"amt_deviation_dev_MOD, channel_ch_upi, failed_txns_fail_LOW"
0.034410176626704495,"amt_amt_MED, channel_ch_upi, failed_txns_fail_LOW"
0.04392788505536744,"channel_ch_upi, failed_txns_fail_LOW, fraud_legit"
0.06099569872792166,"channel_ch_upi, intl_domestic, velocity_1h_vel1h_MOD"
0.04703944358012263,"channel_ch_upi, device_dev_mobile, velocity_1h_vel1h_MOD"
0.044888807540953604,"amt_deviation_dev_MOD, channel_ch_upi, velocity_1h_vel1h_MOD"
0.04246362222018853,"acct_age_acct_OLD, channel_ch_upi, velocity_1h_vel1h_MOD"
0.035599890180287364,"amt_amt_MED, channel_ch_upi, velocity_1h_vel1h_MOD"
0.047634300356914065,"channel_ch_upi, fraud_legit, velocity_1h_vel1h_MOD"
0.04269241328818523,"channel_ch_upi, failed_txns_fail_NONE, velocity_1h_vel1h_MOD"
0.06406149903907751,"channel_ch_upi, geo_dist_geo_FAR, intl_domestic"
0.0500137274640798,"channel_ch_upi, device_dev_mobile, geo_dist_geo_FAR"
0.047222476434519996,"acct_age_acct_OLD, channel_ch_upi, geo_dist_geo_FAR"
0.049967969250480464,"channel_ch_upi, fraud_legit, geo_dist_geo_FAR"
0.04543790610414569,"channel_ch_upi, failed_txns_fail_NONE, geo_dist_geo_FAR"
0.04443122540496019,"amt_deviation_dev_MOD, channel_ch_upi, geo_dist_geo_FAR"
0.03418138555870779,"amt_amt_MED, channel_ch_upi, geo_dist_geo_FAR"
0.09270614075226503,"channel_ch_upi, intl_domestic, ip_risk_ip_MOD"
0.07138281321497209,"channel_ch_upi, fraud_legit, ip_risk_ip_MOD"
0.0685000457582136,"acct_age_acct_OLD, channel_ch_upi, ip_risk_ip_MOD"
0.06580031115585247,"channel_ch_upi, failed_txns_fail_NONE, ip_risk_ip_MOD"
0.0731673835453464,"channel_ch_upi, device_dev_mobile, ip_risk_ip_MOD"
0.06731033220463073,"amt_deviation_dev_MOD, channel_ch_upi, ip_risk_ip_MOD"
0.053079527775235655,"amt_amt_MED, channel_ch_upi, ip_risk_ip_MOD"
0.07586711814770751,"channel_ch_upi, intl_domestic, velocity_1h_vel1h_ZERO"
0.05861627162075592,"channel_ch_upi, fraud_legit, velocity_1h_vel1h_ZERO"
0.05495561453280864,"acct_age_acct_OLD, channel_ch_upi, velocity_1h_vel1h_ZERO"
0.053079527775235655,"channel_ch_upi, failed_txns_fail_NONE, velocity_1h_vel1h_ZERO"
0.033311979500320305,"channel_ch_upi, ip_risk_ip_MOD, velocity_1h_vel1h_ZERO"
0.058570513407156584,"channel_ch_upi, device_dev_mobile, velocity_1h_vel1h_ZERO"
0.053079527775235655,"amt_deviation_dev_MOD, channel_ch_upi, velocity_1h_vel1h_ZERO"
0.04205179829779446,"amt_amt_MED, channel_ch_upi, velocity_1h_vel1h_ZERO"
0.033266221286720965,"channel_ch_upi, geo_dist_geo_MOD, velocity_1h_vel1h_ZERO"
0.03093255239315457,"channel_ch_upi, merch_risk_mrisk_MOD, velocity_1h_vel1h_ZERO"
0.057655349135169766,"channel_ch_upi, device_dev_desktop, intl_domestic"
0.043744852200970075,"channel_ch_upi, device_dev_desktop, fraud_legit"
0.04145694152100302,"acct_age_acct_OLD, channel_ch_upi, device_dev_desktop"
0.04058753546261554,"channel_ch_upi, device_dev_desktop, failed_txns_fail_NONE"
0.04113663402580763,"amt_deviation_dev_MOD, channel_ch_upi, device_dev_desktop"
0.032442573441932826,"amt_amt_MED, channel_ch_upi, device_dev_desktop"
0.07421982245813123,"channel_ch_upi, intl_domestic, kyc_kyc_3"
0.056968975931179645,"channel_ch_upi, fraud_legit, kyc_kyc_3"
0.05587077880479546,"channel_ch_upi, device_dev_mobile, kyc_kyc_3"
0.053857417406424454,"acct_age_acct_OLD, channel_ch_upi, kyc_kyc_3"
0.053079527775235655,"channel_ch_upi, failed_txns_fail_NONE, kyc_kyc_3"
0.03473048412189988,"channel_ch_upi, ip_risk_ip_MOD, kyc_kyc_3"
0.031024068820353252,"channel_ch_upi, kyc_kyc_3, merch_risk_mrisk_MOD"
0.051935572435252125,"amt_deviation_dev_MOD, channel_ch_upi, kyc_kyc_3"
0.04086208474421159,"amt_amt_MED, channel_ch_upi, kyc_kyc_3"
0.031161343461151278,"channel_ch_upi, geo_dist_geo_MOD, kyc_kyc_3"
0.06946096824379976,"channel_ch_upi, intl_domestic, velocity_24h_vel24h_LOW"
0.06580031115585247,"channel_ch_upi, fraud_legit, velocity_24h_vel24h_LOW"
0.05175253958085476,"channel_ch_upi, device_dev_mobile, velocity_24h_vel24h_LOW"
0.05129495744486135,"channel_ch_upi, failed_txns_fail_NONE, velocity_24h_vel24h_LOW"
0.049235837832891004,"acct_age_acct_OLD, channel_ch_upi, velocity_24h_vel24h_LOW"
0.03175620023794271,"channel_ch_upi, ip_risk_ip_MOD, velocity_24h_vel24h_LOW"
0.048320673560904186,"amt_deviation_dev_MOD, channel_ch_upi, velocity_24h_vel24h_LOW"
0.038345382996247825,"amt_amt_MED, channel_ch_upi, velocity_24h_vel24h_LOW"
0.06255147799029925,"channel_ch_upi, intl_domestic, merch_risk_mrisk_HIGH"
0.047542783929715386,"channel_ch_upi, device_dev_mobile, merch_risk_mrisk_HIGH"
0.04671913608492725,"channel_ch_upi, fraud_legit, merch_risk_mrisk_HIGH"
0.04475153290015558,"acct_age_acct_OLD, channel_ch_upi, merch_risk_mrisk_HIGH"
0.04347030291937403,"channel_ch_upi, failed_txns_fail_NONE, merch_risk_mrisk_HIGH"
0.04470577468655624,"amt_deviation_dev_MOD, channel_ch_upi, merch_risk_mrisk_HIGH"
0.034867758762697904,"amt_amt_MED, channel_ch_upi, merch_risk_mrisk_HIGH"
0.15745401299533265,"amt_amt_LOW, device_dev_mobile"
0.14153015466276198,"acct_age_acct_OLD, amt_amt_LOW"
0.13937951862359294,"amt_amt_LOW, failed_txns_fail_NONE"
0.09275189896586437,"amt_amt_LOW, ip_risk_ip_MOD"
0.08305115768280406,"amt_amt_LOW, geo_dist_geo_MOD"
0.08259357554681065,"amt_amt_LOW, fraud_FRAUD"
0.07454012995332662,"amt_amt_LOW, kyc_kyc_2"
0.060858424087123636,"amt_amt_LOW, velocity_1h_vel1h_MOD"
0.05838748055275922,"amt_amt_LOW, merch_risk_mrisk_LOW"
0.19662304383636864,"amt_amt_LOW, intl_domestic"
0.0838748055275922,"amt_amt_LOW, merch_risk_mrisk_MOD"
0.0800768737988469,"amt_amt_LOW, velocity_1h_vel1h_LOW"
0.072847076050151,"amt_amt_LOW, kyc_kyc_1"
0.07225221927335956,"amt_amt_LOW, ip_risk_ip_LOW"
0.06378694975748146,"amt_amt_LOW, geo_dist_geo_FAR"
0.06145328086391507,"amt_amt_LOW, failed_txns_fail_LOW"
0.054635307037613254,"amt_amt_LOW, channel_ch_upi"
0.07371648210853848,"amt_amt_LOW, kyc_kyc_3"
0.06177358835911046,"amt_amt_LOW, merch_risk_mrisk_HIGH"
0.052621945639242246,"amt_amt_LOW, device_dev_desktop"
0.13851011256520546,"amt_amt_LOW, fraud_legit"
0.07280131783655167,"amt_amt_LOW, velocity_1h_vel1h_ZERO"
0.06140752265031573,"amt_amt_LOW, velocity_24h_vel24h_LOW"
0.07119978036057473,"amt_amt_LOW, velocity_24h_vel24h_MOD"
0.06062963301912693,"amt_amt_LOW, geo_dist_geo_NEAR"
0.1133888532991672,"amt_amt_LOW, channel_ch_card"
0.09650407248101034,"amt_amt_LOW, amt_deviation_dev_MOD"
0.1404777157499771,"amt_amt_LOW, device_dev_mobile, intl_domestic"
0.10007321314175895,"acct_age_acct_OLD, amt_amt_LOW, device_dev_mobile"
0.12633842774778073,"acct_age_acct_OLD, amt_amt_LOW, intl_domestic"
0.09911229065617279,"amt_amt_LOW, device_dev_mobile, failed_txns_fail_NONE"
0.08899972545071841,"acct_age_acct_OLD, amt_amt_LOW, failed_txns_fail_NONE"
0.1244165827766084,"amt_amt_LOW, failed_txns_fail_NONE, intl_domestic"
0.06625789329184589,"amt_amt_LOW, device_dev_mobile, ip_risk_ip_MOD"
0.06058387480552759,"acct_age_acct_OLD, amt_amt_LOW, ip_risk_ip_MOD"
0.05898233732955065,"amt_amt_LOW, failed_txns_fail_NONE, ip_risk_ip_MOD"
0.08222750983801592,"amt_amt_LOW, intl_domestic, ip_risk_ip_MOD"
0.05902809554314999,"amt_amt_LOW, fraud_legit, ip_risk_ip_MOD"
0.047954607852109456,"amt_amt_LOW, channel_ch_card, ip_risk_ip_MOD"
0.03967237119062872,"amt_amt_LOW, amt_deviation_dev_MOD, ip_risk_ip_MOD"
0.057655349135169766,"amt_amt_LOW, device_dev_mobile, geo_dist_geo_MOD"
0.052621945639242246,"acct_age_acct_OLD, amt_amt_LOW, geo_dist_geo_MOD"
0.05161526494005674,"amt_amt_LOW, failed_txns_fail_NONE, geo_dist_geo_MOD"
0.03473048412189988,"amt_amt_LOW, geo_dist_geo_MOD, ip_risk_ip_MOD"
0.07408254781733321,"amt_amt_LOW, geo_dist_geo_MOD, intl_domestic"
0.05124919923126201,"amt_amt_LOW, fraud_legit, geo_dist_geo_MOD"
0.0323052988011348,"amt_amt_LOW, geo_dist_geo_MOD, merch_risk_mrisk_MOD"
0.042189072938592476,"amt_amt_LOW, channel_ch_card, geo_dist_geo_MOD"
0.03656081266587352,"amt_amt_LOW, amt_deviation_dev_MOD, geo_dist_geo_MOD"
0.05884506268875263,"amt_amt_LOW, device_dev_mobile, fraud_FRAUD"
0.053125285988834994,"acct_age_acct_OLD, amt_amt_LOW, fraud_FRAUD"
0.042600896860986545,"amt_amt_LOW, failed_txns_fail_NONE, fraud_FRAUD"
0.033723803422714374,"amt_amt_LOW, fraud_FRAUD, ip_risk_ip_MOD"
0.03180195845154205,"amt_amt_LOW, fraud_FRAUD, geo_dist_geo_MOD"
0.06817973826301821,"amt_amt_LOW, fraud_FRAUD, intl_domestic"
0.03180195845154205,"amt_amt_LOW, fraud_FRAUD, merch_risk_mrisk_MOD"
0.042234831152191815,"amt_amt_LOW, channel_ch_card, fraud_FRAUD"
0.05372014276562643,"amt_amt_LOW, device_dev_mobile, kyc_kyc_2"
0.048824013910496934,"acct_age_acct_OLD, amt_amt_LOW, kyc_kyc_2"
0.046856410725725266,"amt_amt_LOW, failed_txns_fail_NONE, kyc_kyc_2"
0.03125285988834996,"amt_amt_LOW, ip_risk_ip_MOD, kyc_kyc_2"
0.06602910222384918,"amt_amt_LOW, intl_domestic, kyc_kyc_2"
0.03857417406424453,"amt_amt_LOW, channel_ch_card, kyc_kyc_2"
0.033220463073121625,"amt_amt_LOW, amt_deviation_dev_MOD, kyc_kyc_2"
0.04635307037613252,"amt_amt_LOW, fraud_legit, kyc_kyc_2"
0.04273817150178457,"amt_amt_LOW, device_dev_mobile, velocity_1h_vel1h_MOD"
0.039123272627436624,"acct_age_acct_OLD, amt_amt_LOW, velocity_1h_vel1h_MOD"
0.038208108355449806,"amt_amt_LOW, failed_txns_fail_NONE, velocity_1h_vel1h_MOD"
0.053399835270431045,"amt_amt_LOW, intl_domestic, velocity_1h_vel1h_MOD"
0.037567493365059025,"amt_amt_LOW, fraud_legit, velocity_1h_vel1h_MOD"
0.03139013452914798,"amt_amt_LOW, channel_ch_card, velocity_1h_vel1h_MOD"
0.04186876544339709,"amt_amt_LOW, device_dev_mobile, merch_risk_mrisk_LOW"
0.0364235380250755,"acct_age_acct_OLD, amt_amt_LOW, merch_risk_mrisk_LOW"
0.03624050517067814,"amt_amt_LOW, failed_txns_fail_NONE, merch_risk_mrisk_LOW"
0.052667703852841585,"amt_amt_LOW, intl_domestic, merch_risk_mrisk_LOW"
0.038757206918641894,"amt_amt_LOW, fraud_legit, merch_risk_mrisk_LOW"
0.03074951953875721,"amt_amt_LOW, channel_ch_card, merch_risk_mrisk_LOW"
0.0744028553125286,"amt_amt_LOW, intl_domestic, merch_risk_mrisk_MOD"
0.05939416125194472,"amt_amt_LOW, device_dev_mobile, merch_risk_mrisk_MOD"
0.05527592202800403,"acct_age_acct_OLD, amt_amt_LOW, merch_risk_mrisk_MOD"
0.053857417406424454,"amt_amt_LOW, failed_txns_fail_NONE, merch_risk_mrisk_MOD"
0.03633202159787682,"amt_amt_LOW, ip_risk_ip_MOD, merch_risk_mrisk_MOD"
0.05207284707605015,"amt_amt_LOW, fraud_legit, merch_risk_mrisk_MOD"
0.04324151185137732,"amt_amt_LOW, channel_ch_card, merch_risk_mrisk_MOD"
0.0364235380250755,"amt_amt_LOW, amt_deviation_dev_MOD, merch_risk_mrisk_MOD"
0.07156584606936946,"amt_amt_LOW, intl_domestic, velocity_1h_vel1h_LOW"
0.05637411915438821,"amt_amt_LOW, device_dev_mobile, velocity_1h_vel1h_LOW"
0.05138647387206004,"acct_age_acct_OLD, amt_amt_LOW, velocity_1h_vel1h_LOW"
0.03193923309234008,"amt_amt_LOW, merch_risk_mrisk_MOD, velocity_1h_vel1h_LOW"
0.051889814221652786,"amt_amt_LOW, fraud_legit, velocity_1h_vel1h_LOW"
0.05024251853207651,"amt_amt_LOW, failed_txns_fail_NONE, velocity_1h_vel1h_LOW"
0.03340349592751899,"amt_amt_LOW, ip_risk_ip_MOD, velocity_1h_vel1h_LOW"
0.0415484579482017,"amt_amt_LOW, channel_ch_card, velocity_1h_vel1h_LOW"
0.03573716482108538,"amt_amt_LOW, amt_deviation_dev_MOD, velocity_1h_vel1h_LOW"
0.0646105976022696,"amt_amt_LOW, intl_domestic, kyc_kyc_1"
0.05129495744486135,"amt_amt_LOW, device_dev_mobile, kyc_kyc_1"
0.044934565754552944,"acct_age_acct_OLD, amt_amt_LOW, kyc_kyc_1"
0.04552942253134438,"amt_amt_LOW, fraud_legit, kyc_kyc_1"
0.04520911503614899,"amt_amt_LOW, failed_txns_fail_NONE, kyc_kyc_1"
0.037842042646655076,"amt_amt_LOW, channel_ch_card, kyc_kyc_1"
0.03189347487874073,"amt_amt_LOW, amt_deviation_dev_MOD, kyc_kyc_1"
0.030200420975565113,"amt_amt_LOW, ip_risk_ip_MOD, kyc_kyc_1"
0.06552576187425643,"amt_amt_LOW, intl_domestic, ip_risk_ip_LOW"
0.051111924590463986,"amt_amt_LOW, device_dev_mobile, ip_risk_ip_LOW"
0.04543790610414569,"acct_age_acct_OLD, amt_amt_LOW, ip_risk_ip_LOW"
0.04708520179372197,"amt_amt_LOW, fraud_legit, ip_risk_ip_LOW"
0.04594124645373845,"amt_amt_LOW, failed_txns_fail_NONE, ip_risk_ip_LOW"
0.03660657087947287,"amt_amt_LOW, channel_ch_card, ip_risk_ip_LOW"
0.03225954058753546,"amt_amt_LOW, amt_deviation_dev_MOD, ip_risk_ip_LOW"
0.05587077880479546,"amt_amt_LOW, geo_dist_geo_FAR, intl_domestic"
0.04525487324974833,"amt_amt_LOW, device_dev_mobile, geo_dist_geo_FAR"
0.04090784295781093,"acct_age_acct_OLD, amt_amt_LOW, geo_dist_geo_FAR"
0.041319666880205,"amt_amt_LOW, failed_txns_fail_NONE, geo_dist_geo_FAR"
0.04090784295781093,"amt_amt_LOW, fraud_legit, geo_dist_geo_FAR"
0.0330831884323236,"amt_amt_LOW, channel_ch_card, geo_dist_geo_FAR"
0.05440651596961655,"amt_amt_LOW, failed_txns_fail_LOW, intl_domestic"
0.04429395076416217,"amt_amt_LOW, device_dev_mobile, failed_txns_fail_LOW"
0.03930630548183399,"acct_age_acct_OLD, amt_amt_LOW, failed_txns_fail_LOW"
0.03500503340349593,"amt_amt_LOW, failed_txns_fail_LOW, fraud_legit"
0.030841035965955887,"amt_amt_LOW, channel_ch_card, failed_txns_fail_LOW"
0.04859522284250023,"amt_amt_LOW, channel_ch_upi, intl_domestic"
0.03743021872426101,"amt_amt_LOW, channel_ch_upi, device_dev_mobile"
0.03491351697629724,"acct_age_acct_OLD, amt_amt_LOW, channel_ch_upi"
0.03473048412189988,"amt_amt_LOW, channel_ch_upi, fraud_legit"
0.033678045209115035,"amt_amt_LOW, channel_ch_upi, failed_txns_fail_NONE"
0.06598334401024984,"amt_amt_LOW, intl_domestic, kyc_kyc_3"
0.05243891278484488,"amt_amt_LOW, device_dev_mobile, kyc_kyc_3"
0.04777157499771209,"acct_age_acct_OLD, amt_amt_LOW, kyc_kyc_3"
0.04731399286171868,"amt_amt_LOW, failed_txns_fail_NONE, kyc_kyc_3"
0.04662761965772856,"amt_amt_LOW, fraud_legit, kyc_kyc_3"
0.031298618101949296,"amt_amt_LOW, ip_risk_ip_MOD, kyc_kyc_3"
0.03697263658826759,"amt_amt_LOW, channel_ch_card, kyc_kyc_3"
0.03139013452914798,"amt_amt_LOW, amt_deviation_dev_MOD, kyc_kyc_3"
0.05472682346481193,"amt_amt_LOW, intl_domestic, merch_risk_mrisk_HIGH"
0.04397364326896678,"amt_amt_LOW, device_dev_mobile, merch_risk_mrisk_HIGH"
0.03884872334584058,"amt_amt_LOW, failed_txns_fail_NONE, merch_risk_mrisk_HIGH"
0.038711448705042555,"acct_age_acct_OLD, amt_amt_LOW, merch_risk_mrisk_HIGH"
0.037887800860254416,"amt_amt_LOW, fraud_legit, merch_risk_mrisk_HIGH"
0.03148165095634666,"amt_amt_LOW, channel_ch_card, merch_risk_mrisk_HIGH"
0.04635307037613252,"amt_amt_LOW, device_dev_desktop, intl_domestic"
0.03468472590830054,"acct_age_acct_OLD, amt_amt_LOW, device_dev_desktop"
0.033174704859522286,"amt_amt_LOW, device_dev_desktop, failed_txns_fail_NONE"
0.0330831884323236,"amt_amt_LOW, device_dev_desktop, fraud_legit"
0.1284433055733504,"amt_amt_LOW, fraud_legit, intl_domestic"
0.09860895030658003,"amt_amt_LOW, device_dev_mobile, fraud_legit"
0.09677862176260639,"amt_amt_LOW, failed_txns_fail_NONE, fraud_legit"
0.08840486867392697,"acct_age_acct_OLD, amt_amt_LOW, fraud_legit"
0.06502242152466367,"amt_amt_LOW, intl_domestic, velocity_1h_vel1h_ZERO"
0.05248467099844422,"amt_amt_LOW, device_dev_mobile, velocity_1h_vel1h_ZERO"
0.046444586803331196,"amt_amt_LOW, failed_txns_fail_NONE, velocity_1h_vel1h_ZERO"
0.04630731216253318,"amt_amt_LOW, fraud_legit, velocity_1h_vel1h_ZERO"
0.04621579573533449,"acct_age_acct_OLD, amt_amt_LOW, velocity_1h_vel1h_ZERO"
0.030566486684359843,"amt_amt_LOW, ip_risk_ip_MOD, velocity_1h_vel1h_ZERO"
0.037155669442664956,"amt_amt_LOW, channel_ch_card, velocity_1h_vel1h_ZERO"
0.03143589274274732,"amt_amt_LOW, amt_deviation_dev_MOD, velocity_1h_vel1h_ZERO"
0.055779262377596776,"amt_amt_LOW, intl_domestic, velocity_24h_vel24h_LOW"
0.052759220280040264,"amt_amt_LOW, fraud_legit, velocity_24h_vel24h_LOW"
0.043699093987370735,"amt_amt_LOW, device_dev_mobile, velocity_24h_vel24h_LOW"
0.042143314724993136,"amt_amt_LOW, failed_txns_fail_NONE, velocity_24h_vel24h_LOW"
0.03852841585064519,"acct_age_acct_OLD, amt_amt_LOW, velocity_24h_vel24h_LOW"
0.0323052988011348,"amt_amt_LOW, channel_ch_card, velocity_24h_vel24h_LOW"
0.06506817973826302,"amt_amt_LOW, intl_domestic, velocity_24h_vel24h_MOD"
0.057655349135169766,"amt_amt_LOW, fraud_legit, velocity_24h_vel24h_MOD"
0.05115768280406333,"amt_amt_LOW, device_dev_mobile, velocity_24h_vel24h_MOD"
0.04671913608492725,"amt_amt_LOW, failed_txns_fail_NONE, velocity_24h_vel24h_MOD"
0.04639882858973186,"acct_age_acct_OLD, amt_amt_LOW, velocity_24h_vel24h_MOD"
0.035965955889082094,"amt_amt_LOW, channel_ch_card, velocity_24h_vel24h_MOD"
0.032442573441932826,"amt_amt_LOW, amt_deviation_dev_MOD, velocity_24h_vel24h_MOD"
0.03093255239315457,"amt_amt_LOW, ip_risk_ip_MOD, velocity_24h_vel24h_MOD"
0.05472682346481193,"amt_amt_LOW, geo_dist_geo_NEAR, intl_domestic"
0.04443122540496019,"amt_amt_LOW, device_dev_mobile, geo_dist_geo_NEAR"
0.03958085476343003,"acct_age_acct_OLD, amt_amt_LOW, geo_dist_geo_NEAR"
0.037842042646655076,"amt_amt_LOW, failed_txns_fail_NONE, geo_dist_geo_NEAR"
0.03765900979225771,"amt_amt_LOW, fraud_legit, geo_dist_geo_NEAR"
0.03125285988834996,"amt_amt_LOW, channel_ch_card, geo_dist_geo_NEAR"
0.10085110277294775,"amt_amt_LOW, channel_ch_card, intl_domestic"
0.08199871877001921,"amt_amt_LOW, channel_ch_card, device_dev_mobile"
0.0722979774869589,"amt_amt_LOW, channel_ch_card, failed_txns_fail_NONE"
0.07115402214697539,"amt_amt_LOW, channel_ch_card, fraud_legit"
0.07330465818614441,"acct_age_acct_OLD, amt_amt_LOW, channel_ch_card"
0.08556785943076782,"amt_amt_LOW, amt_deviation_dev_MOD, intl_domestic"
0.06863732039901162,"amt_amt_LOW, amt_deviation_dev_MOD, device_dev_mobile"
0.06666971721423996,"amt_amt_LOW, amt_deviation_dev_MOD, fraud_legit"
0.061544797291113756,"amt_amt_LOW, amt_deviation_dev_MOD, failed_txns_fail_NONE"
0.04987645282328178,"amt_amt_LOW, amt_deviation_dev_MOD, channel_ch_card"
0.06094994051432232,"acct_age_acct_OLD, amt_amt_LOW, amt_deviation_dev_MOD"
0.13947103505079161,"credit_band_credit_4, device_dev_mobile"
0.13100576553491353,"acct_age_acct_OLD, credit_band_credit_4"
0.1287636130685458,"credit_band_credit_4, failed_txns_fail_NONE"
0.08593392513956255,"credit_band_credit_4, ip_risk_ip_MOD"
0.07888716024526403,"credit_band_credit_4, geo_dist_geo_MOD"
0.06685275006863732,"credit_band_credit_4, kyc_kyc_2"
0.06259723620389859,"credit_band_credit_4, fraud_FRAUD"
0.05623684451359019,"credit_band_credit_4, merch_risk_mrisk_LOW"
0.05468106525121259,"credit_band_credit_4, velocity_1h_vel1h_MOD"
0.04479729111375492,"amt_amt_LOW, credit_band_credit_4"
0.1812025258533907,"credit_band_credit_4, intl_domestic"
0.12926695341813857,"amt_deviation_dev_MOD, credit_band_credit_4"
0.1018120252585339,"amt_amt_MED, credit_band_credit_4"
0.10121716848174248,"channel_ch_card, credit_band_credit_4"
0.066944266495836,"credit_band_credit_4, kyc_kyc_1"
0.06621213507824654,"credit_band_credit_4, velocity_1h_vel1h_ZERO"
0.0556877459503981,"credit_band_credit_4, failed_txns_fail_LOW"
0.13915072755559624,"credit_band_credit_4, fraud_legit"
0.051935572435252125,"credit_band_credit_4, geo_dist_geo_NEAR"
0.05161526494005674,"credit_band_credit_4, device_dev_desktop"
0.0731673835453464,"credit_band_credit_4, velocity_1h_vel1h_LOW"
0.0636039169030841,"credit_band_credit_4, velocity_24h_vel24h_LOW"
0.06676123364143864,"credit_band_credit_4, ip_risk_ip_LOW"
0.06561727830145511,"credit_band_credit_4, velocity_24h_vel24h_MOD"
0.05481833989201062,"credit_band_credit_4, merch_risk_mrisk_HIGH"
0.04740550928891736,"amt_amt_HIGH, credit_band_credit_4"
0.056877459503980966,"credit_band_credit_4, geo_dist_geo_FAR"
0.07637045849730026,"credit_band_credit_4, merch_risk_mrisk_MOD"
0.06795094719502151,"credit_band_credit_4, kyc_kyc_3"
0.052210121716848176,"channel_ch_upi, credit_band_credit_4"
0.12505719776699917,"credit_band_credit_4, device_dev_mobile, intl_domestic"
0.09151642719868217,"acct_age_acct_OLD, credit_band_credit_4, device_dev_mobile"
0.11778164180470395,"acct_age_acct_OLD, credit_band_credit_4, intl_domestic"
0.09087581220829138,"acct_age_acct_OLD, credit_band_credit_4, fraud_legit"
0.08886245080992038,"credit_band_credit_4, device_dev_mobile, failed_txns_fail_NONE"
0.08410359659558891,"acct_age_acct_OLD, credit_band_credit_4, failed_txns_fail_NONE"
0.11608858790152833,"credit_band_credit_4, failed_txns_fail_NONE, intl_domestic"
0.09613800677221561,"credit_band_credit_4, failed_txns_fail_NONE, fraud_legit"
0.08291388304200605,"amt_deviation_dev_MOD, credit_band_credit_4, failed_txns_fail_NONE"
0.05971446874714011,"credit_band_credit_4, device_dev_mobile, ip_risk_ip_MOD"
0.05605381165919283,"acct_age_acct_OLD, credit_band_credit_4, ip_risk_ip_MOD"
0.05564198773679876,"credit_band_credit_4, failed_txns_fail_NONE, ip_risk_ip_MOD"
0.07728562276928709,"credit_band_credit_4, intl_domestic, ip_risk_ip_MOD"
0.05916537018394802,"credit_band_credit_4, fraud_legit, ip_risk_ip_MOD"
0.05555047130960007,"amt_deviation_dev_MOD, credit_band_credit_4, ip_risk_ip_MOD"
0.04397364326896678,"amt_amt_MED, credit_band_credit_4, ip_risk_ip_MOD"
0.043287270064976666,"channel_ch_card, credit_band_credit_4, ip_risk_ip_MOD"
0.05404045026082182,"credit_band_credit_4, device_dev_mobile, geo_dist_geo_MOD"
0.051477990299258716,"acct_age_acct_OLD, credit_band_credit_4, geo_dist_geo_MOD"
0.049967969250480464,"credit_band_credit_4, failed_txns_fail_NONE, geo_dist_geo_MOD"
0.03340349592751899,"credit_band_credit_4, geo_dist_geo_MOD, ip_risk_ip_MOD"
0.07124553857417407,"credit_band_credit_4, geo_dist_geo_MOD, intl_domestic"
0.05166102315365608,"amt_deviation_dev_MOD, credit_band_credit_4, geo_dist_geo_MOD"
0.04081632653061224,"amt_amt_MED, credit_band_credit_4, geo_dist_geo_MOD"
0.040221469753820814,"channel_ch_card, credit_band_credit_4, geo_dist_geo_MOD"
0.0533540770568317,"credit_band_credit_4, fraud_legit, geo_dist_geo_MOD"
0.0474512675025167,"credit_band_credit_4, device_dev_mobile, kyc_kyc_2"
0.042875446142582596,"acct_age_acct_OLD, credit_band_credit_4, kyc_kyc_2"
0.042189072938592476,"credit_band_credit_4, failed_txns_fail_NONE, kyc_kyc_2"
0.05971446874714011,"credit_band_credit_4, intl_domestic, kyc_kyc_2"
0.04589548824013911,"credit_band_credit_4, fraud_legit, kyc_kyc_2"
0.033128946645922946,"channel_ch_card, credit_band_credit_4, kyc_kyc_2"
0.042921204356181936,"amt_deviation_dev_MOD, credit_band_credit_4, kyc_kyc_2"
0.03349501235471767,"amt_amt_MED, credit_band_credit_4, kyc_kyc_2"
0.04269241328818523,"credit_band_credit_4, device_dev_mobile, fraud_FRAUD"
0.04012995332662213,"acct_age_acct_OLD, credit_band_credit_4, fraud_FRAUD"
0.03262560629633019,"credit_band_credit_4, failed_txns_fail_NONE, fraud_FRAUD"
0.05239315457124554,"credit_band_credit_4, fraud_FRAUD, intl_domestic"
0.03848265763704585,"amt_deviation_dev_MOD, credit_band_credit_4, fraud_FRAUD"
0.03157316738354535,"channel_ch_card, credit_band_credit_4, fraud_FRAUD"
0.03894023977303926,"credit_band_credit_4, device_dev_mobile, merch_risk_mrisk_LOW"
0.03669808730667155,"acct_age_acct_OLD, credit_band_credit_4, merch_risk_mrisk_LOW"
0.03633202159787682,"credit_band_credit_4, failed_txns_fail_NONE, merch_risk_mrisk_LOW"
0.05042555138647387,"credit_band_credit_4, intl_domestic, merch_risk_mrisk_LOW"
0.03601171410268143,"amt_deviation_dev_MOD, credit_band_credit_4, merch_risk_mrisk_LOW"
0.04127390866660566,"credit_band_credit_4, fraud_legit, merch_risk_mrisk_LOW"
0.03646929623867484,"credit_band_credit_4, device_dev_mobile, velocity_1h_vel1h_MOD"
0.035233824471492634,"acct_age_acct_OLD, credit_band_credit_4, velocity_1h_vel1h_MOD"
0.03459320948110186,"credit_band_credit_4, failed_txns_fail_NONE, velocity_1h_vel1h_MOD"
0.04896128855129496,"credit_band_credit_4, intl_domestic, velocity_1h_vel1h_MOD"
0.037475976937860346,"credit_band_credit_4, fraud_legit, velocity_1h_vel1h_MOD"
0.03500503340349593,"amt_deviation_dev_MOD, credit_band_credit_4, velocity_1h_vel1h_MOD"
0.031161343461151278,"amt_amt_LOW, credit_band_credit_4, device_dev_mobile"
0.039535096549830694,"amt_amt_LOW, credit_band_credit_4, intl_domestic"
0.11627162075592569,"amt_deviation_dev_MOD, credit_band_credit_4, intl_domestic"
0.08945730758671182,"amt_deviation_dev_MOD, credit_band_credit_4, device_dev_mobile"
0.08392056374119154,"acct_age_acct_OLD, amt_deviation_dev_MOD, credit_band_credit_4"
0.0907842957810927,"amt_deviation_dev_MOD, credit_band_credit_4, fraud_legit"
0.10172050883133522,"amt_amt_MED, amt_deviation_dev_MOD, credit_band_credit_4"
0.0923400750434703,"amt_amt_MED, credit_band_credit_4, intl_domestic"
0.07023885787498856,"amt_amt_MED, credit_band_credit_4, device_dev_mobile"
0.06557152008785577,"acct_age_acct_OLD, amt_amt_MED, credit_band_credit_4"
0.07216070284616088,"amt_amt_MED, credit_band_credit_4, fraud_legit"
0.06598334401024984,"amt_amt_MED, credit_band_credit_4, failed_txns_fail_NONE"
0.09092157042189072,"channel_ch_card, credit_band_credit_4, intl_domestic"
0.0702846160885879,"channel_ch_card, credit_band_credit_4, device_dev_mobile"
0.06625789329184589,"acct_age_acct_OLD, channel_ch_card, credit_band_credit_4"
0.06511393795186236,"amt_deviation_dev_MOD, channel_ch_card, credit_band_credit_4"
0.0500137274640798,"amt_amt_MED, channel_ch_card, credit_band_credit_4"
0.06964400109819713,"channel_ch_card, credit_band_credit_4, fraud_legit"
0.06442756474787224,"channel_ch_card, credit_band_credit_4, failed_txns_fail_NONE"
0.0600347762423355,"credit_band_credit_4, intl_domestic, kyc_kyc_1"
0.046444586803331196,"credit_band_credit_4, device_dev_mobile, kyc_kyc_1"
0.044065159696165465,"acct_age_acct_OLD, credit_band_credit_4, kyc_kyc_1"
0.042875446142582596,"amt_deviation_dev_MOD, credit_band_credit_4, kyc_kyc_1"
0.033998352704310425,"amt_amt_MED, credit_band_credit_4, kyc_kyc_1"
0.03376956163631372,"channel_ch_card, credit_band_credit_4, kyc_kyc_1"
0.04708520179372197,"credit_band_credit_4, fraud_legit, kyc_kyc_1"
0.04241786400658918,"credit_band_credit_4, failed_txns_fail_NONE, kyc_kyc_1"
0.05971446874714011,"credit_band_credit_4, intl_domestic, velocity_1h_vel1h_ZERO"
0.047268234648119335,"credit_band_credit_4, device_dev_mobile, velocity_1h_vel1h_ZERO"
0.0431042372105793,"acct_age_acct_OLD, credit_band_credit_4, velocity_1h_vel1h_ZERO"
0.04241786400658918,"amt_deviation_dev_MOD, credit_band_credit_4, velocity_1h_vel1h_ZERO"
0.033128946645922946,"amt_amt_MED, credit_band_credit_4, velocity_1h_vel1h_ZERO"
0.032396815228333486,"channel_ch_card, credit_band_credit_4, velocity_1h_vel1h_ZERO"
0.04690216893932461,"credit_band_credit_4, fraud_legit, velocity_1h_vel1h_ZERO"
0.04360757756017205,"credit_band_credit_4, failed_txns_fail_NONE, velocity_1h_vel1h_ZERO"
0.04983069460968244,"credit_band_credit_4, failed_txns_fail_LOW, intl_domestic"
0.038208108355449806,"credit_band_credit_4, device_dev_mobile, failed_txns_fail_LOW"
0.03569140660748604,"acct_age_acct_OLD, credit_band_credit_4, failed_txns_fail_LOW"
0.03541685732589,"amt_deviation_dev_MOD, credit_band_credit_4, failed_txns_fail_LOW"
0.03587443946188341,"credit_band_credit_4, failed_txns_fail_LOW, fraud_legit"
0.12880937128214515,"credit_band_credit_4, fraud_legit, intl_domestic"
0.09677862176260639,"credit_band_credit_4, device_dev_mobile, fraud_legit"
0.04653610323052988,"credit_band_credit_4, geo_dist_geo_NEAR, intl_domestic"
0.03546261553948934,"credit_band_credit_4, fraud_legit, geo_dist_geo_NEAR"
0.0330831884323236,"acct_age_acct_OLD, credit_band_credit_4, geo_dist_geo_NEAR"
0.03262560629633019,"credit_band_credit_4, failed_txns_fail_NONE, geo_dist_geo_NEAR"
0.03189347487874073,"amt_deviation_dev_MOD, credit_band_credit_4, geo_dist_geo_NEAR"
0.03610323052988011,"credit_band_credit_4, device_dev_mobile, geo_dist_geo_NEAR"
0.04635307037613252,"credit_band_credit_4, device_dev_desktop, intl_domestic"
0.03459320948110186,"credit_band_credit_4, device_dev_desktop, fraud_legit"
0.033220463073121625,"amt_deviation_dev_MOD, credit_band_credit_4, device_dev_desktop"
0.0330831884323236,"acct_age_acct_OLD, credit_band_credit_4, device_dev_desktop"
0.03267136450992953,"credit_band_credit_4, device_dev_desktop, failed_txns_fail_NONE"
0.06566303651505445,"credit_band_credit_4, intl_domestic, velocity_1h_vel1h_LOW"
0.05134071565846069,"credit_band_credit_4, fraud_legit, velocity_1h_vel1h_LOW"
0.047680058570513405,"amt_deviation_dev_MOD, credit_band_credit_4, velocity_1h_vel1h_LOW"
0.04594124645373845,"credit_band_credit_4, failed_txns_fail_NONE, velocity_1h_vel1h_LOW"
0.038711448705042555,"channel_ch_card, credit_band_credit_4, velocity_1h_vel1h_LOW"
0.03697263658826759,"amt_amt_MED, credit_band_credit_4, velocity_1h_vel1h_LOW"
0.030291937402763796,"credit_band_credit_4, ip_risk_ip_MOD, velocity_1h_vel1h_LOW"
0.05024251853207651,"credit_band_credit_4, device_dev_mobile, velocity_1h_vel1h_LOW"
0.0474512675025167,"acct_age_acct_OLD, credit_band_credit_4, velocity_1h_vel1h_LOW"
0.058570513407156584,"credit_band_credit_4, intl_domestic, velocity_24h_vel24h_LOW"
0.05518440560080534,"credit_band_credit_4, fraud_legit, velocity_24h_vel24h_LOW"
0.043012720783380615,"credit_band_credit_4, failed_txns_fail_NONE, velocity_24h_vel24h_LOW"
0.04049601903541686,"amt_deviation_dev_MOD, credit_band_credit_4, velocity_24h_vel24h_LOW"
0.033952594490711085,"channel_ch_card, credit_band_credit_4, velocity_24h_vel24h_LOW"
0.0323052988011348,"amt_amt_MED, credit_band_credit_4, velocity_24h_vel24h_LOW"
0.04104511759860895,"acct_age_acct_OLD, credit_band_credit_4, velocity_24h_vel24h_LOW"
0.044110917909764805,"credit_band_credit_4, device_dev_mobile, velocity_24h_vel24h_LOW"
0.06049235837832891,"credit_band_credit_4, intl_domestic, ip_risk_ip_LOW"
0.046810652512125926,"credit_band_credit_4, fraud_legit, ip_risk_ip_LOW"
0.04584973002653976,"credit_band_credit_4, device_dev_mobile, ip_risk_ip_LOW"
0.042555138647387206,"acct_age_acct_OLD, credit_band_credit_4, ip_risk_ip_LOW"
0.04205179829779446,"credit_band_credit_4, failed_txns_fail_NONE, ip_risk_ip_LOW"
0.043333028278576005,"amt_deviation_dev_MOD, credit_band_credit_4, ip_risk_ip_LOW"
0.034501693053903174,"amt_amt_MED, credit_band_credit_4, ip_risk_ip_LOW"
0.03267136450992953,"channel_ch_card, credit_band_credit_4, ip_risk_ip_LOW"
0.06030932552393155,"credit_band_credit_4, intl_domestic, velocity_24h_vel24h_MOD"
0.055779262377596776,"credit_band_credit_4, fraud_legit, velocity_24h_vel24h_MOD"
0.04543790610414569,"credit_band_credit_4, device_dev_mobile, velocity_24h_vel24h_MOD"
0.04534638967694701,"credit_band_credit_4, failed_txns_fail_NONE, velocity_24h_vel24h_MOD"
0.04319575363777798,"acct_age_acct_OLD, credit_band_credit_4, velocity_24h_vel24h_MOD"
0.03125285988834996,"channel_ch_card, credit_band_credit_4, velocity_24h_vel24h_MOD"
0.04278392971538391,"amt_deviation_dev_MOD, credit_band_credit_4, velocity_24h_vel24h_MOD"
0.03299167200512492,"amt_amt_MED, credit_band_credit_4, velocity_24h_vel24h_MOD"
0.04859522284250023,"credit_band_credit_4, intl_domestic, merch_risk_mrisk_HIGH"
0.036743845520270886,"credit_band_credit_4, device_dev_mobile, merch_risk_mrisk_HIGH"
0.03624050517067814,"credit_band_credit_4, fraud_legit, merch_risk_mrisk_HIGH"
0.03537109911229066,"acct_age_acct_OLD, credit_band_credit_4, merch_risk_mrisk_HIGH"
0.034822000549098564,"credit_band_credit_4, failed_txns_fail_NONE, merch_risk_mrisk_HIGH"
0.03514230804429395,"amt_deviation_dev_MOD, credit_band_credit_4, merch_risk_mrisk_HIGH"
0.042509380433787866,"amt_amt_HIGH, credit_band_credit_4, intl_domestic"
0.033723803422714374,"amt_amt_HIGH, credit_band_credit_4, fraud_legit"
0.03262560629633019,"amt_amt_HIGH, credit_band_credit_4, device_dev_mobile"
0.031207101674750617,"acct_age_acct_OLD, amt_amt_HIGH, credit_band_credit_4"
0.030246179189164456,"amt_amt_HIGH, credit_band_credit_4, failed_txns_fail_NONE"
0.050745858881669256,"credit_band_credit_4, geo_dist_geo_FAR, intl_domestic"
0.040267227967420154,"credit_band_credit_4, fraud_legit, geo_dist_geo_FAR"
0.03697263658826759,"acct_age_acct_OLD, credit_band_credit_4, geo_dist_geo_FAR"
0.03683536194746957,"credit_band_credit_4, failed_txns_fail_NONE, geo_dist_geo_FAR"
0.03624050517067814,"amt_deviation_dev_MOD, credit_band_credit_4, geo_dist_geo_FAR"
0.039169030841035964,"credit_band_credit_4, device_dev_mobile, geo_dist_geo_FAR"
0.05289649492083829,"credit_band_credit_4, device_dev_mobile, merch_risk_mrisk_MOD"
0.04964766175528507,"acct_age_acct_OLD, credit_band_credit_4, merch_risk_mrisk_MOD"
0.04864098105609957,"amt_deviation_dev_MOD, credit_band_credit_4, merch_risk_mrisk_MOD"
0.04859522284250023,"credit_band_credit_4, failed_txns_fail_NONE, merch_risk_mrisk_MOD"
0.037475976937860346,"amt_amt_MED, credit_band_credit_4, merch_risk_mrisk_MOD"
0.06936945181660108,"credit_band_credit_4, intl_domestic, merch_risk_mrisk_MOD"
0.05294225313443763,"credit_band_credit_4, fraud_legit, merch_risk_mrisk_MOD"
0.039123272627436624,"channel_ch_card, credit_band_credit_4, merch_risk_mrisk_MOD"
0.03303743021872426,"credit_band_credit_4, ip_risk_ip_MOD, merch_risk_mrisk_MOD"
0.0305207284707605,"credit_band_credit_4, geo_dist_geo_MOD, merch_risk_mrisk_MOD"
0.04557518074494372,"credit_band_credit_4, device_dev_mobile, kyc_kyc_3"
0.044156676123364144,"credit_band_credit_4, failed_txns_fail_NONE, kyc_kyc_3"
0.044065159696165465,"acct_age_acct_OLD, credit_band_credit_4, kyc_kyc_3"
0.04347030291937403,"amt_deviation_dev_MOD, credit_band_credit_4, kyc_kyc_3"
0.03431866019950581,"amt_amt_MED, credit_band_credit_4, kyc_kyc_3"
0.06145328086391507,"credit_band_credit_4, intl_domestic, kyc_kyc_3"
0.04617003752173515,"credit_band_credit_4, fraud_legit, kyc_kyc_3"
0.03431866019950581,"channel_ch_card, credit_band_credit_4, kyc_kyc_3"
0.04699368536652329,"channel_ch_upi, credit_band_credit_4, intl_domestic"
0.03665232909307221,"channel_ch_upi, credit_band_credit_4, device_dev_mobile"
0.03624050517067814,"channel_ch_upi, credit_band_credit_4, fraud_legit"
0.034135627345108444,"acct_age_acct_OLD, channel_ch_upi, credit_band_credit_4"
0.03349501235471767,"channel_ch_upi, credit_band_credit_4, failed_txns_fail_NONE"
0.033174704859522286,"amt_deviation_dev_MOD, channel_ch_upi, credit_band_credit_4"
0.1414386382355633,"fraud_FRAUD, velocity_24h_vel24h_VHIGH"
0.12020682712546903,"device_dev_mobile, velocity_24h_vel24h_VHIGH"
0.10945364692962387,"acct_age_acct_OLD, velocity_24h_vel24h_VHIGH"
0.09023519721790062,"failed_txns_fail_NONE, velocity_24h_vel24h_VHIGH"
0.07037613251578659,"ip_risk_ip_MOD, velocity_24h_vel24h_VHIGH"
0.0661663768646472,"geo_dist_geo_MOD, velocity_24h_vel24h_VHIGH"
0.05788414020316647,"kyc_kyc_2, velocity_24h_vel24h_VHIGH"
0.0466733778713279,"velocity_1h_vel1h_MOD, velocity_24h_vel24h_VHIGH"
0.04360757756017205,"merch_risk_mrisk_LOW, velocity_24h_vel24h_VHIGH"
0.04122815045300632,"amt_amt_LOW, velocity_24h_vel24h_VHIGH"
0.034044110917909765,"credit_band_credit_4, velocity_24h_vel24h_VHIGH"
0.14560263567310333,"intl_domestic, velocity_24h_vel24h_VHIGH"
0.10199505811293127,"amt_deviation_dev_MOD, velocity_24h_vel24h_VHIGH"
0.08556785943076782,"channel_ch_card, velocity_24h_vel24h_VHIGH"
0.0799853573716482,"amt_amt_MED, velocity_24h_vel24h_VHIGH"
0.057746865562368445,"failed_txns_fail_LOW, velocity_24h_vel24h_VHIGH"
0.05559622952319941,"kyc_kyc_1, velocity_24h_vel24h_VHIGH"
0.05399469204722248,"velocity_1h_vel1h_ZERO, velocity_24h_vel24h_VHIGH"
0.03669808730667155,"ip_risk_ip_HIGH, velocity_24h_vel24h_VHIGH"
0.06310057655349136,"merch_risk_mrisk_MOD, velocity_24h_vel24h_VHIGH"
0.06076690765992496,"velocity_1h_vel1h_LOW, velocity_24h_vel24h_VHIGH"
0.05321680241603368,"ip_risk_ip_LOW, velocity_24h_vel24h_VHIGH"
0.04584973002653976,"geo_dist_geo_FAR, velocity_24h_vel24h_VHIGH"
0.04186876544339709,"channel_ch_upi, velocity_24h_vel24h_VHIGH"
0.033952594490711085,"credit_band_credit_1, velocity_24h_vel24h_VHIGH"
0.05596229523199414,"kyc_kyc_3, velocity_24h_vel24h_VHIGH"
0.0490070467648943,"merch_risk_mrisk_HIGH, velocity_24h_vel24h_VHIGH"
0.0407705683170129,"device_dev_desktop, velocity_24h_vel24h_VHIGH"
0.034776242335499225,"credit_band_credit_3, velocity_24h_vel24h_VHIGH"
0.03216802416033678,"acct_age_acct_1YR, velocity_24h_vel24h_VHIGH"
0.03381531984991306,"credit_band_credit_5, velocity_24h_vel24h_VHIGH"
0.032854397364326896,"credit_band_credit_2, velocity_24h_vel24h_VHIGH"
0.046810652512125926,"geo_dist_geo_NEAR, velocity_24h_vel24h_VHIGH"
0.04191452365699643,"amt_amt_HIGH, velocity_24h_vel24h_VHIGH"
0.034455934840303834,"amt_deviation_dev_HIGH, velocity_24h_vel24h_VHIGH"
0.11924590463988285,"fraud_FRAUD, intl_domestic, velocity_24h_vel24h_VHIGH"
0.09989018028736159,"device_dev_mobile, fraud_FRAUD, velocity_24h_vel24h_VHIGH"
0.10391690308410359,"device_dev_mobile, intl_domestic, velocity_24h_vel24h_VHIGH"
0.09124187791708611,"acct_age_acct_OLD, fraud_FRAUD, velocity_24h_vel24h_VHIGH"
0.07856685275006864,"acct_age_acct_OLD, device_dev_mobile, velocity_24h_vel24h_VHIGH"
0.09394161251944724,"acct_age_acct_OLD, intl_domestic, velocity_24h_vel24h_VHIGH"
0.06941521003020042,"failed_txns_fail_NONE, fraud_FRAUD, velocity_24h_vel24h_VHIGH"
0.06337512583508739,"device_dev_mobile, failed_txns_fail_NONE, velocity_24h_vel24h_VHIGH"
0.05884506268875263,"acct_age_acct_OLD, failed_txns_fail_NONE, velocity_24h_vel24h_VHIGH"
0.07664500777889631,"failed_txns_fail_NONE, intl_domestic, velocity_24h_vel24h_VHIGH"
0.053811659192825115,"amt_deviation_dev_MOD, failed_txns_fail_NONE, velocity_24h_vel24h_VHIGH"
0.05875354626155395,"fraud_FRAUD, ip_risk_ip_MOD, velocity_24h_vel24h_VHIGH"
0.04896128855129496,"device_dev_mobile, ip_risk_ip_MOD, velocity_24h_vel24h_VHIGH"
0.04557518074494372,"acct_age_acct_OLD, ip_risk_ip_MOD, velocity_24h_vel24h_VHIGH"
0.03697263658826759,"failed_txns_fail_NONE, ip_risk_ip_MOD, velocity_24h_vel24h_VHIGH"
0.05980598517433879,"intl_domestic, ip_risk_ip_MOD, velocity_24h_vel24h_VHIGH"
0.04347030291937403,"amt_deviation_dev_MOD, ip_risk_ip_MOD, velocity_24h_vel24h_VHIGH"
0.03431866019950581,"amt_amt_MED, ip_risk_ip_MOD, velocity_24h_vel24h_VHIGH"
0.03546261553948934,"channel_ch_card, ip_risk_ip_MOD, velocity_24h_vel24h_VHIGH"
0.05495561453280864,"fraud_FRAUD, geo_dist_geo_MOD, velocity_24h_vel24h_VHIGH"
0.04571245538574174,"device_dev_mobile, geo_dist_geo_MOD, velocity_24h_vel24h_VHIGH"
0.043333028278576005,"acct_age_acct_OLD, geo_dist_geo_MOD, velocity_24h_vel24h_VHIGH"
0.03546261553948934,"failed_txns_fail_NONE, geo_dist_geo_MOD, velocity_24h_vel24h_VHIGH"
0.05706049235837833,"geo_dist_geo_MOD, intl_domestic, velocity_24h_vel24h_VHIGH"
0.03994692047222476,"amt_deviation_dev_MOD, geo_dist_geo_MOD, velocity_24h_vel24h_VHIGH"
0.0330831884323236,"channel_ch_card, geo_dist_geo_MOD, velocity_24h_vel24h_VHIGH"
0.03184771666514139,"amt_amt_MED, geo_dist_geo_MOD, velocity_24h_vel24h_VHIGH"
0.048503706415301544,"fraud_FRAUD, kyc_kyc_2, velocity_24h_vel24h_VHIGH"
0.04127390866660566,"device_dev_mobile, kyc_kyc_2, velocity_24h_vel24h_VHIGH"
0.03811659192825112,"acct_age_acct_OLD, kyc_kyc_2, velocity_24h_vel24h_VHIGH"
0.030566486684359843,"failed_txns_fail_NONE, kyc_kyc_2, velocity_24h_vel24h_VHIGH"
0.049967969250480464,"intl_domestic, kyc_kyc_2, velocity_24h_vel24h_VHIGH"
0.033952594490711085,"amt_deviation_dev_MOD, kyc_kyc_2, velocity_24h_vel24h_VHIGH"
0.039169030841035964,"fraud_FRAUD, velocity_1h_vel1h_MOD, velocity_24h_vel24h_VHIGH"
0.033220463073121625,"device_dev_mobile, velocity_1h_vel1h_MOD, velocity_24h_vel24h_VHIGH"
0.03047497025716116,"acct_age_acct_OLD, velocity_1h_vel1h_MOD, velocity_24h_vel24h_VHIGH"
0.039809645831426745,"intl_domestic, velocity_1h_vel1h_MOD, velocity_24h_vel24h_VHIGH"
0.034822000549098564,"fraud_FRAUD, merch_risk_mrisk_LOW, velocity_24h_vel24h_VHIGH"
0.03175620023794271,"device_dev_mobile, merch_risk_mrisk_LOW, velocity_24h_vel24h_VHIGH"
0.0372014276562643,"intl_domestic, merch_risk_mrisk_LOW, velocity_24h_vel24h_VHIGH"
0.03614898874347945,"amt_amt_LOW, fraud_FRAUD, velocity_24h_vel24h_VHIGH"
0.03610323052988011,"amt_amt_LOW, intl_domestic, velocity_24h_vel24h_VHIGH"
0.08794728653793356,"amt_deviation_dev_MOD, intl_domestic, velocity_24h_vel24h_VHIGH"
0.08401208016839022,"amt_deviation_dev_MOD, fraud_FRAUD, velocity_24h_vel24h_VHIGH"
0.07289283426375034,"amt_deviation_dev_MOD, device_dev_mobile, velocity_24h_vel24h_VHIGH"
0.06584606936945182,"acct_age_acct_OLD, amt_deviation_dev_MOD, velocity_24h_vel24h_VHIGH"
0.07412830603093255,"channel_ch_card, intl_domestic, velocity_24h_vel24h_VHIGH"
0.07252676855495561,"channel_ch_card, fraud_FRAUD, velocity_24h_vel24h_VHIGH"
0.06149903907751442,"channel_ch_card, device_dev_mobile, velocity_24h_vel24h_VHIGH"
0.05495561453280864,"acct_age_acct_OLD, channel_ch_card, velocity_24h_vel24h_VHIGH"
0.05179829779445411,"amt_deviation_dev_MOD, channel_ch_card, velocity_24h_vel24h_VHIGH"
0.04525487324974833,"channel_ch_card, failed_txns_fail_NONE, velocity_24h_vel24h_VHIGH"
0.0799853573716482,"amt_amt_MED, amt_deviation_dev_MOD, velocity_24h_vel24h_VHIGH"
0.06923217717580306,"amt_amt_MED, intl_domestic, velocity_24h_vel24h_VHIGH"
0.06552576187425643,"amt_amt_MED, fraud_FRAUD, velocity_24h_vel24h_VHIGH"
0.057014734144778985,"amt_amt_MED, device_dev_mobile, velocity_24h_vel24h_VHIGH"
0.05198133064885147,"acct_age_acct_OLD, amt_amt_MED, velocity_24h_vel24h_VHIGH"
0.04035874439461883,"amt_amt_MED, channel_ch_card, velocity_24h_vel24h_VHIGH"
0.041777249016198406,"amt_amt_MED, failed_txns_fail_NONE, velocity_24h_vel24h_VHIGH"
0.05143223208565938,"failed_txns_fail_LOW, fraud_FRAUD, velocity_24h_vel24h_VHIGH"
0.049601903541685734,"failed_txns_fail_LOW, intl_domestic, velocity_24h_vel24h_VHIGH"
0.041319666880205,"device_dev_mobile, failed_txns_fail_LOW, velocity_24h_vel24h_VHIGH"
0.03678960373387023,"acct_age_acct_OLD, failed_txns_fail_LOW, velocity_24h_vel24h_VHIGH"
0.03491351697629724,"amt_deviation_dev_MOD, failed_txns_fail_LOW, velocity_24h_vel24h_VHIGH"
0.04740550928891736,"intl_domestic, kyc_kyc_1, velocity_24h_vel24h_VHIGH"
0.046078521094536466,"fraud_FRAUD, kyc_kyc_1, velocity_24h_vel24h_VHIGH"
0.039489338336231354,"device_dev_mobile, kyc_kyc_1, velocity_24h_vel24h_VHIGH"
0.03587443946188341,"acct_age_acct_OLD, kyc_kyc_1, velocity_24h_vel24h_VHIGH"
0.033632286995515695,"amt_deviation_dev_MOD, kyc_kyc_1, velocity_24h_vel24h_VHIGH"
0.04708520179372197,"intl_domestic, velocity_1h_vel1h_ZERO, velocity_24h_vel24h_VHIGH"
0.044065159696165465,"fraud_FRAUD, velocity_1h_vel1h_ZERO, velocity_24h_vel24h_VHIGH"
0.03816235014185046,"device_dev_mobile, velocity_1h_vel1h_ZERO, velocity_24h_vel24h_VHIGH"
0.03500503340349593,"acct_age_acct_OLD, velocity_1h_vel1h_ZERO, velocity_24h_vel24h_VHIGH"
0.032854397364326896,"amt_deviation_dev_MOD, velocity_1h_vel1h_ZERO, velocity_24h_vel24h_VHIGH"
0.03221378237393612,"intl_domestic, ip_risk_ip_HIGH, velocity_24h_vel24h_VHIGH"
0.031115585247551935,"fraud_FRAUD, ip_risk_ip_HIGH, velocity_24h_vel24h_VHIGH"
0.054223483115219184,"intl_domestic, merch_risk_mrisk_MOD, velocity_24h_vel24h_VHIGH"
0.05175253958085476,"fraud_FRAUD, merch_risk_mrisk_MOD, velocity_24h_vel24h_VHIGH"
0.044568500045758214,"device_dev_mobile, merch_risk_mrisk_MOD, velocity_24h_vel24h_VHIGH"
0.04095360117141027,"acct_age_acct_OLD, merch_risk_mrisk_MOD, velocity_24h_vel24h_VHIGH"
0.03729294408346298,"amt_deviation_dev_MOD, merch_risk_mrisk_MOD, velocity_24h_vel24h_VHIGH"
0.03418138555870779,"failed_txns_fail_NONE, merch_risk_mrisk_MOD, velocity_24h_vel24h_VHIGH"
0.030978310606753913,"channel_ch_card, merch_risk_mrisk_MOD, velocity_24h_vel24h_VHIGH"
0.05166102315365608,"intl_domestic, velocity_1h_vel1h_LOW, velocity_24h_vel24h_VHIGH"
0.0507916170952686,"fraud_FRAUD, velocity_1h_vel1h_LOW, velocity_24h_vel24h_VHIGH"
0.042600896860986545,"device_dev_mobile, velocity_1h_vel1h_LOW, velocity_24h_vel24h_VHIGH"
0.03884872334584058,"acct_age_acct_OLD, velocity_1h_vel1h_LOW, velocity_24h_vel24h_VHIGH"
0.0330831884323236,"failed_txns_fail_NONE, velocity_1h_vel1h_LOW, velocity_24h_vel24h_VHIGH"
0.03189347487874073,"channel_ch_card, velocity_1h_vel1h_LOW, velocity_24h_vel24h_VHIGH"
0.03646929623867484,"amt_deviation_dev_MOD, velocity_1h_vel1h_LOW, velocity_24h_vel24h_VHIGH"
0.04571245538574174,"intl_domestic, ip_risk_ip_LOW, velocity_24h_vel24h_VHIGH"
0.043424544705774684,"fraud_FRAUD, ip_risk_ip_LOW, velocity_24h_vel24h_VHIGH"
0.038391141209847164,"device_dev_mobile, ip_risk_ip_LOW, velocity_24h_vel24h_VHIGH"
0.03340349592751899,"acct_age_acct_OLD, ip_risk_ip_LOW, velocity_24h_vel24h_VHIGH"
0.030612244897959183,"amt_deviation_dev_MOD, ip_risk_ip_LOW, velocity_24h_vel24h_VHIGH"
0.039169030841035964,"geo_dist_geo_FAR, intl_domestic, velocity_24h_vel24h_VHIGH"
0.03770476800585705,"fraud_FRAUD, geo_dist_geo_FAR, velocity_24h_vel24h_VHIGH"
0.033311979500320305,"device_dev_mobile, geo_dist_geo_FAR, velocity_24h_vel24h_VHIGH"
0.03582868124828407,"channel_ch_upi, intl_domestic, velocity_24h_vel24h_VHIGH"
0.03459320948110186,"channel_ch_upi, fraud_FRAUD, velocity_24h_vel24h_VHIGH"
0.0482291571337055,"intl_domestic, kyc_kyc_3, velocity_24h_vel24h_VHIGH"
0.046856410725725266,"fraud_FRAUD, kyc_kyc_3, velocity_24h_vel24h_VHIGH"
0.03093255239315457,"failed_txns_fail_NONE, kyc_kyc_3, velocity_24h_vel24h_VHIGH"
0.039443580122632015,"device_dev_mobile, kyc_kyc_3, velocity_24h_vel24h_VHIGH"
0.03546261553948934,"acct_age_acct_OLD, kyc_kyc_3, velocity_24h_vel24h_VHIGH"
0.034410176626704495,"amt_deviation_dev_MOD, kyc_kyc_3, velocity_24h_vel24h_VHIGH"
0.042509380433787866,"intl_domestic, merch_risk_mrisk_HIGH, velocity_24h_vel24h_VHIGH"
0.04237210579298984,"fraud_FRAUD, merch_risk_mrisk_HIGH, velocity_24h_vel24h_VHIGH"
0.031207101674750617,"acct_age_acct_OLD, merch_risk_mrisk_HIGH, velocity_24h_vel24h_VHIGH"
0.03001738812116775,"amt_deviation_dev_MOD, merch_risk_mrisk_HIGH, velocity_24h_vel24h_VHIGH"
0.034501693053903174,"device_dev_mobile, merch_risk_mrisk_HIGH, velocity_24h_vel24h_VHIGH"
0.03459320948110186,"device_dev_desktop, fraud_FRAUD, velocity_24h_vel24h_VHIGH"
0.034364418413105155,"device_dev_desktop, intl_domestic, velocity_24h_vel24h_VHIGH"
0.030200420975565113,"credit_band_credit_3, intl_domestic, velocity_24h_vel24h_VHIGH"
0.04017571154022147,"geo_dist_geo_NEAR, intl_domestic, velocity_24h_vel24h_VHIGH"
0.033128946645922946,"device_dev_mobile, geo_dist_geo_NEAR, velocity_24h_vel24h_VHIGH"
0.0305207284707605,"acct_age_acct_OLD, geo_dist_geo_NEAR, velocity_24h_vel24h_VHIGH"
0.039489338336231354,"fraud_FRAUD, geo_dist_geo_NEAR, velocity_24h_vel24h_VHIGH"
0.034867758762697904,"amt_amt_HIGH, intl_domestic, velocity_24h_vel24h_VHIGH"
0.03473048412189988,"amt_amt_HIGH, fraud_FRAUD, velocity_24h_vel24h_VHIGH"
0.034455934840303834,"amt_amt_HIGH, amt_deviation_dev_HIGH, velocity_24h_vel24h_VHIGH"
0.12459961563100577,"amt_amt_LOW, amt_deviation_dev_NORMAL"
0.08886245080992038,"amt_deviation_dev_NORMAL, device_dev_mobile"
0.08071748878923767,"acct_age_acct_OLD, amt_deviation_dev_NORMAL"
0.0779719959732772,"amt_deviation_dev_NORMAL, failed_txns_fail_NONE"
0.053125285988834994,"amt_deviation_dev_NORMAL, ip_risk_ip_MOD"
0.052759220280040264,"amt_deviation_dev_NORMAL, fraud_FRAUD"
0.04653610323052988,"amt_deviation_dev_NORMAL, geo_dist_geo_MOD"
0.041411183307403676,"amt_deviation_dev_NORMAL, kyc_kyc_2"
0.03427290198590647,"amt_deviation_dev_NORMAL, velocity_1h_vel1h_MOD"
0.03303743021872426,"amt_deviation_dev_NORMAL, merch_risk_mrisk_LOW"
0.11123821725999818,"amt_deviation_dev_NORMAL, intl_domestic"
0.047542783929715386,"amt_deviation_dev_NORMAL, merch_risk_mrisk_MOD"
0.04443122540496019,"amt_deviation_dev_NORMAL, velocity_1h_vel1h_LOW"
0.04099935938500961,"amt_deviation_dev_NORMAL, kyc_kyc_1"
0.04008419511302279,"amt_deviation_dev_NORMAL, ip_risk_ip_LOW"
0.03569140660748604,"amt_deviation_dev_NORMAL, geo_dist_geo_FAR"
0.034822000549098564,"amt_deviation_dev_NORMAL, failed_txns_fail_LOW"
0.03010890454836643,"amt_deviation_dev_NORMAL, channel_ch_upi"
0.04237210579298984,"amt_deviation_dev_NORMAL, kyc_kyc_3"
0.03427290198590647,"amt_deviation_dev_NORMAL, merch_risk_mrisk_HIGH"
0.07202342820536287,"amt_deviation_dev_NORMAL, fraud_legit"
0.041411183307403676,"amt_deviation_dev_NORMAL, velocity_1h_vel1h_ZERO"
0.03235105701473415,"amt_deviation_dev_NORMAL, velocity_24h_vel24h_LOW"
0.03880296513224124,"amt_deviation_dev_NORMAL, velocity_24h_vel24h_MOD"
0.034822000549098564,"amt_deviation_dev_NORMAL, geo_dist_geo_NEAR"
0.0636039169030841,"amt_deviation_dev_NORMAL, channel_ch_card"
0.08881669259632104,"amt_amt_LOW, amt_deviation_dev_NORMAL, device_dev_mobile"
0.07966504987645283,"amt_deviation_dev_NORMAL, device_dev_mobile, intl_domestic"
0.08058021414843965,"acct_age_acct_OLD, amt_amt_LOW, amt_deviation_dev_NORMAL"
0.056968975931179645,"acct_age_acct_OLD, amt_deviation_dev_NORMAL, device_dev_mobile"
0.0723894939141576,"acct_age_acct_OLD, amt_deviation_dev_NORMAL, intl_domestic"
0.07783472133247918,"amt_amt_LOW, amt_deviation_dev_NORMAL, failed_txns_fail_NONE"
0.0556877459503981,"amt_deviation_dev_NORMAL, device_dev_mobile, failed_txns_fail_NONE"
0.05051706781367255,"acct_age_acct_OLD, amt_deviation_dev_NORMAL, failed_txns_fail_NONE"
0.06996430859339252,"amt_deviation_dev_NORMAL, failed_txns_fail_NONE, intl_domestic"
0.053079527775235655,"amt_amt_LOW, amt_deviation_dev_NORMAL, ip_risk_ip_MOD"
0.038208108355449806,"amt_deviation_dev_NORMAL, device_dev_mobile, ip_risk_ip_MOD"
0.03514230804429395,"acct_age_acct_OLD, amt_deviation_dev_NORMAL, ip_risk_ip_MOD"
0.033311979500320305,"amt_deviation_dev_NORMAL, failed_txns_fail_NONE, ip_risk_ip_MOD"
0.04713096000732132,"amt_deviation_dev_NORMAL, intl_domestic, ip_risk_ip_MOD"
0.032076507733138096,"amt_deviation_dev_NORMAL, fraud_legit, ip_risk_ip_MOD"
0.052759220280040264,"amt_amt_LOW, amt_deviation_dev_NORMAL, fraud_FRAUD"
0.037567493365059025,"amt_deviation_dev_NORMAL, device_dev_mobile, fraud_FRAUD"
0.03431866019950581,"acct_age_acct_OLD, amt_deviation_dev_NORMAL, fraud_FRAUD"
0.04401940148256612,"amt_deviation_dev_NORMAL, fraud_FRAUD, intl_domestic"
0.046490345016930536,"amt_amt_LOW, amt_deviation_dev_NORMAL, geo_dist_geo_MOD"
0.03216802416033678,"amt_deviation_dev_NORMAL, device_dev_mobile, geo_dist_geo_MOD"
0.041823007229797746,"amt_deviation_dev_NORMAL, geo_dist_geo_MOD, intl_domestic"
0.041319666880205,"amt_amt_LOW, amt_deviation_dev_NORMAL, kyc_kyc_2"
0.03010890454836643,"amt_deviation_dev_NORMAL, device_dev_mobile, kyc_kyc_2"
0.03651505445227418,"amt_deviation_dev_NORMAL, intl_domestic, kyc_kyc_2"
0.03422714377230713,"amt_amt_LOW, amt_deviation_dev_NORMAL, velocity_1h_vel1h_MOD"
0.030566486684359843,"amt_deviation_dev_NORMAL, intl_domestic, velocity_1h_vel1h_MOD"
0.03299167200512492,"amt_amt_LOW, amt_deviation_dev_NORMAL, merch_risk_mrisk_LOW"
0.1110551844056008,"amt_amt_LOW, amt_deviation_dev_NORMAL, intl_domestic"
0.0474512675025167,"amt_amt_LOW, amt_deviation_dev_NORMAL, merch_risk_mrisk_MOD"
0.04196028187059577,"amt_deviation_dev_NORMAL, intl_domestic, merch_risk_mrisk_MOD"
0.03344925414111833,"amt_deviation_dev_NORMAL, device_dev_mobile, merch_risk_mrisk_MOD"
0.031207101674750617,"acct_age_acct_OLD, amt_deviation_dev_NORMAL, merch_risk_mrisk_MOD"
0.030429212043561818,"amt_deviation_dev_NORMAL, failed_txns_fail_NONE, merch_risk_mrisk_MOD"
0.04433970897776151,"amt_amt_LOW, amt_deviation_dev_NORMAL, velocity_1h_vel1h_LOW"
0.03962661297702938,"amt_deviation_dev_NORMAL, intl_domestic, velocity_1h_vel1h_LOW"
0.03125285988834996,"amt_deviation_dev_NORMAL, device_dev_mobile, velocity_1h_vel1h_LOW"
0.04095360117141027,"amt_amt_LOW, amt_deviation_dev_NORMAL, kyc_kyc_1"
0.0364235380250755,"amt_deviation_dev_NORMAL, intl_domestic, kyc_kyc_1"
0.0399926786858241,"amt_amt_LOW, amt_deviation_dev_NORMAL, ip_risk_ip_LOW"
0.03660657087947287,"amt_deviation_dev_NORMAL, intl_domestic, ip_risk_ip_LOW"
0.03569140660748604,"amt_amt_LOW, amt_deviation_dev_NORMAL, geo_dist_geo_FAR"
0.03134437631554864,"amt_deviation_dev_NORMAL, geo_dist_geo_FAR, intl_domestic"
0.034822000549098564,"amt_amt_LOW, amt_deviation_dev_NORMAL, failed_txns_fail_LOW"
0.030429212043561818,"amt_deviation_dev_NORMAL, failed_txns_fail_LOW, intl_domestic"
0.03006314633476709,"amt_amt_LOW, amt_deviation_dev_NORMAL, channel_ch_upi"
0.0423263475793905,"amt_amt_LOW, amt_deviation_dev_NORMAL, kyc_kyc_3"
0.038299624782648485,"amt_deviation_dev_NORMAL, intl_domestic, kyc_kyc_3"
0.03427290198590647,"amt_amt_LOW, amt_deviation_dev_NORMAL, merch_risk_mrisk_HIGH"
0.030795277752356548,"amt_deviation_dev_NORMAL, intl_domestic, merch_risk_mrisk_HIGH"
0.0718403953509655,"amt_amt_LOW, amt_deviation_dev_NORMAL, fraud_legit"
0.06721881577743205,"amt_deviation_dev_NORMAL, fraud_legit, intl_domestic"
0.05129495744486135,"amt_deviation_dev_NORMAL, device_dev_mobile, fraud_legit"
0.050745858881669256,"amt_deviation_dev_NORMAL, failed_txns_fail_NONE, fraud_legit"
0.04639882858973186,"acct_age_acct_OLD, amt_deviation_dev_NORMAL, fraud_legit"
0.04136542509380434,"amt_amt_LOW, amt_deviation_dev_NORMAL, velocity_1h_vel1h_ZERO"
0.03678960373387023,"amt_deviation_dev_NORMAL, intl_domestic, velocity_1h_vel1h_ZERO"
0.03221378237393612,"amt_amt_LOW, amt_deviation_dev_NORMAL, velocity_24h_vel24h_LOW"
0.038757206918641894,"amt_amt_LOW, amt_deviation_dev_NORMAL, velocity_24h_vel24h_MOD"
0.03514230804429395,"amt_deviation_dev_NORMAL, intl_domestic, velocity_24h_vel24h_MOD"
0.03473048412189988,"amt_amt_LOW, amt_deviation_dev_NORMAL, geo_dist_geo_NEAR"
0.03148165095634666,"amt_deviation_dev_NORMAL, geo_dist_geo_NEAR, intl_domestic"
0.06351240047588542,"amt_amt_LOW, amt_deviation_dev_NORMAL, channel_ch_card"
0.05683170129038163,"amt_deviation_dev_NORMAL, channel_ch_card, intl_domestic"
0.04186876544339709,"acct_age_acct_OLD, amt_deviation_dev_NORMAL, channel_ch_card"
0.04035874439461883,"amt_deviation_dev_NORMAL, channel_ch_card, failed_txns_fail_NONE"
0.03683536194746957,"amt_deviation_dev_NORMAL, channel_ch_card, fraud_legit"
0.04539214789054635,"amt_deviation_dev_NORMAL, channel_ch_card, device_dev_mobile"
0.07216070284616088,"device_dev_mobile, intl_international"
0.06497666331106433,"acct_age_acct_OLD, intl_international"
0.0618193465727098,"failed_txns_fail_NONE, intl_international"
0.05211860528964949,"fraud_FRAUD, intl_international"
0.04466001647295689,"intl_international, ip_risk_ip_MOD"
0.03802507550105244,"geo_dist_geo_MOD, intl_international"
0.03468472590830054,"intl_international, kyc_kyc_2"
0.06419877367987553,"amt_deviation_dev_MOD, intl_international"
0.05092889173606662,"channel_ch_card, intl_international"
0.048869772124096274,"amt_amt_MED, intl_international"
0.03761325157865837,"intl_international, merch_risk_mrisk_MOD"
0.03605747231628077,"intl_international, velocity_1h_vel1h_LOW"
0.03161892559714469,"intl_international, kyc_kyc_3"
0.04992221103688112,"fraud_legit, intl_international"
0.03573716482108538,"intl_international, kyc_kyc_1"
0.03294591379152558,"intl_international, velocity_1h_vel1h_ZERO"
0.03235105701473415,"intl_international, ip_risk_ip_LOW"
0.030658003111558526,"failed_txns_fail_LOW, intl_international"
0.04589548824013911,"acct_age_acct_OLD, device_dev_mobile, intl_international"
0.04351606113297337,"device_dev_mobile, failed_txns_fail_NONE, intl_international"
0.039077514413837285,"acct_age_acct_OLD, failed_txns_fail_NONE, intl_international"
0.03921478905463531,"amt_deviation_dev_MOD, failed_txns_fail_NONE, intl_international"
0.03701839480186694,"device_dev_mobile, fraud_FRAUD, intl_international"
0.034135627345108444,"acct_age_acct_OLD, fraud_FRAUD, intl_international"
0.030658003111558526,"amt_deviation_dev_MOD, fraud_FRAUD, intl_international"
0.03161892559714469,"device_dev_mobile, intl_international, ip_risk_ip_MOD"
0.04589548824013911,"amt_deviation_dev_MOD, device_dev_mobile, intl_international"
0.040633293676214884,"acct_age_acct_OLD, amt_deviation_dev_MOD, intl_international"
0.03678960373387023,"channel_ch_card, device_dev_mobile, intl_international"
0.03299167200512492,"acct_age_acct_OLD, channel_ch_card, intl_international"
0.03225954058753546,"amt_deviation_dev_MOD, channel_ch_card, intl_international"
0.03093255239315457,"channel_ch_card, failed_txns_fail_NONE, intl_international"
0.048869772124096274,"amt_amt_MED, amt_deviation_dev_MOD, intl_international"
0.03473048412189988,"amt_amt_MED, device_dev_mobile, intl_international"
0.03093255239315457,"acct_age_acct_OLD, amt_amt_MED, intl_international"
0.03550837375308868,"failed_txns_fail_NONE, fraud_legit, intl_international"
0.03514230804429395,"device_dev_mobile, fraud_legit, intl_international"
0.030841035965955887,"acct_age_acct_OLD, fraud_legit, intl_international"
0.033540770568317016,"amt_deviation_dev_MOD, fraud_legit, intl_international"
0.06991855037979318,"channel_ch_bank_transfer, device_dev_mobile"
0.06557152008785577,"channel_ch_bank_transfer, failed_txns_fail_NONE"
0.06520545437906104,"acct_age_acct_OLD, channel_ch_bank_transfer"
0.04159421616180104,"channel_ch_bank_transfer, ip_risk_ip_MOD"
0.03857417406424453,"channel_ch_bank_transfer, geo_dist_geo_MOD"
0.034135627345108444,"channel_ch_bank_transfer, kyc_kyc_2"
0.03157316738354535,"channel_ch_bank_transfer, fraud_FRAUD"
0.08895396723711907,"channel_ch_bank_transfer, intl_domestic"
0.06859156218541228,"channel_ch_bank_transfer, fraud_legit"
0.06264299441749795,"amt_deviation_dev_MOD, channel_ch_bank_transfer"
0.04973917818248376,"amt_amt_MED, channel_ch_bank_transfer"
0.03601171410268143,"channel_ch_bank_transfer, merch_risk_mrisk_MOD"
0.03267136450992953,"channel_ch_bank_transfer, kyc_kyc_1"
0.03335773771391965,"channel_ch_bank_transfer, kyc_kyc_3"
0.03134437631554864,"channel_ch_bank_transfer, velocity_1h_vel1h_ZERO"
0.03779628443305574,"channel_ch_bank_transfer, velocity_1h_vel1h_LOW"
0.03344925414111833,"channel_ch_bank_transfer, ip_risk_ip_LOW"
0.032076507733138096,"channel_ch_bank_transfer, velocity_24h_vel24h_MOD"
0.03088679417955523,"channel_ch_bank_transfer, velocity_24h_vel24h_LOW"
0.062368445135901895,"channel_ch_bank_transfer, device_dev_mobile, intl_domestic"
0.04598700466733779,"channel_ch_bank_transfer, device_dev_mobile, failed_txns_fail_NONE"
0.058570513407156584,"channel_ch_bank_transfer, failed_txns_fail_NONE, intl_domestic"
0.04854946462890089,"channel_ch_bank_transfer, failed_txns_fail_NONE, fraud_legit"
0.04548366431774504,"acct_age_acct_OLD, channel_ch_bank_transfer, device_dev_mobile"
0.042966962569781275,"acct_age_acct_OLD, channel_ch_bank_transfer, failed_txns_fail_NONE"
0.057335041639974375,"acct_age_acct_OLD, channel_ch_bank_transfer, intl_domestic"
0.043790610414569414,"acct_age_acct_OLD, channel_ch_bank_transfer, fraud_legit"
0.03678960373387023,"channel_ch_bank_transfer, intl_domestic, ip_risk_ip_MOD"
0.034501693053903174,"channel_ch_bank_transfer, geo_dist_geo_MOD, intl_domestic"
0.06319209298069003,"channel_ch_bank_transfer, fraud_legit, intl_domestic"
0.048732497483298255,"channel_ch_bank_transfer, device_dev_mobile, fraud_legit"
0.0559165370183948,"amt_deviation_dev_MOD, channel_ch_bank_transfer, intl_domestic"
0.04397364326896678,"amt_deviation_dev_MOD, channel_ch_bank_transfer, fraud_legit"
0.04122815045300632,"amt_deviation_dev_MOD, channel_ch_bank_transfer, failed_txns_fail_NONE"
0.04424819255056282,"amt_deviation_dev_MOD, channel_ch_bank_transfer, device_dev_mobile"
0.0407705683170129,"acct_age_acct_OLD, amt_deviation_dev_MOD, channel_ch_bank_transfer"
0.04969341996888441,"amt_amt_MED, amt_deviation_dev_MOD, channel_ch_bank_transfer"
0.044476983618559535,"amt_amt_MED, channel_ch_bank_transfer, intl_domestic"
0.035188066257893294,"amt_amt_MED, channel_ch_bank_transfer, fraud_legit"
0.03294591379152558,"amt_amt_MED, channel_ch_bank_transfer, failed_txns_fail_NONE"
0.034776242335499225,"amt_amt_MED, channel_ch_bank_transfer, device_dev_mobile"
0.032900155577926235,"acct_age_acct_OLD, amt_amt_MED, channel_ch_bank_transfer"
0.032030749519538756,"channel_ch_bank_transfer, intl_domestic, merch_risk_mrisk_MOD"
0.033586528781916355,"channel_ch_bank_transfer, intl_domestic, velocity_1h_vel1h_LOW"
0.24320490528049785,"failed_txns_fail_LOW, intl_domestic"
0.19186418962203716,"device_dev_mobile, failed_txns_fail_LOW"
0.17548274915347306,"acct_age_acct_OLD, failed_txns_fail_LOW"
0.17099844422073762,"amt_deviation_dev_MOD, failed_txns_fail_LOW"
0.16994600530795279,"failed_txns_fail_LOW, fraud_legit"
0.13448338976846344,"amt_amt_MED, failed_txns_fail_LOW"
0.11380067722156127,"failed_txns_fail_LOW, ip_risk_ip_MOD"
0.10437448522009701,"failed_txns_fail_LOW, geo_dist_geo_MOD"
0.09943259815136817,"failed_txns_fail_LOW, velocity_1h_vel1h_LOW"
0.0907842957810927,"failed_txns_fail_LOW, kyc_kyc_2"
0.08401208016839022,"failed_txns_fail_LOW, velocity_24h_vel24h_MOD"
0.13631371831243708,"channel_ch_card, failed_txns_fail_LOW"
0.10391690308410359,"failed_txns_fail_LOW, fraud_FRAUD"
0.09307220646105976,"failed_txns_fail_LOW, kyc_kyc_1"
0.08899972545071841,"failed_txns_fail_LOW, velocity_1h_vel1h_ZERO"
0.07527226137091608,"failed_txns_fail_LOW, merch_risk_mrisk_LOW"
0.07614166742930356,"failed_txns_fail_LOW, velocity_1h_vel1h_MOD"
0.10199505811293127,"failed_txns_fail_LOW, merch_risk_mrisk_MOD"
0.09087581220829138,"failed_txns_fail_LOW, ip_risk_ip_LOW"
0.07820078704127391,"failed_txns_fail_LOW, geo_dist_geo_FAR"
0.0900064061499039,"failed_txns_fail_LOW, kyc_kyc_3"
0.07673652420609499,"failed_txns_fail_LOW, merch_risk_mrisk_HIGH"
0.07591287636130685,"failed_txns_fail_LOW, velocity_24h_vel24h_LOW"
0.16971721423995606,"device_dev_mobile, failed_txns_fail_LOW, intl_domestic"
0.15621854122815046,"acct_age_acct_OLD, failed_txns_fail_LOW, intl_domestic"
0.12304383636862817,"acct_age_acct_OLD, device_dev_mobile, failed_txns_fail_LOW"
0.1523748512858058,"amt_deviation_dev_MOD, failed_txns_fail_LOW, intl_domestic"
0.12025258533906837,"amt_deviation_dev_MOD, device_dev_mobile, failed_txns_fail_LOW"
0.10972819621121992,"acct_age_acct_OLD, amt_deviation_dev_MOD, failed_txns_fail_LOW"
0.15736249656813397,"failed_txns_fail_LOW, fraud_legit, intl_domestic"
0.11979500320307496,"device_dev_mobile, failed_txns_fail_LOW, fraud_legit"
0.10913333943442848,"amt_deviation_dev_MOD, failed_txns_fail_LOW, fraud_legit"
0.1079436258808456,"acct_age_acct_OLD, failed_txns_fail_LOW, fraud_legit"
0.13448338976846344,"amt_amt_MED, amt_deviation_dev_MOD, failed_txns_fail_LOW"
0.11956621213507825,"amt_amt_MED, failed_txns_fail_LOW, intl_domestic"
0.09426192001464263,"amt_amt_MED, device_dev_mobile, failed_txns_fail_LOW"
0.08584240871236387,"acct_age_acct_OLD, amt_amt_MED, failed_txns_fail_LOW"
0.08579665049876453,"amt_amt_MED, failed_txns_fail_LOW, fraud_legit"
0.06703578292303468,"amt_amt_MED, channel_ch_card, failed_txns_fail_LOW"
0.1013544431225405,"failed_txns_fail_LOW, intl_domestic, ip_risk_ip_MOD"
0.07925322595405876,"device_dev_mobile, failed_txns_fail_LOW, ip_risk_ip_MOD"
0.07248101034135628,"acct_age_acct_OLD, failed_txns_fail_LOW, ip_risk_ip_MOD"
0.07220646105976022,"failed_txns_fail_LOW, fraud_legit, ip_risk_ip_MOD"
0.07074219822458132,"amt_deviation_dev_MOD, failed_txns_fail_LOW, ip_risk_ip_MOD"
0.05674018486318294,"amt_amt_MED, failed_txns_fail_LOW, ip_risk_ip_MOD"
0.057746865562368445,"channel_ch_card, failed_txns_fail_LOW, ip_risk_ip_MOD"
0.09352978859705317,"failed_txns_fail_LOW, geo_dist_geo_MOD, intl_domestic"
0.0726182849821543,"device_dev_mobile, failed_txns_fail_LOW, geo_dist_geo_MOD"
0.0661663768646472,"acct_age_acct_OLD, failed_txns_fail_LOW, geo_dist_geo_MOD"
0.0654800036606571,"failed_txns_fail_LOW, fraud_legit, geo_dist_geo_MOD"
0.06442756474787224,"amt_deviation_dev_MOD, failed_txns_fail_LOW, geo_dist_geo_MOD"
0.050745858881669256,"amt_amt_MED, failed_txns_fail_LOW, geo_dist_geo_MOD"
0.04484304932735426,"failed_txns_fail_LOW, geo_dist_geo_MOD, ip_risk_ip_MOD"
0.051523748512858056,"channel_ch_card, failed_txns_fail_LOW, geo_dist_geo_MOD"
0.08813031939233093,"failed_txns_fail_LOW, intl_domestic, velocity_1h_vel1h_LOW"
0.06900338610780635,"device_dev_mobile, failed_txns_fail_LOW, velocity_1h_vel1h_LOW"
0.06387846618468015,"acct_age_acct_OLD, failed_txns_fail_LOW, velocity_1h_vel1h_LOW"
0.06328360940788871,"failed_txns_fail_LOW, fraud_legit, velocity_1h_vel1h_LOW"
0.06278026905829596,"amt_deviation_dev_MOD, failed_txns_fail_LOW, velocity_1h_vel1h_LOW"
0.04905280497849364,"amt_amt_MED, failed_txns_fail_LOW, velocity_1h_vel1h_LOW"
0.04278392971538391,"failed_txns_fail_LOW, ip_risk_ip_MOD, velocity_1h_vel1h_LOW"
0.0361947469570788,"failed_txns_fail_LOW, geo_dist_geo_MOD, velocity_1h_vel1h_LOW"
0.03807083371465178,"failed_txns_fail_LOW, merch_risk_mrisk_MOD, velocity_1h_vel1h_LOW"
0.03614898874347945,"failed_txns_fail_LOW, fraud_FRAUD, velocity_1h_vel1h_LOW"
0.05060858424087124,"channel_ch_card, failed_txns_fail_LOW, velocity_1h_vel1h_LOW"
0.07911595131326073,"failed_txns_fail_LOW, intl_domestic, kyc_kyc_2"
0.06328360940788871,"device_dev_mobile, failed_txns_fail_LOW, kyc_kyc_2"
0.05802141484396449,"acct_age_acct_OLD, failed_txns_fail_LOW, kyc_kyc_2"
0.05641987736798755,"amt_deviation_dev_MOD, failed_txns_fail_LOW, kyc_kyc_2"
0.05472682346481193,"failed_txns_fail_LOW, fraud_legit, kyc_kyc_2"
0.04401940148256612,"amt_amt_MED, failed_txns_fail_LOW, kyc_kyc_2"
0.038208108355449806,"failed_txns_fail_LOW, ip_risk_ip_MOD, kyc_kyc_2"
0.03349501235471767,"failed_txns_fail_LOW, kyc_kyc_2, velocity_1h_vel1h_LOW"
0.033266221286720965,"failed_txns_fail_LOW, geo_dist_geo_MOD, kyc_kyc_2"
0.03605747231628077,"failed_txns_fail_LOW, fraud_FRAUD, kyc_kyc_2"
0.044888807540953604,"channel_ch_card, failed_txns_fail_LOW, kyc_kyc_2"
0.035188066257893294,"failed_txns_fail_LOW, kyc_kyc_2, merch_risk_mrisk_MOD"
0.07646197492449895,"failed_txns_fail_LOW, intl_domestic, velocity_24h_vel24h_MOD"
0.0685000457582136,"failed_txns_fail_LOW, fraud_legit, velocity_24h_vel24h_MOD"
0.058890820902351974,"device_dev_mobile, failed_txns_fail_LOW, velocity_24h_vel24h_MOD"
0.05417772490161984,"acct_age_acct_OLD, failed_txns_fail_LOW, velocity_24h_vel24h_MOD"
0.05175253958085476,"amt_deviation_dev_MOD, failed_txns_fail_LOW, velocity_24h_vel24h_MOD"
0.04017571154022147,"amt_amt_MED, failed_txns_fail_LOW, velocity_24h_vel24h_MOD"
0.035965955889082094,"failed_txns_fail_LOW, ip_risk_ip_MOD, velocity_24h_vel24h_MOD"
0.031298618101949296,"failed_txns_fail_LOW, velocity_1h_vel1h_LOW, velocity_24h_vel24h_MOD"
0.030337695616363135,"failed_txns_fail_LOW, geo_dist_geo_MOD, velocity_24h_vel24h_MOD"
0.04122815045300632,"channel_ch_card, failed_txns_fail_LOW, velocity_24h_vel24h_MOD"
0.03074951953875721,"failed_txns_fail_LOW, merch_risk_mrisk_MOD, velocity_24h_vel24h_MOD"
0.1213050242518532,"channel_ch_card, failed_txns_fail_LOW, intl_domestic"
0.09668710533540771,"channel_ch_card, device_dev_mobile, failed_txns_fail_LOW"
0.08748970440194015,"acct_age_acct_OLD, channel_ch_card, failed_txns_fail_LOW"
0.0848814862267777,"amt_deviation_dev_MOD, channel_ch_card, failed_txns_fail_LOW"
0.08446966230438363,"channel_ch_card, failed_txns_fail_LOW, fraud_legit"
0.08584240871236387,"failed_txns_fail_LOW, fraud_FRAUD, intl_domestic"
0.0720691864189622,"device_dev_mobile, failed_txns_fail_LOW, fraud_FRAUD"
0.06753912327262744,"acct_age_acct_OLD, failed_txns_fail_LOW, fraud_FRAUD"
0.06186510478630914,"amt_deviation_dev_MOD, failed_txns_fail_LOW, fraud_FRAUD"
0.051844056008053446,"channel_ch_card, failed_txns_fail_LOW, fraud_FRAUD"
0.04868673926969891,"amt_amt_MED, failed_txns_fail_LOW, fraud_FRAUD"
0.03889448155943992,"failed_txns_fail_LOW, fraud_FRAUD, geo_dist_geo_MOD"
0.04159421616180104,"failed_txns_fail_LOW, fraud_FRAUD, ip_risk_ip_MOD"
0.0828681248284067,"failed_txns_fail_LOW, intl_domestic, kyc_kyc_1"
0.06543424544705774,"device_dev_mobile, failed_txns_fail_LOW, kyc_kyc_1"
0.05998901802873616,"acct_age_acct_OLD, failed_txns_fail_LOW, kyc_kyc_1"
0.058524755193557244,"amt_deviation_dev_MOD, failed_txns_fail_LOW, kyc_kyc_1"
0.04653610323052988,"channel_ch_card, failed_txns_fail_LOW, kyc_kyc_1"
0.04571245538574174,"amt_amt_MED, failed_txns_fail_LOW, kyc_kyc_1"
0.03637777981147616,"failed_txns_fail_LOW, geo_dist_geo_MOD, kyc_kyc_1"
0.033998352704310425,"failed_txns_fail_LOW, fraud_FRAUD, kyc_kyc_1"
0.03418138555870779,"failed_txns_fail_LOW, kyc_kyc_1, merch_risk_mrisk_MOD"
0.033678045209115035,"failed_txns_fail_LOW, kyc_kyc_1, velocity_1h_vel1h_LOW"
0.05907385375674934,"failed_txns_fail_LOW, fraud_legit, kyc_kyc_1"
0.03889448155943992,"failed_txns_fail_LOW, ip_risk_ip_MOD, kyc_kyc_1"
0.0792989841676581,"failed_txns_fail_LOW, intl_domestic, velocity_1h_vel1h_ZERO"
0.06250571977669991,"device_dev_mobile, failed_txns_fail_LOW, velocity_1h_vel1h_ZERO"
0.057380799853573715,"acct_age_acct_OLD, failed_txns_fail_LOW, velocity_1h_vel1h_ZERO"
0.05408620847442116,"amt_deviation_dev_MOD, failed_txns_fail_LOW, velocity_1h_vel1h_ZERO"
0.04269241328818523,"amt_amt_MED, failed_txns_fail_LOW, velocity_1h_vel1h_ZERO"
0.042509380433787866,"channel_ch_card, failed_txns_fail_LOW, velocity_1h_vel1h_ZERO"
0.035599890180287364,"failed_txns_fail_LOW, geo_dist_geo_MOD, velocity_1h_vel1h_ZERO"
0.033128946645922946,"failed_txns_fail_LOW, fraud_FRAUD, velocity_1h_vel1h_ZERO"
0.0305207284707605,"failed_txns_fail_LOW, kyc_kyc_1, velocity_1h_vel1h_ZERO"
0.05587077880479546,"failed_txns_fail_LOW, fraud_legit, velocity_1h_vel1h_ZERO"
0.03628626338427748,"failed_txns_fail_LOW, ip_risk_ip_MOD, velocity_1h_vel1h_ZERO"
0.03198499130593942,"failed_txns_fail_LOW, merch_risk_mrisk_MOD, velocity_1h_vel1h_ZERO"
0.06767639791342546,"failed_txns_fail_LOW, intl_domestic, merch_risk_mrisk_LOW"
0.05326256062963302,"device_dev_mobile, failed_txns_fail_LOW, merch_risk_mrisk_LOW"
0.04827491534730484,"acct_age_acct_OLD, failed_txns_fail_LOW, merch_risk_mrisk_LOW"
0.048000366065708795,"amt_deviation_dev_MOD, failed_txns_fail_LOW, merch_risk_mrisk_LOW"
0.037887800860254416,"amt_amt_MED, failed_txns_fail_LOW, merch_risk_mrisk_LOW"
0.03775052621945639,"channel_ch_card, failed_txns_fail_LOW, merch_risk_mrisk_LOW"
0.05047130960007321,"failed_txns_fail_LOW, fraud_legit, merch_risk_mrisk_LOW"
0.03161892559714469,"failed_txns_fail_LOW, ip_risk_ip_MOD, merch_risk_mrisk_LOW"
0.06753912327262744,"failed_txns_fail_LOW, intl_domestic, velocity_1h_vel1h_MOD"
0.0533540770568317,"device_dev_mobile, failed_txns_fail_LOW, velocity_1h_vel1h_MOD"
0.04896128855129496,"amt_deviation_dev_MOD, failed_txns_fail_LOW, velocity_1h_vel1h_MOD"
0.048091882492907474,"acct_age_acct_OLD, failed_txns_fail_LOW, velocity_1h_vel1h_MOD"
0.038665690491443215,"amt_amt_MED, failed_txns_fail_LOW, velocity_1h_vel1h_MOD"
0.04699368536652329,"failed_txns_fail_LOW, fraud_legit, velocity_1h_vel1h_MOD"
0.03857417406424453,"channel_ch_card, failed_txns_fail_LOW, velocity_1h_vel1h_MOD"
0.03157316738354535,"failed_txns_fail_LOW, ip_risk_ip_MOD, velocity_1h_vel1h_MOD"
0.08977761508190721,"failed_txns_fail_LOW, intl_domestic, merch_risk_mrisk_MOD"
0.0712912967877734,"device_dev_mobile, failed_txns_fail_LOW, merch_risk_mrisk_MOD"
0.06630365150544523,"acct_age_acct_OLD, failed_txns_fail_LOW, merch_risk_mrisk_MOD"
0.03921478905463531,"failed_txns_fail_LOW, fraud_FRAUD, merch_risk_mrisk_MOD"
0.06369543333028278,"amt_deviation_dev_MOD, failed_txns_fail_LOW, merch_risk_mrisk_MOD"
0.04973917818248376,"amt_amt_MED, failed_txns_fail_LOW, merch_risk_mrisk_MOD"
0.04003843689942345,"failed_txns_fail_LOW, geo_dist_geo_MOD, merch_risk_mrisk_MOD"
0.06278026905829596,"failed_txns_fail_LOW, fraud_legit, merch_risk_mrisk_MOD"
0.05106616637686465,"channel_ch_card, failed_txns_fail_LOW, merch_risk_mrisk_MOD"
0.042189072938592476,"failed_txns_fail_LOW, ip_risk_ip_MOD, merch_risk_mrisk_MOD"
0.08053445593484031,"failed_txns_fail_LOW, intl_domestic, ip_risk_ip_LOW"
0.06456483938867026,"device_dev_mobile, failed_txns_fail_LOW, ip_risk_ip_LOW"
0.057380799853573715,"acct_age_acct_OLD, failed_txns_fail_LOW, ip_risk_ip_LOW"
0.03491351697629724,"failed_txns_fail_LOW, ip_risk_ip_LOW, merch_risk_mrisk_MOD"
0.0323052988011348,"failed_txns_fail_LOW, fraud_FRAUD, ip_risk_ip_LOW"
0.032030749519538756,"failed_txns_fail_LOW, ip_risk_ip_LOW, velocity_1h_vel1h_LOW"
0.030795277752356548,"failed_txns_fail_LOW, ip_risk_ip_LOW, kyc_kyc_1"
0.058570513407156584,"failed_txns_fail_LOW, fraud_legit, ip_risk_ip_LOW"
0.03294591379152558,"failed_txns_fail_LOW, geo_dist_geo_MOD, ip_risk_ip_LOW"
0.057701107348769105,"amt_deviation_dev_MOD, failed_txns_fail_LOW, ip_risk_ip_LOW"
0.04534638967694701,"amt_amt_MED, failed_txns_fail_LOW, ip_risk_ip_LOW"
0.04438546719136085,"channel_ch_card, failed_txns_fail_LOW, ip_risk_ip_LOW"
0.06950672645739911,"failed_txns_fail_LOW, geo_dist_geo_FAR, intl_domestic"
0.05550471309600073,"device_dev_mobile, failed_txns_fail_LOW, geo_dist_geo_FAR"
0.05102040816326531,"acct_age_acct_OLD, failed_txns_fail_LOW, geo_dist_geo_FAR"
0.03010890454836643,"failed_txns_fail_LOW, geo_dist_geo_FAR, velocity_1h_vel1h_LOW"
0.04859522284250023,"failed_txns_fail_LOW, fraud_legit, geo_dist_geo_FAR"
0.03148165095634666,"failed_txns_fail_LOW, geo_dist_geo_FAR, ip_risk_ip_MOD"
0.04891553033769561,"amt_deviation_dev_MOD, failed_txns_fail_LOW, geo_dist_geo_FAR"
0.0397638876178274,"channel_ch_card, failed_txns_fail_LOW, geo_dist_geo_FAR"
0.038299624782648485,"amt_amt_MED, failed_txns_fail_LOW, geo_dist_geo_FAR"
0.08122082913883041,"failed_txns_fail_LOW, intl_domestic, kyc_kyc_3"
0.056145328086391506,"failed_txns_fail_LOW, fraud_legit, kyc_kyc_3"
0.03669808730667155,"failed_txns_fail_LOW, ip_risk_ip_MOD, kyc_kyc_3"
0.03473048412189988,"failed_txns_fail_LOW, geo_dist_geo_MOD, kyc_kyc_3"
0.0338610780635124,"failed_txns_fail_LOW, fraud_FRAUD, kyc_kyc_3"
0.0631463347670907,"device_dev_mobile, failed_txns_fail_LOW, kyc_kyc_3"
0.05605381165919283,"amt_deviation_dev_MOD, failed_txns_fail_LOW, kyc_kyc_3"
0.044888807540953604,"channel_ch_card, failed_txns_fail_LOW, kyc_kyc_3"
0.03225954058753546,"failed_txns_fail_LOW, kyc_kyc_3, velocity_1h_vel1h_LOW"
0.0574723162807724,"acct_age_acct_OLD, failed_txns_fail_LOW, kyc_kyc_3"
0.03262560629633019,"failed_txns_fail_LOW, kyc_kyc_3, merch_risk_mrisk_MOD"
0.04475153290015558,"amt_amt_MED, failed_txns_fail_LOW, kyc_kyc_3"
0.030154662761965774,"failed_txns_fail_LOW, ip_risk_ip_LOW, kyc_kyc_3"
0.06863732039901162,"failed_txns_fail_LOW, intl_domestic, merch_risk_mrisk_HIGH"
0.030337695616363135,"failed_txns_fail_LOW, fraud_FRAUD, merch_risk_mrisk_HIGH"
0.048366431774503525,"acct_age_acct_OLD, failed_txns_fail_LOW, merch_risk_mrisk_HIGH"
0.04639882858973186,"failed_txns_fail_LOW, fraud_legit, merch_risk_mrisk_HIGH"
0.03852841585064519,"channel_ch_card, failed_txns_fail_LOW, merch_risk_mrisk_HIGH"
0.05294225313443763,"device_dev_mobile, failed_txns_fail_LOW, merch_risk_mrisk_HIGH"
0.04699368536652329,"amt_deviation_dev_MOD, failed_txns_fail_LOW, merch_risk_mrisk_HIGH"
0.037567493365059025,"amt_amt_MED, failed_txns_fail_LOW, merch_risk_mrisk_HIGH"
0.03152740916994601,"failed_txns_fail_LOW, ip_risk_ip_MOD, merch_risk_mrisk_HIGH"
0.06982703395259449,"failed_txns_fail_LOW, intl_domestic, velocity_24h_vel24h_LOW"
0.06708154113663403,"failed_txns_fail_LOW, fraud_legit, velocity_24h_vel24h_LOW"
0.048366431774503525,"acct_age_acct_OLD, failed_txns_fail_LOW, velocity_24h_vel24h_LOW"
0.03852841585064519,"channel_ch_card, failed_txns_fail_LOW, velocity_24h_vel24h_LOW"
0.053033769561636315,"device_dev_mobile, failed_txns_fail_LOW, velocity_24h_vel24h_LOW"
0.04854946462890089,"amt_deviation_dev_MOD, failed_txns_fail_LOW, velocity_24h_vel24h_LOW"
0.03811659192825112,"amt_amt_MED, failed_txns_fail_LOW, velocity_24h_vel24h_LOW"
0.031115585247551935,"failed_txns_fail_LOW, ip_risk_ip_MOD, velocity_24h_vel24h_LOW"
0.06218541228150453,"intl_domestic, merch_risk_mrisk_VHIGH"
0.05024251853207651,"device_dev_mobile, merch_risk_mrisk_VHIGH"
0.04520911503614899,"acct_age_acct_OLD, merch_risk_mrisk_VHIGH"
0.04479729111375492,"amt_deviation_dev_MOD, merch_risk_mrisk_VHIGH"
0.04392788505536744,"fraud_legit, merch_risk_mrisk_VHIGH"
0.03500503340349593,"amt_amt_MED, merch_risk_mrisk_VHIGH"
0.031161343461151278,"ip_risk_ip_MOD, merch_risk_mrisk_VHIGH"
0.04429395076416217,"failed_txns_fail_NONE, merch_risk_mrisk_VHIGH"
0.0338610780635124,"channel_ch_card, merch_risk_mrisk_VHIGH"
0.04401940148256612,"device_dev_mobile, intl_domestic, merch_risk_mrisk_VHIGH"
0.039901162258625424,"acct_age_acct_OLD, intl_domestic, merch_risk_mrisk_VHIGH"
0.03216802416033678,"acct_age_acct_OLD, device_dev_mobile, merch_risk_mrisk_VHIGH"
0.039443580122632015,"amt_deviation_dev_MOD, intl_domestic, merch_risk_mrisk_VHIGH"
0.03171044202434337,"amt_deviation_dev_MOD, device_dev_mobile, merch_risk_mrisk_VHIGH"
0.04095360117141027,"fraud_legit, intl_domestic, merch_risk_mrisk_VHIGH"
0.03171044202434337,"device_dev_mobile, fraud_legit, merch_risk_mrisk_VHIGH"
0.03180195845154205,"failed_txns_fail_NONE, fraud_legit, merch_risk_mrisk_VHIGH"
0.03495927518989659,"amt_amt_MED, amt_deviation_dev_MOD, merch_risk_mrisk_VHIGH"
0.030841035965955887,"amt_amt_MED, intl_domestic, merch_risk_mrisk_VHIGH"
0.039489338336231354,"failed_txns_fail_NONE, intl_domestic, merch_risk_mrisk_VHIGH"
0.031207101674750617,"device_dev_mobile, failed_txns_fail_NONE, merch_risk_mrisk_VHIGH"
0.16871053354077056,"acct_age_acct_1YR, intl_domestic"
0.1295415026997346,"acct_age_acct_1YR, fraud_legit"
0.11970348677587626,"acct_age_acct_1YR, failed_txns_fail_NONE"
0.11627162075592569,"acct_age_acct_1YR, amt_deviation_dev_MOD"
0.09215704218907293,"acct_age_acct_1YR, amt_amt_MED"
0.07833806168207193,"acct_age_acct_1YR, ip_risk_ip_MOD"
0.06964400109819713,"acct_age_acct_1YR, merch_risk_mrisk_MOD"
0.06337512583508739,"acct_age_acct_1YR, kyc_kyc_1"
0.05321680241603368,"acct_age_acct_1YR, velocity_1h_vel1h_MOD"
0.052667703852841585,"acct_age_acct_1YR, geo_dist_geo_FAR"
0.04749702571611604,"acct_age_acct_1YR, device_dev_desktop"
0.040633293676214884,"acct_age_acct_1YR, credit_band_credit_3"
0.03738446051066167,"acct_age_acct_1YR, velocity_24h_vel24h_HIGH"
0.0712912967877734,"acct_age_acct_1YR, geo_dist_geo_MOD"
0.06012629266953418,"acct_age_acct_1YR, kyc_kyc_3"
0.057701107348769105,"acct_age_acct_1YR, fraud_FRAUD"
0.05198133064885147,"acct_age_acct_1YR, failed_txns_fail_LOW"
0.05129495744486135,"acct_age_acct_1YR, merch_risk_mrisk_HIGH"
0.041777249016198406,"acct_age_acct_1YR, amt_amt_LOW"
0.037475976937860346,"acct_age_acct_1YR, ip_risk_ip_HIGH"
0.066944266495836,"acct_age_acct_1YR, velocity_1h_vel1h_LOW"
0.04580397181294042,"acct_age_acct_1YR, channel_ch_upi"
0.03775052621945639,"acct_age_acct_1YR, credit_band_credit_2"
0.09513132607303011,"acct_age_acct_1YR, channel_ch_card"
0.0564656355815869,"acct_age_acct_1YR, velocity_24h_vel24h_LOW"
0.05362862633842775,"acct_age_acct_1YR, merch_risk_mrisk_LOW"
0.05115768280406333,"acct_age_acct_1YR, geo_dist_geo_NEAR"
0.04507184039535096,"acct_age_acct_1YR, amt_amt_HIGH"
0.03701839480186694,"acct_age_acct_1YR, amt_deviation_dev_HIGH"
0.06351240047588542,"acct_age_acct_1YR, ip_risk_ip_LOW"
0.061224489795918366,"acct_age_acct_1YR, velocity_24h_vel24h_MOD"
0.1307769744669168,"acct_age_acct_1YR, device_dev_mobile"
0.03550837375308868,"acct_age_acct_1YR, credit_band_credit_4"
0.03656081266587352,"acct_age_acct_1YR, credit_band_credit_1"
0.061041456941521,"acct_age_acct_1YR, velocity_1h_vel1h_ZERO"
0.03678960373387023,"acct_age_acct_1YR, credit_band_credit_5"
0.06374119154388212,"acct_age_acct_1YR, kyc_kyc_2"
0.12043561819346572,"acct_age_acct_1YR, fraud_legit, intl_domestic"
0.09147066898508283,"acct_age_acct_1YR, device_dev_mobile, fraud_legit"
0.10849272444403771,"acct_age_acct_1YR, failed_txns_fail_NONE, intl_domestic"
0.09046398828589731,"acct_age_acct_1YR, failed_txns_fail_NONE, fraud_legit"
0.08263933376041,"acct_age_acct_1YR, device_dev_mobile, failed_txns_fail_NONE"
0.10432872700649766,"acct_age_acct_1YR, amt_deviation_dev_MOD, intl_domestic"
0.08213599341081725,"acct_age_acct_1YR, amt_deviation_dev_MOD, fraud_legit"
0.07508922851651871,"acct_age_acct_1YR, amt_deviation_dev_MOD, failed_txns_fail_NONE"
0.08099203807083372,"acct_age_acct_1YR, amt_deviation_dev_MOD, device_dev_mobile"
0.09215704218907293,"acct_age_acct_1YR, amt_amt_MED, amt_deviation_dev_MOD"
0.08273085018760867,"acct_age_acct_1YR, amt_amt_MED, intl_domestic"
0.06483938867026631,"acct_age_acct_1YR, amt_amt_MED, fraud_legit"
0.05921112839754736,"acct_age_acct_1YR, amt_amt_MED, failed_txns_fail_NONE"
0.06332936762148805,"acct_age_acct_1YR, amt_amt_MED, device_dev_mobile"
0.04603276288093713,"acct_age_acct_1YR, amt_amt_MED, channel_ch_card"
0.06991855037979318,"acct_age_acct_1YR, intl_domestic, ip_risk_ip_MOD"
0.05440651596961655,"acct_age_acct_1YR, fraud_legit, ip_risk_ip_MOD"
0.0507916170952686,"acct_age_acct_1YR, failed_txns_fail_NONE, ip_risk_ip_MOD"
0.05005948567767914,"acct_age_acct_1YR, amt_deviation_dev_MOD, ip_risk_ip_MOD"
0.040267227967420154,"acct_age_acct_1YR, amt_amt_MED, ip_risk_ip_MOD"
0.03894023977303926,"acct_age_acct_1YR, channel_ch_card, ip_risk_ip_MOD"
0.05477258167841127,"acct_age_acct_1YR, device_dev_mobile, ip_risk_ip_MOD"
0.06250571977669991,"acct_age_acct_1YR, intl_domestic, merch_risk_mrisk_MOD"
0.049235837832891004,"acct_age_acct_1YR, fraud_legit, merch_risk_mrisk_MOD"
0.04479729111375492,"acct_age_acct_1YR, failed_txns_fail_NONE, merch_risk_mrisk_MOD"
0.042921204356181936,"acct_age_acct_1YR, amt_deviation_dev_MOD, merch_risk_mrisk_MOD"
0.034776242335499225,"acct_age_acct_1YR, amt_amt_MED, merch_risk_mrisk_MOD"
0.04854946462890089,"acct_age_acct_1YR, device_dev_mobile, merch_risk_mrisk_MOD"
0.03628626338427748,"acct_age_acct_1YR, channel_ch_card, merch_risk_mrisk_MOD"
0.05706049235837833,"acct_age_acct_1YR, intl_domestic, kyc_kyc_1"
0.043378786492175345,"acct_age_acct_1YR, fraud_legit, kyc_kyc_1"
0.04072481010341356,"acct_age_acct_1YR, failed_txns_fail_NONE, kyc_kyc_1"
0.03962661297702938,"acct_age_acct_1YR, amt_deviation_dev_MOD, kyc_kyc_1"
0.030612244897959183,"acct_age_acct_1YR, amt_amt_MED, kyc_kyc_1"
0.04438546719136085,"acct_age_acct_1YR, device_dev_mobile, kyc_kyc_1"
0.033174704859522286,"acct_age_acct_1YR, channel_ch_card, kyc_kyc_1"
0.04713096000732132,"acct_age_acct_1YR, intl_domestic, velocity_1h_vel1h_MOD"
0.03729294408346298,"acct_age_acct_1YR, fraud_legit, velocity_1h_vel1h_MOD"
0.033723803422714374,"acct_age_acct_1YR, amt_deviation_dev_MOD, velocity_1h_vel1h_MOD"
0.033220463073121625,"acct_age_acct_1YR, failed_txns_fail_NONE, velocity_1h_vel1h_MOD"
0.03697263658826759,"acct_age_acct_1YR, device_dev_mobile, velocity_1h_vel1h_MOD"
0.04731399286171868,"acct_age_acct_1YR, geo_dist_geo_FAR, intl_domestic"
0.03651505445227418,"acct_age_acct_1YR, fraud_legit, geo_dist_geo_FAR"
0.034410176626704495,"acct_age_acct_1YR, failed_txns_fail_NONE, geo_dist_geo_FAR"
0.0330831884323236,"acct_age_acct_1YR, amt_deviation_dev_MOD, geo_dist_geo_FAR"
0.03665232909307221,"acct_age_acct_1YR, device_dev_mobile, geo_dist_geo_FAR"
0.043333028278576005,"acct_age_acct_1YR, device_dev_desktop, intl_domestic"
0.03235105701473415,"acct_age_acct_1YR, device_dev_desktop, fraud_legit"
0.031207101674750617,"acct_age_acct_1YR, device_dev_desktop, failed_txns_fail_NONE"
0.03669808730667155,"acct_age_acct_1YR, credit_band_credit_3, intl_domestic"
0.03267136450992953,"acct_age_acct_1YR, intl_domestic, velocity_24h_vel24h_HIGH"
0.06396998261187883,"acct_age_acct_1YR, geo_dist_geo_MOD, intl_domestic"
0.04946462890088771,"acct_age_acct_1YR, fraud_legit, geo_dist_geo_MOD"
0.044888807540953604,"acct_age_acct_1YR, amt_deviation_dev_MOD, geo_dist_geo_MOD"
0.044476983618559535,"acct_age_acct_1YR, failed_txns_fail_NONE, geo_dist_geo_MOD"
0.03614898874347945,"acct_age_acct_1YR, channel_ch_card, geo_dist_geo_MOD"
0.05037979317287453,"acct_age_acct_1YR, device_dev_mobile, geo_dist_geo_MOD"
0.035599890180287364,"acct_age_acct_1YR, amt_amt_MED, geo_dist_geo_MOD"
0.03038345382996248,"acct_age_acct_1YR, geo_dist_geo_MOD, ip_risk_ip_MOD"
0.05417772490161984,"acct_age_acct_1YR, intl_domestic, kyc_kyc_3"
0.037887800860254416,"acct_age_acct_1YR, failed_txns_fail_NONE, kyc_kyc_3"
0.04136542509380434,"acct_age_acct_1YR, fraud_legit, kyc_kyc_3"
0.037109911229065616,"acct_age_acct_1YR, amt_deviation_dev_MOD, kyc_kyc_3"
0.041411183307403676,"acct_age_acct_1YR, device_dev_mobile, kyc_kyc_3"
0.04827491534730484,"acct_age_acct_1YR, fraud_FRAUD, intl_domestic"
0.03930630548183399,"acct_age_acct_1YR, device_dev_mobile, fraud_FRAUD"
0.034135627345108444,"acct_age_acct_1YR, amt_deviation_dev_MOD, fraud_FRAUD"
0.04630731216253318,"acct_age_acct_1YR, failed_txns_fail_LOW, intl_domestic"
0.03683536194746957,"acct_age_acct_1YR, device_dev_mobile, failed_txns_fail_LOW"
0.03267136450992953,"acct_age_acct_1YR, failed_txns_fail_LOW, fraud_legit"
0.03171044202434337,"acct_age_acct_1YR, amt_deviation_dev_MOD, failed_txns_fail_LOW"
0.04658186144412922,"acct_age_acct_1YR, intl_domestic, merch_risk_mrisk_HIGH"
0.03569140660748604,"acct_age_acct_1YR, device_dev_mobile, merch_risk_mrisk_HIGH"
0.03216802416033678,"acct_age_acct_1YR, amt_deviation_dev_MOD, merch_risk_mrisk_HIGH"
0.033998352704310425,"acct_age_acct_1YR, fraud_legit, merch_risk_mrisk_HIGH"
0.03212226594673744,"acct_age_acct_1YR, failed_txns_fail_NONE, merch_risk_mrisk_HIGH"
0.03738446051066167,"acct_age_acct_1YR, amt_amt_LOW, intl_domestic"
0.03001738812116775,"acct_age_acct_1YR, amt_amt_LOW, device_dev_mobile"
0.033723803422714374,"acct_age_acct_1YR, intl_domestic, ip_risk_ip_HIGH"
0.06030932552393155,"acct_age_acct_1YR, intl_domestic, velocity_1h_vel1h_LOW"
0.04241786400658918,"acct_age_acct_1YR, failed_txns_fail_NONE, velocity_1h_vel1h_LOW"
0.04575821359934108,"acct_age_acct_1YR, fraud_legit, velocity_1h_vel1h_LOW"
0.04150269973460236,"acct_age_acct_1YR, amt_deviation_dev_MOD, velocity_1h_vel1h_LOW"
0.034364418413105155,"acct_age_acct_1YR, channel_ch_card, velocity_1h_vel1h_LOW"
0.04690216893932461,"acct_age_acct_1YR, device_dev_mobile, velocity_1h_vel1h_LOW"
0.032808639150727556,"acct_age_acct_1YR, amt_amt_MED, velocity_1h_vel1h_LOW"
0.041411183307403676,"acct_age_acct_1YR, channel_ch_upi, intl_domestic"
0.03139013452914798,"acct_age_acct_1YR, channel_ch_upi, device_dev_mobile"
0.031115585247551935,"acct_age_acct_1YR, channel_ch_upi, fraud_legit"
0.03340349592751899,"acct_age_acct_1YR, credit_band_credit_2, intl_domestic"
0.0667154754278393,"acct_age_acct_1YR, channel_ch_card, fraud_legit"
0.061041456941521,"acct_age_acct_1YR, channel_ch_card, failed_txns_fail_NONE"
0.08616271620755926,"acct_age_acct_1YR, channel_ch_card, intl_domestic"
0.05875354626155395,"acct_age_acct_1YR, amt_deviation_dev_MOD, channel_ch_card"
0.06763063969982612,"acct_age_acct_1YR, channel_ch_card, device_dev_mobile"
0.04964766175528507,"acct_age_acct_1YR, fraud_legit, velocity_24h_vel24h_LOW"
0.038619932277843876,"acct_age_acct_1YR, failed_txns_fail_NONE, velocity_24h_vel24h_LOW"
0.03038345382996248,"acct_age_acct_1YR, channel_ch_card, velocity_24h_vel24h_LOW"
0.05179829779445411,"acct_age_acct_1YR, intl_domestic, velocity_24h_vel24h_LOW"
0.03578292303468473,"acct_age_acct_1YR, amt_deviation_dev_MOD, velocity_24h_vel24h_LOW"
0.04049601903541686,"acct_age_acct_1YR, device_dev_mobile, velocity_24h_vel24h_LOW"
0.038345382996247825,"acct_age_acct_1YR, fraud_legit, merch_risk_mrisk_LOW"
0.03473048412189988,"acct_age_acct_1YR, failed_txns_fail_NONE, merch_risk_mrisk_LOW"
0.048366431774503525,"acct_age_acct_1YR, intl_domestic, merch_risk_mrisk_LOW"
0.03335773771391965,"acct_age_acct_1YR, amt_deviation_dev_MOD, merch_risk_mrisk_LOW"
0.03724718586986364,"acct_age_acct_1YR, device_dev_mobile, merch_risk_mrisk_LOW"
0.03527958268509197,"acct_age_acct_1YR, fraud_legit, geo_dist_geo_NEAR"
0.03299167200512492,"acct_age_acct_1YR, failed_txns_fail_NONE, geo_dist_geo_NEAR"
0.04626155394893383,"acct_age_acct_1YR, geo_dist_geo_NEAR, intl_domestic"
0.03527958268509197,"acct_age_acct_1YR, device_dev_mobile, geo_dist_geo_NEAR"
0.03125285988834996,"acct_age_acct_1YR, amt_deviation_dev_MOD, geo_dist_geo_NEAR"
0.0323052988011348,"acct_age_acct_1YR, amt_amt_HIGH, fraud_legit"
0.04113663402580763,"acct_age_acct_1YR, amt_amt_HIGH, intl_domestic"
0.03157316738354535,"acct_age_acct_1YR, amt_amt_HIGH, device_dev_mobile"
0.03701839480186694,"acct_age_acct_1YR, amt_amt_HIGH, amt_deviation_dev_HIGH"
0.03376956163631372,"acct_age_acct_1YR, amt_deviation_dev_HIGH, intl_domestic"
0.057746865562368445,"acct_age_acct_1YR, intl_domestic, ip_risk_ip_LOW"
0.04548366431774504,"acct_age_acct_1YR, fraud_legit, ip_risk_ip_LOW"
0.040221469753820814,"acct_age_acct_1YR, failed_txns_fail_NONE, ip_risk_ip_LOW"
0.038619932277843876,"acct_age_acct_1YR, amt_deviation_dev_MOD, ip_risk_ip_LOW"
0.03257984808273085,"acct_age_acct_1YR, channel_ch_card, ip_risk_ip_LOW"
0.044568500045758214,"acct_age_acct_1YR, device_dev_mobile, ip_risk_ip_LOW"
0.030154662761965774,"acct_age_acct_1YR, amt_amt_MED, ip_risk_ip_LOW"
0.056145328086391506,"acct_age_acct_1YR, intl_domestic, velocity_24h_vel24h_MOD"
0.05134071565846069,"acct_age_acct_1YR, fraud_legit, velocity_24h_vel24h_MOD"
0.0423263475793905,"acct_age_acct_1YR, failed_txns_fail_NONE, velocity_24h_vel24h_MOD"
0.038345382996247825,"acct_age_acct_1YR, amt_deviation_dev_MOD, velocity_24h_vel24h_MOD"
0.03006314633476709,"acct_age_acct_1YR, channel_ch_card, velocity_24h_vel24h_MOD"
0.042875446142582596,"acct_age_acct_1YR, device_dev_mobile, velocity_24h_vel24h_MOD"
0.03010890454836643,"acct_age_acct_1YR, amt_amt_MED, velocity_24h_vel24h_MOD"
0.11764436716390592,"acct_age_acct_1YR, device_dev_mobile, intl_domestic"
0.032030749519538756,"acct_age_acct_1YR, credit_band_credit_4, intl_domestic"
0.032854397364326896,"acct_age_acct_1YR, credit_band_credit_1, intl_domestic"
0.0559165370183948,"acct_age_acct_1YR, intl_domestic, velocity_1h_vel1h_ZERO"
0.043378786492175345,"acct_age_acct_1YR, fraud_legit, velocity_1h_vel1h_ZERO"
0.04241786400658918,"acct_age_acct_1YR, device_dev_mobile, velocity_1h_vel1h_ZERO"
0.040221469753820814,"acct_age_acct_1YR, failed_txns_fail_NONE, velocity_1h_vel1h_ZERO"
0.03761325157865837,"acct_age_acct_1YR, amt_deviation_dev_MOD, velocity_1h_vel1h_ZERO"
0.03189347487874073,"acct_age_acct_1YR, channel_ch_card, velocity_1h_vel1h_ZERO"
0.033723803422714374,"acct_age_acct_1YR, credit_band_credit_5, intl_domestic"
0.0574723162807724,"acct_age_acct_1YR, intl_domestic, kyc_kyc_2"
0.04479729111375492,"acct_age_acct_1YR, fraud_legit, kyc_kyc_2"
0.04109087581220829,"acct_age_acct_1YR, failed_txns_fail_NONE, kyc_kyc_2"
0.039535096549830694,"acct_age_acct_1YR, amt_deviation_dev_MOD, kyc_kyc_2"
0.03193923309234008,"acct_age_acct_1YR, amt_amt_MED, kyc_kyc_2"
0.033174704859522286,"acct_age_acct_1YR, channel_ch_card, kyc_kyc_2"
0.04498032396815228,"acct_age_acct_1YR, device_dev_mobile, kyc_kyc_2"
0.21817516244165827,"amt_amt_HIGH, intl_domestic"
0.17026631280314816,"amt_amt_HIGH, fraud_legit"
0.16889356639516792,"amt_amt_HIGH, device_dev_mobile"
0.15690491443214058,"acct_age_acct_OLD, amt_amt_HIGH"
0.15530337695616364,"amt_amt_HIGH, failed_txns_fail_NONE"
0.08895396723711907,"amt_amt_HIGH, velocity_1h_vel1h_LOW"
0.08021414843964492,"amt_amt_HIGH, kyc_kyc_2"
0.07092523107897868,"amt_amt_HIGH, merch_risk_mrisk_LOW"
0.0651596961654617,"amt_amt_HIGH, geo_dist_geo_NEAR"
0.06076690765992496,"amt_amt_HIGH, channel_ch_upi"
0.12199139745584332,"amt_amt_HIGH, channel_ch_card"
0.09060126292669535,"amt_amt_HIGH, merch_risk_mrisk_MOD"
0.08236478447881394,"amt_amt_HIGH, kyc_kyc_1"
0.0754095360117141,"amt_amt_HIGH, velocity_24h_vel24h_LOW"
0.07119978036057473,"amt_amt_HIGH, geo_dist_geo_FAR"
0.06612061865104786,"amt_amt_HIGH, velocity_1h_vel1h_MOD"
0.03701839480186694,"amt_amt_HIGH, amt_deviation_dev_MOD"
0.10048503706415302,"amt_amt_HIGH, ip_risk_ip_MOD"
0.08163265306122448,"amt_amt_HIGH, velocity_24h_vel24h_MOD"
0.07902443488606205,"amt_amt_HIGH, velocity_1h_vel1h_ZERO"
0.061178731582319026,"amt_amt_HIGH, device_dev_desktop"
0.08048869772124097,"amt_amt_HIGH, kyc_kyc_3"
0.06795094719502151,"amt_amt_HIGH, failed_txns_fail_LOW"
0.07280131783655167,"amt_amt_HIGH, fraud_FRAUD"
0.08405783838198956,"amt_amt_HIGH, ip_risk_ip_LOW"
0.0651596961654617,"amt_amt_HIGH, merch_risk_mrisk_HIGH"
0.09037247185869864,"amt_amt_HIGH, geo_dist_geo_MOD"
0.1585979683353162,"amt_amt_HIGH, fraud_legit, intl_domestic"
0.15095634666422622,"amt_amt_HIGH, device_dev_mobile, intl_domestic"
0.11860528964949209,"amt_amt_HIGH, device_dev_mobile, fraud_legit"
0.1404777157499771,"acct_age_acct_OLD, amt_amt_HIGH, intl_domestic"
0.10977395442481926,"acct_age_acct_OLD, amt_amt_HIGH, device_dev_mobile"
0.10963667978402124,"acct_age_acct_OLD, amt_amt_HIGH, fraud_legit"
0.14006589182758306,"amt_amt_HIGH, failed_txns_fail_NONE, intl_domestic"
0.11920014642628352,"amt_amt_HIGH, failed_txns_fail_NONE, fraud_legit"
0.1079436258808456,"amt_amt_HIGH, device_dev_mobile, failed_txns_fail_NONE"
0.09993593850096093,"acct_age_acct_OLD, amt_amt_HIGH, failed_txns_fail_NONE"
0.07939050059485678,"amt_amt_HIGH, intl_domestic, velocity_1h_vel1h_LOW"
0.06177358835911046,"amt_amt_HIGH, device_dev_mobile, velocity_1h_vel1h_LOW"
0.061590555504713096,"amt_amt_HIGH, fraud_legit, velocity_1h_vel1h_LOW"
0.05751807449437174,"acct_age_acct_OLD, amt_amt_HIGH, velocity_1h_vel1h_LOW"
0.056877459503980966,"amt_amt_HIGH, failed_txns_fail_NONE, velocity_1h_vel1h_LOW"
0.04479729111375492,"amt_amt_HIGH, channel_ch_card, velocity_1h_vel1h_LOW"
0.03139013452914798,"amt_amt_HIGH, geo_dist_geo_MOD, velocity_1h_vel1h_LOW"
0.036743845520270886,"amt_amt_HIGH, ip_risk_ip_MOD, velocity_1h_vel1h_LOW"
0.033678045209115035,"amt_amt_HIGH, merch_risk_mrisk_MOD, velocity_1h_vel1h_LOW"
0.07202342820536287,"amt_amt_HIGH, intl_domestic, kyc_kyc_2"
0.05605381165919283,"amt_amt_HIGH, fraud_legit, kyc_kyc_2"
0.0559165370183948,"amt_amt_HIGH, device_dev_mobile, kyc_kyc_2"
0.05092889173606662,"acct_age_acct_OLD, amt_amt_HIGH, kyc_kyc_2"
0.05070010066806992,"amt_amt_HIGH, failed_txns_fail_NONE, kyc_kyc_2"
0.04045026082181752,"amt_amt_HIGH, channel_ch_card, kyc_kyc_2"
0.03349501235471767,"amt_amt_HIGH, ip_risk_ip_MOD, kyc_kyc_2"
0.06483938867026631,"amt_amt_HIGH, intl_domestic, merch_risk_mrisk_LOW"
0.05202708886245081,"amt_amt_HIGH, fraud_legit, merch_risk_mrisk_LOW"
0.04905280497849364,"amt_amt_HIGH, device_dev_mobile, merch_risk_mrisk_LOW"
0.047634300356914065,"amt_amt_HIGH, failed_txns_fail_NONE, merch_risk_mrisk_LOW"
0.04525487324974833,"acct_age_acct_OLD, amt_amt_HIGH, merch_risk_mrisk_LOW"
0.03491351697629724,"amt_amt_HIGH, channel_ch_card, merch_risk_mrisk_LOW"
0.05792989841676581,"amt_amt_HIGH, geo_dist_geo_NEAR, intl_domestic"
0.04580397181294042,"amt_amt_HIGH, fraud_legit, geo_dist_geo_NEAR"
0.04516335682254965,"amt_amt_HIGH, device_dev_mobile, geo_dist_geo_NEAR"
0.04205179829779446,"amt_amt_HIGH, failed_txns_fail_NONE, geo_dist_geo_NEAR"
0.041319666880205,"acct_age_acct_OLD, amt_amt_HIGH, geo_dist_geo_NEAR"
0.0323052988011348,"amt_amt_HIGH, channel_ch_card, geo_dist_geo_NEAR"
0.05449803239681523,"amt_amt_HIGH, channel_ch_upi, intl_domestic"
0.0431042372105793,"amt_amt_HIGH, channel_ch_upi, fraud_legit"
0.04228058936579116,"amt_amt_HIGH, channel_ch_upi, device_dev_mobile"
0.039855404045026084,"acct_age_acct_OLD, amt_amt_HIGH, channel_ch_upi"
0.038208108355449806,"amt_amt_HIGH, channel_ch_upi, failed_txns_fail_NONE"
0.10972819621121992,"amt_amt_HIGH, channel_ch_card, intl_domestic"
0.08593392513956255,"amt_amt_HIGH, channel_ch_card, fraud_legit"
0.08456117873158232,"amt_amt_HIGH, channel_ch_card, device_dev_mobile"
0.07902443488606205,"amt_amt_HIGH, channel_ch_card, failed_txns_fail_NONE"
0.07856685275006864,"acct_age_acct_OLD, amt_amt_HIGH, channel_ch_card"
0.0810835544980324,"amt_amt_HIGH, intl_domestic, merch_risk_mrisk_MOD"
0.06429029010707422,"amt_amt_HIGH, fraud_legit, merch_risk_mrisk_MOD"
0.06273451084469663,"amt_amt_HIGH, device_dev_mobile, merch_risk_mrisk_MOD"
0.058570513407156584,"acct_age_acct_OLD, amt_amt_HIGH, merch_risk_mrisk_MOD"
0.05715200878557701,"amt_amt_HIGH, failed_txns_fail_NONE, merch_risk_mrisk_MOD"
0.04612427930813581,"amt_amt_HIGH, channel_ch_card, merch_risk_mrisk_MOD"
0.03802507550105244,"amt_amt_HIGH, ip_risk_ip_MOD, merch_risk_mrisk_MOD"
0.07344193282694243,"amt_amt_HIGH, intl_domestic, kyc_kyc_1"
0.05843323876635856,"amt_amt_HIGH, fraud_legit, kyc_kyc_1"
0.057746865562368445,"amt_amt_HIGH, device_dev_mobile, kyc_kyc_1"
0.05408620847442116,"acct_age_acct_OLD, amt_amt_HIGH, kyc_kyc_1"
0.052988011348036976,"amt_amt_HIGH, failed_txns_fail_NONE, kyc_kyc_1"
0.04049601903541686,"amt_amt_HIGH, channel_ch_card, kyc_kyc_1"
0.03038345382996248,"amt_amt_HIGH, kyc_kyc_1, merch_risk_mrisk_MOD"
0.03262560629633019,"amt_amt_HIGH, ip_risk_ip_MOD, kyc_kyc_1"
0.031069827033952595,"amt_amt_HIGH, geo_dist_geo_MOD, kyc_kyc_1"
0.07019309966138922,"amt_amt_HIGH, intl_domestic, velocity_24h_vel24h_LOW"
0.06621213507824654,"amt_amt_HIGH, fraud_legit, velocity_24h_vel24h_LOW"
0.05198133064885147,"amt_amt_HIGH, failed_txns_fail_NONE, velocity_24h_vel24h_LOW"
0.051477990299258716,"amt_amt_HIGH, device_dev_mobile, velocity_24h_vel24h_LOW"
0.049190079619291664,"acct_age_acct_OLD, amt_amt_HIGH, velocity_24h_vel24h_LOW"
0.03738446051066167,"amt_amt_HIGH, channel_ch_card, velocity_24h_vel24h_LOW"
0.03184771666514139,"amt_amt_HIGH, ip_risk_ip_MOD, velocity_24h_vel24h_LOW"
0.06429029010707422,"amt_amt_HIGH, geo_dist_geo_FAR, intl_domestic"
0.05015100210487783,"amt_amt_HIGH, device_dev_mobile, geo_dist_geo_FAR"
0.04987645282328178,"amt_amt_HIGH, fraud_legit, geo_dist_geo_FAR"
0.04612427930813581,"acct_age_acct_OLD, amt_amt_HIGH, geo_dist_geo_FAR"
0.04516335682254965,"amt_amt_HIGH, failed_txns_fail_NONE, geo_dist_geo_FAR"
0.03555413196668802,"amt_amt_HIGH, channel_ch_card, geo_dist_geo_FAR"
0.05948567767914341,"amt_amt_HIGH, intl_domestic, velocity_1h_vel1h_MOD"
0.04777157499771209,"amt_amt_HIGH, fraud_legit, velocity_1h_vel1h_MOD"
0.045300631463347674,"amt_amt_HIGH, device_dev_mobile, velocity_1h_vel1h_MOD"
0.04319575363777798,"amt_amt_HIGH, failed_txns_fail_NONE, velocity_1h_vel1h_MOD"
0.04186876544339709,"acct_age_acct_OLD, amt_amt_HIGH, velocity_1h_vel1h_MOD"
0.033586528781916355,"amt_amt_HIGH, channel_ch_card, velocity_1h_vel1h_MOD"
0.03262560629633019,"amt_amt_HIGH, amt_deviation_dev_MOD, intl_domestic"
0.08941154937311248,"amt_amt_HIGH, intl_domestic, ip_risk_ip_MOD"
0.07033037430218725,"amt_amt_HIGH, fraud_legit, ip_risk_ip_MOD"
0.06589182758305116,"acct_age_acct_OLD, amt_amt_HIGH, ip_risk_ip_MOD"
0.06424453189347488,"amt_amt_HIGH, failed_txns_fail_NONE, ip_risk_ip_MOD"
0.07083371465178,"amt_amt_HIGH, device_dev_mobile, ip_risk_ip_MOD"
0.04951038711448705,"amt_amt_HIGH, channel_ch_card, ip_risk_ip_MOD"
0.07476892102132333,"amt_amt_HIGH, intl_domestic, velocity_24h_vel24h_MOD"
0.06968975931179647,"amt_amt_HIGH, fraud_legit, velocity_24h_vel24h_MOD"
0.05527592202800403,"amt_amt_HIGH, failed_txns_fail_NONE, velocity_24h_vel24h_MOD"
0.05239315457124554,"acct_age_acct_OLD, amt_amt_HIGH, velocity_24h_vel24h_MOD"
0.03390683627711174,"amt_amt_HIGH, ip_risk_ip_MOD, velocity_24h_vel24h_MOD"
0.056923217717580306,"amt_amt_HIGH, device_dev_mobile, velocity_24h_vel24h_MOD"
0.04109087581220829,"amt_amt_HIGH, channel_ch_card, velocity_24h_vel24h_MOD"
0.03139013452914798,"amt_amt_HIGH, merch_risk_mrisk_MOD, velocity_24h_vel24h_MOD"
0.030429212043561818,"amt_amt_HIGH, geo_dist_geo_MOD, velocity_24h_vel24h_MOD"
0.07124553857417407,"amt_amt_HIGH, intl_domestic, velocity_1h_vel1h_ZERO"
0.05632836094078887,"amt_amt_HIGH, fraud_legit, velocity_1h_vel1h_ZERO"
0.05161526494005674,"acct_age_acct_OLD, amt_amt_HIGH, velocity_1h_vel1h_ZERO"
0.04987645282328178,"amt_amt_HIGH, failed_txns_fail_NONE, velocity_1h_vel1h_ZERO"
0.032762880937128216,"amt_amt_HIGH, ip_risk_ip_MOD, velocity_1h_vel1h_ZERO"
0.05477258167841127,"amt_amt_HIGH, device_dev_mobile, velocity_1h_vel1h_ZERO"
0.03921478905463531,"amt_amt_HIGH, channel_ch_card, velocity_1h_vel1h_ZERO"
0.03139013452914798,"amt_amt_HIGH, geo_dist_geo_MOD, velocity_1h_vel1h_ZERO"
0.05559622952319941,"amt_amt_HIGH, device_dev_desktop, intl_domestic"
0.04282968792898325,"amt_amt_HIGH, device_dev_desktop, fraud_legit"
0.039031756200237945,"acct_age_acct_OLD, amt_amt_HIGH, device_dev_desktop"
0.03852841585064519,"amt_amt_HIGH, device_dev_desktop, failed_txns_fail_NONE"
0.031069827033952595,"amt_amt_HIGH, channel_ch_card, device_dev_desktop"
0.07270980140935297,"amt_amt_HIGH, intl_domestic, kyc_kyc_3"
0.055779262377596776,"amt_amt_HIGH, fraud_legit, kyc_kyc_3"
0.034364418413105155,"amt_amt_HIGH, ip_risk_ip_MOD, kyc_kyc_3"
0.05523016381440469,"amt_amt_HIGH, device_dev_mobile, kyc_kyc_3"
0.05161526494005674,"amt_amt_HIGH, failed_txns_fail_NONE, kyc_kyc_3"
0.04104511759860895,"amt_amt_HIGH, channel_ch_card, kyc_kyc_3"
0.051889814221652786,"acct_age_acct_OLD, amt_amt_HIGH, kyc_kyc_3"
0.0305207284707605,"amt_amt_HIGH, kyc_kyc_3, merch_risk_mrisk_MOD"
0.06040084195113023,"amt_amt_HIGH, failed_txns_fail_LOW, intl_domestic"
0.042509380433787866,"amt_amt_HIGH, failed_txns_fail_LOW, fraud_legit"
0.04653610323052988,"amt_amt_HIGH, device_dev_mobile, failed_txns_fail_LOW"
0.044156676123364144,"acct_age_acct_OLD, amt_amt_HIGH, failed_txns_fail_LOW"
0.03344925414111833,"amt_amt_HIGH, channel_ch_card, failed_txns_fail_LOW"
0.05957719410634209,"amt_amt_HIGH, fraud_FRAUD, intl_domestic"
0.05028827674567585,"amt_amt_HIGH, device_dev_mobile, fraud_FRAUD"
0.047268234648119335,"acct_age_acct_OLD, amt_amt_HIGH, fraud_FRAUD"
0.03610323052988011,"amt_amt_HIGH, failed_txns_fail_NONE, fraud_FRAUD"
0.030154662761965774,"amt_amt_HIGH, fraud_FRAUD, ip_risk_ip_MOD"
0.03605747231628077,"amt_amt_HIGH, channel_ch_card, fraud_FRAUD"
0.07637045849730026,"amt_amt_HIGH, intl_domestic, ip_risk_ip_LOW"
0.06053811659192825,"amt_amt_HIGH, fraud_legit, ip_risk_ip_LOW"
0.05756383270797108,"amt_amt_HIGH, device_dev_mobile, ip_risk_ip_LOW"
0.05454379061041457,"amt_amt_HIGH, failed_txns_fail_NONE, ip_risk_ip_LOW"
0.05243891278484488,"acct_age_acct_OLD, amt_amt_HIGH, ip_risk_ip_LOW"
0.03006314633476709,"amt_amt_HIGH, ip_risk_ip_LOW, velocity_1h_vel1h_LOW"
0.03143589274274732,"amt_amt_HIGH, geo_dist_geo_MOD, ip_risk_ip_LOW"
0.030658003111558526,"amt_amt_HIGH, ip_risk_ip_LOW, merch_risk_mrisk_MOD"
0.04191452365699643,"amt_amt_HIGH, channel_ch_card, ip_risk_ip_LOW"
0.057746865562368445,"amt_amt_HIGH, intl_domestic, merch_risk_mrisk_HIGH"
0.04525487324974833,"amt_amt_HIGH, device_dev_mobile, merch_risk_mrisk_HIGH"
0.043790610414569414,"amt_amt_HIGH, fraud_legit, merch_risk_mrisk_HIGH"
0.042555138647387206,"acct_age_acct_OLD, amt_amt_HIGH, merch_risk_mrisk_HIGH"
0.04067905188981422,"amt_amt_HIGH, failed_txns_fail_NONE, merch_risk_mrisk_HIGH"
0.033174704859522286,"amt_amt_HIGH, channel_ch_card, merch_risk_mrisk_HIGH"
0.0810835544980324,"amt_amt_HIGH, geo_dist_geo_MOD, intl_domestic"
0.06323785119428937,"amt_amt_HIGH, fraud_legit, geo_dist_geo_MOD"
0.05879930447515329,"acct_age_acct_OLD, amt_amt_HIGH, geo_dist_geo_MOD"
0.057289283426375036,"amt_amt_HIGH, failed_txns_fail_NONE, geo_dist_geo_MOD"
0.04557518074494372,"amt_amt_HIGH, channel_ch_card, geo_dist_geo_MOD"
0.03303743021872426,"amt_amt_HIGH, geo_dist_geo_MOD, merch_risk_mrisk_MOD"
0.06213965406790519,"amt_amt_HIGH, device_dev_mobile, geo_dist_geo_MOD"
0.03743021872426101,"amt_amt_HIGH, geo_dist_geo_MOD, ip_risk_ip_MOD"
0.17882309874622496,"intl_domestic, ip_risk_ip_HIGH"
0.13786949757481468,"device_dev_mobile, ip_risk_ip_HIGH"
0.13228699551569506,"fraud_legit, ip_risk_ip_HIGH"
0.12967877734053262,"acct_age_acct_OLD, ip_risk_ip_HIGH"
0.1269790427381715,"failed_txns_fail_NONE, ip_risk_ip_HIGH"
0.07170312071016748,"ip_risk_ip_HIGH, velocity_1h_vel1h_LOW"
0.06570879472865379,"ip_risk_ip_HIGH, kyc_kyc_2"
0.05541319666880205,"ip_risk_ip_HIGH, merch_risk_mrisk_LOW"
0.0533540770568317,"geo_dist_geo_NEAR, ip_risk_ip_HIGH"
0.05102040816326531,"channel_ch_upi, ip_risk_ip_HIGH"
0.0474512675025167,"amt_amt_HIGH, ip_risk_ip_HIGH"
0.12514871419419785,"amt_deviation_dev_MOD, ip_risk_ip_HIGH"
0.09911229065617279,"channel_ch_card, ip_risk_ip_HIGH"
0.07444861352612794,"ip_risk_ip_HIGH, merch_risk_mrisk_MOD"
0.06817973826301821,"ip_risk_ip_HIGH, kyc_kyc_1"
0.05710625057197767,"ip_risk_ip_HIGH, velocity_24h_vel24h_LOW"
0.056602910222384915,"geo_dist_geo_FAR, ip_risk_ip_HIGH"
0.0535828681248284,"ip_risk_ip_HIGH, velocity_1h_vel1h_MOD"
0.09764802782099387,"amt_amt_MED, ip_risk_ip_HIGH"
0.07627894207010158,"geo_dist_geo_MOD, ip_risk_ip_HIGH"
0.06703578292303468,"ip_risk_ip_HIGH, velocity_1h_vel1h_ZERO"
0.06699002470943534,"fraud_FRAUD, ip_risk_ip_HIGH"
0.05637411915438821,"failed_txns_fail_LOW, ip_risk_ip_HIGH"
0.04008419511302279,"credit_band_credit_4, ip_risk_ip_HIGH"
0.0651596961654617,"ip_risk_ip_HIGH, velocity_24h_vel24h_MOD"
0.051935572435252125,"device_dev_desktop, ip_risk_ip_HIGH"
0.0653884872334584,"ip_risk_ip_HIGH, kyc_kyc_3"
0.05504713096000732,"ip_risk_ip_HIGH, merch_risk_mrisk_HIGH"
0.046078521094536466,"amt_amt_LOW, ip_risk_ip_HIGH"
0.039077514413837285,"credit_band_credit_3, ip_risk_ip_HIGH"
0.12331838565022421,"device_dev_mobile, intl_domestic, ip_risk_ip_HIGH"
0.12290656172783014,"fraud_legit, intl_domestic, ip_risk_ip_HIGH"
0.09151642719868217,"device_dev_mobile, fraud_legit, ip_risk_ip_HIGH"
0.1167292028919191,"acct_age_acct_OLD, intl_domestic, ip_risk_ip_HIGH"
0.09023519721790062,"acct_age_acct_OLD, device_dev_mobile, ip_risk_ip_HIGH"
0.08597968335316189,"acct_age_acct_OLD, fraud_legit, ip_risk_ip_HIGH"
0.11526494005674018,"failed_txns_fail_NONE, intl_domestic, ip_risk_ip_HIGH"
0.09293493182026173,"failed_txns_fail_NONE, fraud_legit, ip_risk_ip_HIGH"
0.08803880296513224,"device_dev_mobile, failed_txns_fail_NONE, ip_risk_ip_HIGH"
0.0823190262652146,"acct_age_acct_OLD, failed_txns_fail_NONE, ip_risk_ip_HIGH"
0.06465635581586895,"intl_domestic, ip_risk_ip_HIGH, velocity_1h_vel1h_LOW"
0.049556145328086394,"device_dev_mobile, ip_risk_ip_HIGH, velocity_1h_vel1h_LOW"
0.04781733321131143,"acct_age_acct_OLD, ip_risk_ip_HIGH, velocity_1h_vel1h_LOW"
0.047542783929715386,"fraud_legit, ip_risk_ip_HIGH, velocity_1h_vel1h_LOW"
0.04525487324974833,"failed_txns_fail_NONE, ip_risk_ip_HIGH, velocity_1h_vel1h_LOW"
0.03683536194746957,"channel_ch_card, ip_risk_ip_HIGH, velocity_1h_vel1h_LOW"
0.04511759860895031,"amt_deviation_dev_MOD, ip_risk_ip_HIGH, velocity_1h_vel1h_LOW"
0.03431866019950581,"amt_amt_MED, ip_risk_ip_HIGH, velocity_1h_vel1h_LOW"
0.05875354626155395,"intl_domestic, ip_risk_ip_HIGH, kyc_kyc_2"
0.04539214789054635,"device_dev_mobile, ip_risk_ip_HIGH, kyc_kyc_2"
0.0431042372105793,"acct_age_acct_OLD, ip_risk_ip_HIGH, kyc_kyc_2"
0.042555138647387206,"fraud_legit, ip_risk_ip_HIGH, kyc_kyc_2"
0.041823007229797746,"failed_txns_fail_NONE, ip_risk_ip_HIGH, kyc_kyc_2"
0.033266221286720965,"channel_ch_card, ip_risk_ip_HIGH, kyc_kyc_2"
0.04127390866660566,"amt_deviation_dev_MOD, ip_risk_ip_HIGH, kyc_kyc_2"
0.03212226594673744,"amt_amt_MED, ip_risk_ip_HIGH, kyc_kyc_2"
0.049967969250480464,"intl_domestic, ip_risk_ip_HIGH, merch_risk_mrisk_LOW"
0.038299624782648485,"device_dev_mobile, ip_risk_ip_HIGH, merch_risk_mrisk_LOW"
0.037979317287453095,"fraud_legit, ip_risk_ip_HIGH, merch_risk_mrisk_LOW"
0.03587443946188341,"acct_age_acct_OLD, ip_risk_ip_HIGH, merch_risk_mrisk_LOW"
0.035188066257893294,"failed_txns_fail_NONE, ip_risk_ip_HIGH, merch_risk_mrisk_LOW"
0.03495927518989659,"amt_deviation_dev_MOD, ip_risk_ip_HIGH, merch_risk_mrisk_LOW"
0.04868673926969891,"geo_dist_geo_NEAR, intl_domestic, ip_risk_ip_HIGH"
0.03688112016106891,"device_dev_mobile, geo_dist_geo_NEAR, ip_risk_ip_HIGH"
0.03509654983069461,"fraud_legit, geo_dist_geo_NEAR, ip_risk_ip_HIGH"
0.03422714377230713,"acct_age_acct_OLD, geo_dist_geo_NEAR, ip_risk_ip_HIGH"
0.033311979500320305,"failed_txns_fail_NONE, geo_dist_geo_NEAR, ip_risk_ip_HIGH"
0.03340349592751899,"amt_deviation_dev_MOD, geo_dist_geo_NEAR, ip_risk_ip_HIGH"
0.04571245538574174,"channel_ch_upi, intl_domestic, ip_risk_ip_HIGH"
0.03459320948110186,"channel_ch_upi, device_dev_mobile, ip_risk_ip_HIGH"
0.03390683627711174,"channel_ch_upi, fraud_legit, ip_risk_ip_HIGH"
0.03299167200512492,"acct_age_acct_OLD, channel_ch_upi, ip_risk_ip_HIGH"
0.032030749519538756,"channel_ch_upi, failed_txns_fail_NONE, ip_risk_ip_HIGH"
0.03184771666514139,"amt_deviation_dev_MOD, channel_ch_upi, ip_risk_ip_HIGH"
0.042555138647387206,"amt_amt_HIGH, intl_domestic, ip_risk_ip_HIGH"
0.032900155577926235,"amt_amt_HIGH, device_dev_mobile, ip_risk_ip_HIGH"
0.03225954058753546,"amt_amt_HIGH, fraud_legit, ip_risk_ip_HIGH"
0.031069827033952595,"acct_age_acct_OLD, amt_amt_HIGH, ip_risk_ip_HIGH"
0.11224489795918367,"amt_deviation_dev_MOD, intl_domestic, ip_risk_ip_HIGH"
0.0864372654891553,"amt_deviation_dev_MOD, device_dev_mobile, ip_risk_ip_HIGH"
0.08561361764436716,"amt_deviation_dev_MOD, fraud_legit, ip_risk_ip_HIGH"
0.08190720234282053,"acct_age_acct_OLD, amt_deviation_dev_MOD, ip_risk_ip_HIGH"
0.08048869772124097,"amt_deviation_dev_MOD, failed_txns_fail_NONE, ip_risk_ip_HIGH"
0.08964034044110918,"channel_ch_card, intl_domestic, ip_risk_ip_HIGH"
0.06987279216619383,"channel_ch_card, device_dev_mobile, ip_risk_ip_HIGH"
0.06621213507824654,"channel_ch_card, fraud_legit, ip_risk_ip_HIGH"
0.06451908117507092,"acct_age_acct_OLD, channel_ch_card, ip_risk_ip_HIGH"
0.06383270797108082,"channel_ch_card, failed_txns_fail_NONE, ip_risk_ip_HIGH"
0.062368445135901895,"amt_deviation_dev_MOD, channel_ch_card, ip_risk_ip_HIGH"
0.06753912327262744,"intl_domestic, ip_risk_ip_HIGH, merch_risk_mrisk_MOD"
0.05124919923126201,"device_dev_mobile, ip_risk_ip_HIGH, merch_risk_mrisk_MOD"
0.05065434245447058,"fraud_legit, ip_risk_ip_HIGH, merch_risk_mrisk_MOD"
0.04941887068728837,"acct_age_acct_OLD, ip_risk_ip_HIGH, merch_risk_mrisk_MOD"
0.048503706415301544,"failed_txns_fail_NONE, ip_risk_ip_HIGH, merch_risk_mrisk_MOD"
0.04676489429852659,"amt_deviation_dev_MOD, ip_risk_ip_HIGH, merch_risk_mrisk_MOD"
0.03743021872426101,"channel_ch_card, ip_risk_ip_HIGH, merch_risk_mrisk_MOD"
0.03651505445227418,"amt_amt_MED, ip_risk_ip_HIGH, merch_risk_mrisk_MOD"
0.06058387480552759,"intl_domestic, ip_risk_ip_HIGH, kyc_kyc_1"
0.04818339892010616,"device_dev_mobile, ip_risk_ip_HIGH, kyc_kyc_1"
0.04676489429852659,"fraud_legit, ip_risk_ip_HIGH, kyc_kyc_1"
0.044202434336963484,"failed_txns_fail_NONE, ip_risk_ip_HIGH, kyc_kyc_1"
0.044110917909764805,"acct_age_acct_OLD, ip_risk_ip_HIGH, kyc_kyc_1"
0.04347030291937403,"amt_deviation_dev_MOD, ip_risk_ip_HIGH, kyc_kyc_1"
0.03376956163631372,"channel_ch_card, ip_risk_ip_HIGH, kyc_kyc_1"
0.033632286995515695,"amt_amt_MED, ip_risk_ip_HIGH, kyc_kyc_1"
0.052347396357646195,"intl_domestic, ip_risk_ip_HIGH, velocity_24h_vel24h_LOW"
0.04983069460968244,"fraud_legit, ip_risk_ip_HIGH, velocity_24h_vel24h_LOW"
0.03921478905463531,"device_dev_mobile, ip_risk_ip_HIGH, velocity_24h_vel24h_LOW"
0.038253866569049146,"failed_txns_fail_NONE, ip_risk_ip_HIGH, velocity_24h_vel24h_LOW"
0.037567493365059025,"acct_age_acct_OLD, ip_risk_ip_HIGH, velocity_24h_vel24h_LOW"
0.0356456483938867,"amt_deviation_dev_MOD, ip_risk_ip_HIGH, velocity_24h_vel24h_LOW"
0.04969341996888441,"geo_dist_geo_FAR, intl_domestic, ip_risk_ip_HIGH"
0.04008419511302279,"device_dev_mobile, geo_dist_geo_FAR, ip_risk_ip_HIGH"
0.03697263658826759,"fraud_legit, geo_dist_geo_FAR, ip_risk_ip_HIGH"
0.03656081266587352,"acct_age_acct_OLD, geo_dist_geo_FAR, ip_risk_ip_HIGH"
0.03614898874347945,"failed_txns_fail_NONE, geo_dist_geo_FAR, ip_risk_ip_HIGH"
0.03454745126750252,"amt_deviation_dev_MOD, geo_dist_geo_FAR, ip_risk_ip_HIGH"
0.04790884963851011,"intl_domestic, ip_risk_ip_HIGH, velocity_1h_vel1h_MOD"
0.03624050517067814,"device_dev_mobile, ip_risk_ip_HIGH, velocity_1h_vel1h_MOD"
0.035188066257893294,"fraud_legit, ip_risk_ip_HIGH, velocity_1h_vel1h_MOD"
0.034501693053903174,"failed_txns_fail_NONE, ip_risk_ip_HIGH, velocity_1h_vel1h_MOD"
0.03427290198590647,"acct_age_acct_OLD, ip_risk_ip_HIGH, velocity_1h_vel1h_MOD"
0.03349501235471767,"amt_deviation_dev_MOD, ip_risk_ip_HIGH, velocity_1h_vel1h_MOD"
0.09760226960739453,"amt_amt_MED, amt_deviation_dev_MOD, ip_risk_ip_HIGH"
0.08849638510112565,"amt_amt_MED, intl_domestic, ip_risk_ip_HIGH"
0.06680699185503798,"amt_amt_MED, device_dev_mobile, ip_risk_ip_HIGH"
0.06456483938867026,"acct_age_acct_OLD, amt_amt_MED, ip_risk_ip_HIGH"
0.0474512675025167,"amt_amt_MED, channel_ch_card, ip_risk_ip_HIGH"
0.06717305756383271,"amt_amt_MED, fraud_legit, ip_risk_ip_HIGH"
0.06332936762148805,"amt_amt_MED, failed_txns_fail_NONE, ip_risk_ip_HIGH"
0.06863732039901162,"geo_dist_geo_MOD, intl_domestic, ip_risk_ip_HIGH"
0.05175253958085476,"device_dev_mobile, geo_dist_geo_MOD, ip_risk_ip_HIGH"
0.049601903541685734,"acct_age_acct_OLD, geo_dist_geo_MOD, ip_risk_ip_HIGH"
0.048778255696897595,"amt_deviation_dev_MOD, geo_dist_geo_MOD, ip_risk_ip_HIGH"
0.038345382996247825,"amt_amt_MED, geo_dist_geo_MOD, ip_risk_ip_HIGH"
0.03779628443305574,"channel_ch_card, geo_dist_geo_MOD, ip_risk_ip_HIGH"
0.05102040816326531,"fraud_legit, geo_dist_geo_MOD, ip_risk_ip_HIGH"
0.049235837832891004,"failed_txns_fail_NONE, geo_dist_geo_MOD, ip_risk_ip_HIGH"
0.05985174338793813,"intl_domestic, ip_risk_ip_HIGH, velocity_1h_vel1h_ZERO"
0.04699368536652329,"device_dev_mobile, ip_risk_ip_HIGH, velocity_1h_vel1h_ZERO"
0.04282968792898325,"acct_age_acct_OLD, ip_risk_ip_HIGH, velocity_1h_vel1h_ZERO"
0.042600896860986545,"amt_deviation_dev_MOD, ip_risk_ip_HIGH, velocity_1h_vel1h_ZERO"
0.03349501235471767,"amt_amt_MED, ip_risk_ip_HIGH, velocity_1h_vel1h_ZERO"
0.032854397364326896,"channel_ch_card, ip_risk_ip_HIGH, velocity_1h_vel1h_ZERO"
0.046078521094536466,"fraud_legit, ip_risk_ip_HIGH, velocity_1h_vel1h_ZERO"
0.04305847899697996,"failed_txns_fail_NONE, ip_risk_ip_HIGH, velocity_1h_vel1h_ZERO"
0.0559165370183948,"fraud_FRAUD, intl_domestic, ip_risk_ip_HIGH"
0.04635307037613252,"device_dev_mobile, fraud_FRAUD, ip_risk_ip_HIGH"
0.043699093987370735,"acct_age_acct_OLD, fraud_FRAUD, ip_risk_ip_HIGH"
0.039535096549830694,"amt_deviation_dev_MOD, fraud_FRAUD, ip_risk_ip_HIGH"
0.032900155577926235,"channel_ch_card, fraud_FRAUD, ip_risk_ip_HIGH"
0.03047497025716116,"amt_amt_MED, fraud_FRAUD, ip_risk_ip_HIGH"
0.034044110917909765,"failed_txns_fail_NONE, fraud_FRAUD, ip_risk_ip_HIGH"
0.04969341996888441,"failed_txns_fail_LOW, intl_domestic, ip_risk_ip_HIGH"
0.03880296513224124,"device_dev_mobile, failed_txns_fail_LOW, ip_risk_ip_HIGH"
0.03628626338427748,"acct_age_acct_OLD, failed_txns_fail_LOW, ip_risk_ip_HIGH"
0.03468472590830054,"amt_deviation_dev_MOD, failed_txns_fail_LOW, ip_risk_ip_HIGH"
0.0323052988011348,"failed_txns_fail_LOW, fraud_legit, ip_risk_ip_HIGH"
0.03532534089869131,"credit_band_credit_4, intl_domestic, ip_risk_ip_HIGH"
0.059302644824746044,"intl_domestic, ip_risk_ip_HIGH, velocity_24h_vel24h_MOD"
0.04548366431774504,"device_dev_mobile, ip_risk_ip_HIGH, velocity_24h_vel24h_MOD"
0.05372014276562643,"fraud_legit, ip_risk_ip_HIGH, velocity_24h_vel24h_MOD"
0.04484304932735426,"failed_txns_fail_NONE, ip_risk_ip_HIGH, velocity_24h_vel24h_MOD"
0.0431042372105793,"acct_age_acct_OLD, ip_risk_ip_HIGH, velocity_24h_vel24h_MOD"
0.03152740916994601,"channel_ch_card, ip_risk_ip_HIGH, velocity_24h_vel24h_MOD"
0.04136542509380434,"amt_deviation_dev_MOD, ip_risk_ip_HIGH, velocity_24h_vel24h_MOD"
0.03198499130593942,"amt_amt_MED, ip_risk_ip_HIGH, velocity_24h_vel24h_MOD"
0.046856410725725266,"device_dev_desktop, intl_domestic, ip_risk_ip_HIGH"
0.033998352704310425,"device_dev_desktop, fraud_legit, ip_risk_ip_HIGH"
0.03376956163631372,"acct_age_acct_OLD, device_dev_desktop, ip_risk_ip_HIGH"
0.033128946645922946,"amt_deviation_dev_MOD, device_dev_desktop, ip_risk_ip_HIGH"
0.032900155577926235,"device_dev_desktop, failed_txns_fail_NONE, ip_risk_ip_HIGH"
0.05948567767914341,"intl_domestic, ip_risk_ip_HIGH, kyc_kyc_3"
0.04429395076416217,"device_dev_mobile, ip_risk_ip_HIGH, kyc_kyc_3"
0.042966962569781275,"fraud_legit, ip_risk_ip_HIGH, kyc_kyc_3"
0.04246362222018853,"acct_age_acct_OLD, ip_risk_ip_HIGH, kyc_kyc_3"
0.04095360117141027,"failed_txns_fail_NONE, ip_risk_ip_HIGH, kyc_kyc_3"
0.04040450260821817,"amt_deviation_dev_MOD, ip_risk_ip_HIGH, kyc_kyc_3"
0.03189347487874073,"amt_amt_MED, ip_risk_ip_HIGH, kyc_kyc_3"
0.032076507733138096,"channel_ch_card, ip_risk_ip_HIGH, kyc_kyc_3"
0.048824013910496934,"intl_domestic, ip_risk_ip_HIGH, merch_risk_mrisk_HIGH"
0.03532534089869131,"acct_age_acct_OLD, ip_risk_ip_HIGH, merch_risk_mrisk_HIGH"
0.03514230804429395,"fraud_legit, ip_risk_ip_HIGH, merch_risk_mrisk_HIGH"
0.03454745126750252,"amt_deviation_dev_MOD, ip_risk_ip_HIGH, merch_risk_mrisk_HIGH"
0.03418138555870779,"failed_txns_fail_NONE, ip_risk_ip_HIGH, merch_risk_mrisk_HIGH"
0.03802507550105244,"device_dev_mobile, ip_risk_ip_HIGH, merch_risk_mrisk_HIGH"
0.04017571154022147,"amt_amt_LOW, intl_domestic, ip_risk_ip_HIGH"
0.032854397364326896,"amt_amt_LOW, device_dev_mobile, ip_risk_ip_HIGH"
0.03491351697629724,"credit_band_credit_3, intl_domestic, ip_risk_ip_HIGH"
0.17717580305664868,"credit_band_credit_1, intl_domestic"
0.1352155211860529,"credit_band_credit_1, fraud_legit"
0.1346664226228608,"credit_band_credit_1, device_dev_mobile"
0.12830603093255238,"acct_age_acct_OLD, credit_band_credit_1"
0.12533174704859523,"credit_band_credit_1, failed_txns_fail_NONE"
0.0730758671181477,"credit_band_credit_1, velocity_1h_vel1h_LOW"
0.0692779353894024,"credit_band_credit_1, kyc_kyc_2"
0.0566944266495836,"credit_band_credit_1, geo_dist_geo_NEAR"
0.05559622952319941,"credit_band_credit_1, merch_risk_mrisk_LOW"
0.04928159604649034,"channel_ch_upi, credit_band_credit_1"
0.049190079619291664,"amt_amt_HIGH, credit_band_credit_1"
0.03930630548183399,"credit_band_credit_1, ip_risk_ip_HIGH"
0.07312162533174704,"credit_band_credit_1, merch_risk_mrisk_MOD"
0.06904914432140569,"credit_band_credit_1, ip_risk_ip_LOW"
0.06419877367987553,"credit_band_credit_1, kyc_kyc_1"
0.062322686922302556,"credit_band_credit_1, fraud_FRAUD"
0.055138647387206,"credit_band_credit_1, failed_txns_fail_LOW"
0.05440651596961655,"credit_band_credit_1, geo_dist_geo_FAR"
0.04360757756017205,"amt_amt_LOW, credit_band_credit_1"
0.08053445593484031,"credit_band_credit_1, ip_risk_ip_MOD"
0.06625789329184589,"credit_band_credit_1, velocity_1h_vel1h_ZERO"
0.0659375857966505,"credit_band_credit_1, velocity_24h_vel24h_MOD"
0.05330831884323236,"credit_band_credit_1, device_dev_desktop"
0.09920380708337147,"channel_ch_card, credit_band_credit_1"
0.07330465818614441,"credit_band_credit_1, geo_dist_geo_MOD"
0.12308959458222751,"amt_deviation_dev_MOD, credit_band_credit_1"
0.09700741283060309,"amt_amt_MED, credit_band_credit_1"
0.06017205088313352,"credit_band_credit_1, velocity_24h_vel24h_LOW"
0.05550471309600073,"credit_band_credit_1, merch_risk_mrisk_HIGH"
0.05161526494005674,"credit_band_credit_1, velocity_1h_vel1h_MOD"
0.06406149903907751,"credit_band_credit_1, kyc_kyc_3"
0.12450809920380708,"credit_band_credit_1, fraud_legit, intl_domestic"
0.12002379427107165,"credit_band_credit_1, device_dev_mobile, intl_domestic"
0.09165370183948018,"credit_band_credit_1, device_dev_mobile, fraud_legit"
0.11535645648393887,"acct_age_acct_OLD, credit_band_credit_1, intl_domestic"
0.08726091333394344,"acct_age_acct_OLD, credit_band_credit_1, fraud_legit"
0.08680333119795003,"acct_age_acct_OLD, credit_band_credit_1, device_dev_mobile"
0.11325157865836918,"credit_band_credit_1, failed_txns_fail_NONE, intl_domestic"
0.09403312894664592,"credit_band_credit_1, failed_txns_fail_NONE, fraud_legit"
0.08520179372197309,"credit_band_credit_1, device_dev_mobile, failed_txns_fail_NONE"
0.08158689484762514,"acct_age_acct_OLD, credit_band_credit_1, failed_txns_fail_NONE"
0.06589182758305116,"credit_band_credit_1, intl_domestic, velocity_1h_vel1h_LOW"
0.05037979317287453,"credit_band_credit_1, fraud_legit, velocity_1h_vel1h_LOW"
0.0500137274640798,"credit_band_credit_1, device_dev_mobile, velocity_1h_vel1h_LOW"
0.04777157499771209,"credit_band_credit_1, failed_txns_fail_NONE, velocity_1h_vel1h_LOW"
0.046810652512125926,"acct_age_acct_OLD, credit_band_credit_1, velocity_1h_vel1h_LOW"
0.04571245538574174,"amt_deviation_dev_MOD, credit_band_credit_1, velocity_1h_vel1h_LOW"
0.03587443946188341,"amt_amt_MED, credit_band_credit_1, velocity_1h_vel1h_LOW"
0.031069827033952595,"credit_band_credit_1, ip_risk_ip_MOD, velocity_1h_vel1h_LOW"
0.036743845520270886,"channel_ch_card, credit_band_credit_1, velocity_1h_vel1h_LOW"
0.061682071931911775,"credit_band_credit_1, intl_domestic, kyc_kyc_2"
0.04690216893932461,"credit_band_credit_1, device_dev_mobile, kyc_kyc_2"
0.04562093895854306,"acct_age_acct_OLD, credit_band_credit_1, kyc_kyc_2"
0.04548366431774504,"credit_band_credit_1, fraud_legit, kyc_kyc_2"
0.04392788505536744,"credit_band_credit_1, failed_txns_fail_NONE, kyc_kyc_2"
0.042966962569781275,"amt_deviation_dev_MOD, credit_band_credit_1, kyc_kyc_2"
0.03418138555870779,"amt_amt_MED, credit_band_credit_1, kyc_kyc_2"
0.03546261553948934,"channel_ch_card, credit_band_credit_1, kyc_kyc_2"
0.05070010066806992,"credit_band_credit_1, geo_dist_geo_NEAR, intl_domestic"
0.038757206918641894,"credit_band_credit_1, fraud_legit, geo_dist_geo_NEAR"
0.038208108355449806,"credit_band_credit_1, device_dev_mobile, geo_dist_geo_NEAR"
0.03701839480186694,"acct_age_acct_OLD, credit_band_credit_1, geo_dist_geo_NEAR"
0.03665232909307221,"credit_band_credit_1, failed_txns_fail_NONE, geo_dist_geo_NEAR"
0.03633202159787682,"amt_deviation_dev_MOD, credit_band_credit_1, geo_dist_geo_NEAR"
0.05015100210487783,"credit_band_credit_1, intl_domestic, merch_risk_mrisk_LOW"
0.039809645831426745,"credit_band_credit_1, fraud_legit, merch_risk_mrisk_LOW"
0.039123272627436624,"credit_band_credit_1, device_dev_mobile, merch_risk_mrisk_LOW"
0.03669808730667155,"acct_age_acct_OLD, credit_band_credit_1, merch_risk_mrisk_LOW"
0.03601171410268143,"credit_band_credit_1, failed_txns_fail_NONE, merch_risk_mrisk_LOW"
0.03546261553948934,"amt_deviation_dev_MOD, credit_band_credit_1, merch_risk_mrisk_LOW"
0.044202434336963484,"channel_ch_upi, credit_band_credit_1, intl_domestic"
0.03431866019950581,"channel_ch_upi, credit_band_credit_1, fraud_legit"
0.032900155577926235,"channel_ch_upi, credit_band_credit_1, device_dev_mobile"
0.032396815228333486,"acct_age_acct_OLD, channel_ch_upi, credit_band_credit_1"
0.031069827033952595,"channel_ch_upi, credit_band_credit_1, failed_txns_fail_NONE"
0.031024068820353252,"amt_deviation_dev_MOD, channel_ch_upi, credit_band_credit_1"
0.043287270064976666,"amt_amt_HIGH, credit_band_credit_1, intl_domestic"
0.0338610780635124,"amt_amt_HIGH, credit_band_credit_1, fraud_legit"
0.033174704859522286,"amt_amt_HIGH, credit_band_credit_1, device_dev_mobile"
0.032030749519538756,"acct_age_acct_OLD, amt_amt_HIGH, credit_band_credit_1"
0.03093255239315457,"amt_amt_HIGH, credit_band_credit_1, failed_txns_fail_NONE"
0.035233824471492634,"credit_band_credit_1, intl_domestic, ip_risk_ip_HIGH"
0.0654800036606571,"credit_band_credit_1, intl_domestic, merch_risk_mrisk_MOD"
0.04905280497849364,"credit_band_credit_1, device_dev_mobile, merch_risk_mrisk_MOD"
0.04703944358012263,"acct_age_acct_OLD, credit_band_credit_1, merch_risk_mrisk_MOD"
0.05129495744486135,"credit_band_credit_1, fraud_legit, merch_risk_mrisk_MOD"
0.04639882858973186,"credit_band_credit_1, failed_txns_fail_NONE, merch_risk_mrisk_MOD"
0.03582868124828407,"channel_ch_card, credit_band_credit_1, merch_risk_mrisk_MOD"
0.04557518074494372,"amt_deviation_dev_MOD, credit_band_credit_1, merch_risk_mrisk_MOD"
0.03601171410268143,"amt_amt_MED, credit_band_credit_1, merch_risk_mrisk_MOD"
0.06268875263109729,"credit_band_credit_1, intl_domestic, ip_risk_ip_LOW"
0.047634300356914065,"credit_band_credit_1, device_dev_mobile, ip_risk_ip_LOW"
0.04502608218175162,"acct_age_acct_OLD, credit_band_credit_1, ip_risk_ip_LOW"
0.049190079619291664,"credit_band_credit_1, fraud_legit, ip_risk_ip_LOW"
0.043287270064976666,"amt_deviation_dev_MOD, credit_band_credit_1, ip_risk_ip_LOW"
0.035965955889082094,"channel_ch_card, credit_band_credit_1, ip_risk_ip_LOW"
0.034455934840303834,"amt_amt_MED, credit_band_credit_1, ip_risk_ip_LOW"
0.0438821268417681,"credit_band_credit_1, failed_txns_fail_NONE, ip_risk_ip_LOW"
0.057655349135169766,"credit_band_credit_1, intl_domestic, kyc_kyc_1"
0.04351606113297337,"credit_band_credit_1, device_dev_mobile, kyc_kyc_1"
0.041823007229797746,"acct_age_acct_OLD, credit_band_credit_1, kyc_kyc_1"
0.04589548824013911,"credit_band_credit_1, fraud_legit, kyc_kyc_1"
0.04081632653061224,"credit_band_credit_1, failed_txns_fail_NONE, kyc_kyc_1"
0.03152740916994601,"channel_ch_card, credit_band_credit_1, kyc_kyc_1"
0.04049601903541686,"amt_deviation_dev_MOD, credit_band_credit_1, kyc_kyc_1"
0.03180195845154205,"amt_amt_MED, credit_band_credit_1, kyc_kyc_1"
0.052667703852841585,"credit_band_credit_1, fraud_FRAUD, intl_domestic"
0.043012720783380615,"credit_band_credit_1, device_dev_mobile, fraud_FRAUD"
0.04104511759860895,"acct_age_acct_OLD, credit_band_credit_1, fraud_FRAUD"
0.03555413196668802,"amt_deviation_dev_MOD, credit_band_credit_1, fraud_FRAUD"
0.031298618101949296,"credit_band_credit_1, failed_txns_fail_NONE, fraud_FRAUD"
0.03143589274274732,"channel_ch_card, credit_band_credit_1, fraud_FRAUD"
0.048732497483298255,"credit_band_credit_1, failed_txns_fail_LOW, intl_domestic"
0.03843689942344651,"credit_band_credit_1, device_dev_mobile, failed_txns_fail_LOW"
0.035599890180287364,"acct_age_acct_OLD, credit_band_credit_1, failed_txns_fail_LOW"
0.034501693053903174,"amt_deviation_dev_MOD, credit_band_credit_1, failed_txns_fail_LOW"
0.03390683627711174,"credit_band_credit_1, failed_txns_fail_LOW, fraud_legit"
0.048869772124096274,"credit_band_credit_1, geo_dist_geo_FAR, intl_domestic"
0.03848265763704585,"credit_band_credit_1, device_dev_mobile, geo_dist_geo_FAR"
0.03527958268509197,"acct_age_acct_OLD, credit_band_credit_1, geo_dist_geo_FAR"
0.03770476800585705,"credit_band_credit_1, fraud_legit, geo_dist_geo_FAR"
0.03505079161709527,"credit_band_credit_1, failed_txns_fail_NONE, geo_dist_geo_FAR"
0.0338610780635124,"amt_deviation_dev_MOD, credit_band_credit_1, geo_dist_geo_FAR"
0.039123272627436624,"amt_amt_LOW, credit_band_credit_1, intl_domestic"
0.030795277752356548,"amt_amt_LOW, credit_band_credit_1, device_dev_mobile"
0.0716116042829688,"credit_band_credit_1, intl_domestic, ip_risk_ip_MOD"
0.05527592202800403,"credit_band_credit_1, fraud_legit, ip_risk_ip_MOD"
0.05129495744486135,"acct_age_acct_OLD, credit_band_credit_1, ip_risk_ip_MOD"
0.05088313352246728,"credit_band_credit_1, failed_txns_fail_NONE, ip_risk_ip_MOD"
0.05445227418321589,"credit_band_credit_1, device_dev_mobile, ip_risk_ip_MOD"
0.03958085476343003,"channel_ch_card, credit_band_credit_1, ip_risk_ip_MOD"
0.05042555138647387,"amt_deviation_dev_MOD, credit_band_credit_1, ip_risk_ip_MOD"
0.03926054726823465,"amt_amt_MED, credit_band_credit_1, ip_risk_ip_MOD"
0.05962295231994143,"credit_band_credit_1, intl_domestic, velocity_1h_vel1h_ZERO"
0.04658186144412922,"credit_band_credit_1, fraud_legit, velocity_1h_vel1h_ZERO"
0.044110917909764805,"acct_age_acct_OLD, credit_band_credit_1, velocity_1h_vel1h_ZERO"
0.0415484579482017,"credit_band_credit_1, failed_txns_fail_NONE, velocity_1h_vel1h_ZERO"
0.044888807540953604,"credit_band_credit_1, device_dev_mobile, velocity_1h_vel1h_ZERO"
0.03299167200512492,"channel_ch_card, credit_band_credit_1, velocity_1h_vel1h_ZERO"
0.04159421616180104,"amt_deviation_dev_MOD, credit_band_credit_1, velocity_1h_vel1h_ZERO"
0.032488331655532166,"amt_amt_MED, credit_band_credit_1, velocity_1h_vel1h_ZERO"
0.05998901802873616,"credit_band_credit_1, intl_domestic, velocity_24h_vel24h_MOD"
0.05504713096000732,"credit_band_credit_1, fraud_legit, velocity_24h_vel24h_MOD"
0.044888807540953604,"credit_band_credit_1, failed_txns_fail_NONE, velocity_24h_vel24h_MOD"
0.0423263475793905,"acct_age_acct_OLD, credit_band_credit_1, velocity_24h_vel24h_MOD"
0.04484304932735426,"credit_band_credit_1, device_dev_mobile, velocity_24h_vel24h_MOD"
0.03390683627711174,"channel_ch_card, credit_band_credit_1, velocity_24h_vel24h_MOD"
0.04150269973460236,"amt_deviation_dev_MOD, credit_band_credit_1, velocity_24h_vel24h_MOD"
0.0323052988011348,"amt_amt_MED, credit_band_credit_1, velocity_24h_vel24h_MOD"
0.04859522284250023,"credit_band_credit_1, device_dev_desktop, intl_domestic"
0.03738446051066167,"credit_band_credit_1, device_dev_desktop, fraud_legit"
0.035599890180287364,"acct_age_acct_OLD, credit_band_credit_1, device_dev_desktop"
0.034455934840303834,"credit_band_credit_1, device_dev_desktop, failed_txns_fail_NONE"
0.03390683627711174,"amt_deviation_dev_MOD, credit_band_credit_1, device_dev_desktop"
0.06877459503980965,"channel_ch_card, credit_band_credit_1, device_dev_mobile"
0.06776791434062414,"channel_ch_card, credit_band_credit_1, fraud_legit"
0.0653884872334584,"acct_age_acct_OLD, channel_ch_card, credit_band_credit_1"
0.06364967511668344,"channel_ch_card, credit_band_credit_1, failed_txns_fail_NONE"
0.08849638510112565,"channel_ch_card, credit_band_credit_1, intl_domestic"
0.061041456941521,"amt_deviation_dev_MOD, channel_ch_card, credit_band_credit_1"
0.04983069460968244,"credit_band_credit_1, fraud_legit, geo_dist_geo_MOD"
0.048824013910496934,"credit_band_credit_1, device_dev_mobile, geo_dist_geo_MOD"
0.047680058570513405,"acct_age_acct_OLD, credit_band_credit_1, geo_dist_geo_MOD"
0.04617003752173515,"credit_band_credit_1, failed_txns_fail_NONE, geo_dist_geo_MOD"
0.035599890180287364,"channel_ch_card, credit_band_credit_1, geo_dist_geo_MOD"
0.030429212043561818,"credit_band_credit_1, geo_dist_geo_MOD, ip_risk_ip_MOD"
0.04507184039535096,"amt_deviation_dev_MOD, credit_band_credit_1, geo_dist_geo_MOD"
0.03587443946188341,"amt_amt_MED, credit_band_credit_1, geo_dist_geo_MOD"
0.06580031115585247,"credit_band_credit_1, geo_dist_geo_MOD, intl_domestic"
0.08753546261553949,"amt_deviation_dev_MOD, credit_band_credit_1, fraud_legit"
0.08025990665324426,"acct_age_acct_OLD, amt_deviation_dev_MOD, credit_band_credit_1"
0.07801775418687655,"amt_deviation_dev_MOD, credit_band_credit_1, failed_txns_fail_NONE"
0.11087215155120345,"amt_deviation_dev_MOD, credit_band_credit_1, intl_domestic"
0.08364601445959549,"amt_deviation_dev_MOD, credit_band_credit_1, device_dev_mobile"
0.09696165461700375,"amt_amt_MED, amt_deviation_dev_MOD, credit_band_credit_1"
0.06909490253500504,"amt_amt_MED, credit_band_credit_1, fraud_legit"
0.06346664226228609,"acct_age_acct_OLD, amt_amt_MED, credit_band_credit_1"
0.06113297336871969,"amt_amt_MED, credit_band_credit_1, failed_txns_fail_NONE"
0.08748970440194015,"amt_amt_MED, credit_band_credit_1, intl_domestic"
0.0654800036606571,"amt_amt_MED, credit_band_credit_1, device_dev_mobile"
0.04859522284250023,"amt_amt_MED, channel_ch_card, credit_band_credit_1"
0.05518440560080534,"credit_band_credit_1, intl_domestic, velocity_24h_vel24h_LOW"
0.052988011348036976,"credit_band_credit_1, fraud_legit, velocity_24h_vel24h_LOW"
0.04113663402580763,"credit_band_credit_1, failed_txns_fail_NONE, velocity_24h_vel24h_LOW"
0.039031756200237945,"acct_age_acct_OLD, credit_band_credit_1, velocity_24h_vel24h_LOW"
0.03884872334584058,"amt_deviation_dev_MOD, credit_band_credit_1, velocity_24h_vel24h_LOW"
0.031115585247551935,"amt_amt_MED, credit_band_credit_1, velocity_24h_vel24h_LOW"
0.04118239223940697,"credit_band_credit_1, device_dev_mobile, velocity_24h_vel24h_LOW"
0.0500137274640798,"credit_band_credit_1, intl_domestic, merch_risk_mrisk_HIGH"
0.03605747231628077,"credit_band_credit_1, fraud_legit, merch_risk_mrisk_HIGH"
0.034822000549098564,"credit_band_credit_1, failed_txns_fail_NONE, merch_risk_mrisk_HIGH"
0.037887800860254416,"credit_band_credit_1, device_dev_mobile, merch_risk_mrisk_HIGH"
0.03592019767548275,"acct_age_acct_OLD, credit_band_credit_1, merch_risk_mrisk_HIGH"
0.034089869131509104,"amt_deviation_dev_MOD, credit_band_credit_1, merch_risk_mrisk_HIGH"
0.04584973002653976,"credit_band_credit_1, intl_domestic, velocity_1h_vel1h_MOD"
0.03509654983069461,"credit_band_credit_1, device_dev_mobile, velocity_1h_vel1h_MOD"
0.03473048412189988,"credit_band_credit_1, fraud_legit, velocity_1h_vel1h_MOD"
0.033266221286720965,"acct_age_acct_OLD, credit_band_credit_1, velocity_1h_vel1h_MOD"
0.03198499130593942,"credit_band_credit_1, failed_txns_fail_NONE, velocity_1h_vel1h_MOD"
0.03225954058753546,"amt_deviation_dev_MOD, credit_band_credit_1, velocity_1h_vel1h_MOD"
0.057838381989567124,"credit_band_credit_1, intl_domestic, kyc_kyc_3"
0.043836368628168754,"credit_band_credit_1, fraud_legit, kyc_kyc_3"
0.04086208474421159,"acct_age_acct_OLD, credit_band_credit_1, kyc_kyc_3"
0.04058753546261554,"credit_band_credit_1, failed_txns_fail_NONE, kyc_kyc_3"
0.04424819255056282,"credit_band_credit_1, device_dev_mobile, kyc_kyc_3"
0.03221378237393612,"channel_ch_card, credit_band_credit_1, kyc_kyc_3"
0.03962661297702938,"amt_deviation_dev_MOD, credit_band_credit_1, kyc_kyc_3"
0.031024068820353252,"amt_amt_MED, credit_band_credit_1, kyc_kyc_3"
0.19616546170037522,"amt_amt_HIGH, amt_deviation_dev_HIGH"
0.17658094627985724,"amt_deviation_dev_HIGH, intl_domestic"
0.13695433330282786,"amt_deviation_dev_HIGH, fraud_legit"
0.13535279582685092,"amt_deviation_dev_HIGH, device_dev_mobile"
0.12615539489338337,"acct_age_acct_OLD, amt_deviation_dev_HIGH"
0.12487416491260181,"amt_deviation_dev_HIGH, failed_txns_fail_NONE"
0.0710625057197767,"amt_deviation_dev_HIGH, velocity_1h_vel1h_LOW"
0.06634940971904457,"amt_deviation_dev_HIGH, kyc_kyc_2"
0.056968975931179645,"amt_deviation_dev_HIGH, merch_risk_mrisk_LOW"
0.05362862633842775,"amt_deviation_dev_HIGH, geo_dist_geo_NEAR"
0.048869772124096274,"amt_deviation_dev_HIGH, channel_ch_upi"
0.04003843689942345,"amt_deviation_dev_HIGH, credit_band_credit_1"
0.03807083371465178,"amt_deviation_dev_HIGH, ip_risk_ip_HIGH"
0.08044293950764163,"amt_deviation_dev_HIGH, ip_risk_ip_MOD"
0.06621213507824654,"amt_deviation_dev_HIGH, kyc_kyc_1"
0.06543424544705774,"amt_deviation_dev_HIGH, velocity_24h_vel24h_MOD"
0.0639242243982795,"amt_deviation_dev_HIGH, velocity_1h_vel1h_ZERO"
0.05060858424087124,"amt_deviation_dev_HIGH, device_dev_desktop"
0.06364967511668344,"amt_deviation_dev_HIGH, kyc_kyc_3"
0.056923217717580306,"amt_deviation_dev_HIGH, geo_dist_geo_FAR"
0.05500137274640798,"amt_deviation_dev_HIGH, failed_txns_fail_LOW"
0.040267227967420154,"amt_deviation_dev_HIGH, credit_band_credit_3"
0.0592568866111467,"amt_deviation_dev_HIGH, fraud_FRAUD"
0.040221469753820814,"amt_deviation_dev_HIGH, credit_band_credit_2"
0.09815136817058662,"amt_deviation_dev_HIGH, channel_ch_card"
0.0731673835453464,"amt_deviation_dev_HIGH, merch_risk_mrisk_MOD"
0.06845428754461426,"amt_deviation_dev_HIGH, ip_risk_ip_LOW"
0.05294225313443763,"amt_deviation_dev_HIGH, merch_risk_mrisk_HIGH"
0.03738446051066167,"amt_deviation_dev_HIGH, credit_band_credit_4"
0.07220646105976022,"amt_deviation_dev_HIGH, geo_dist_geo_MOD"
0.05394893383362313,"amt_deviation_dev_HIGH, velocity_1h_vel1h_MOD"
0.06145328086391507,"amt_deviation_dev_HIGH, velocity_24h_vel24h_LOW"
0.038299624782648485,"amt_deviation_dev_HIGH, credit_band_credit_5"
0.1765351880662579,"amt_amt_HIGH, amt_deviation_dev_HIGH, intl_domestic"
0.13690857508922852,"amt_amt_HIGH, amt_deviation_dev_HIGH, fraud_legit"
0.12780269058295965,"amt_deviation_dev_HIGH, fraud_legit, intl_domestic"
0.13530703761325158,"amt_amt_HIGH, amt_deviation_dev_HIGH, device_dev_mobile"
0.12148805710625057,"amt_deviation_dev_HIGH, device_dev_mobile, intl_domestic"
0.0946737439370367,"amt_deviation_dev_HIGH, device_dev_mobile, fraud_legit"
0.12610963667978403,"acct_age_acct_OLD, amt_amt_HIGH, amt_deviation_dev_HIGH"
0.11316006223117049,"acct_age_acct_OLD, amt_deviation_dev_HIGH, intl_domestic"
0.08794728653793356,"acct_age_acct_OLD, amt_deviation_dev_HIGH, fraud_legit"
0.08758122082913883,"acct_age_acct_OLD, amt_deviation_dev_HIGH, device_dev_mobile"
0.12482840669900247,"amt_amt_HIGH, amt_deviation_dev_HIGH, failed_txns_fail_NONE"
0.11311430401757115,"amt_deviation_dev_HIGH, failed_txns_fail_NONE, intl_domestic"
0.09563466642262286,"amt_deviation_dev_HIGH, failed_txns_fail_NONE, fraud_legit"
0.08639150727555596,"amt_deviation_dev_HIGH, device_dev_mobile, failed_txns_fail_NONE"
0.08039718129404227,"acct_age_acct_OLD, amt_deviation_dev_HIGH, failed_txns_fail_NONE"
0.0710625057197767,"amt_amt_HIGH, amt_deviation_dev_HIGH, velocity_1h_vel1h_LOW"
0.06355815868948476,"amt_deviation_dev_HIGH, intl_domestic, velocity_1h_vel1h_LOW"
0.04905280497849364,"amt_deviation_dev_HIGH, device_dev_mobile, velocity_1h_vel1h_LOW"
0.0490070467648943,"amt_deviation_dev_HIGH, fraud_legit, velocity_1h_vel1h_LOW"
0.04562093895854306,"amt_deviation_dev_HIGH, failed_txns_fail_NONE, velocity_1h_vel1h_LOW"
0.04516335682254965,"acct_age_acct_OLD, amt_deviation_dev_HIGH, velocity_1h_vel1h_LOW"
0.03601171410268143,"amt_deviation_dev_HIGH, channel_ch_card, velocity_1h_vel1h_LOW"
0.06634940971904457,"amt_amt_HIGH, amt_deviation_dev_HIGH, kyc_kyc_2"
0.05957719410634209,"amt_deviation_dev_HIGH, intl_domestic, kyc_kyc_2"
0.04630731216253318,"amt_deviation_dev_HIGH, device_dev_mobile, kyc_kyc_2"
0.04626155394893383,"amt_deviation_dev_HIGH, fraud_legit, kyc_kyc_2"
0.04173149080259907,"acct_age_acct_OLD, amt_deviation_dev_HIGH, kyc_kyc_2"
0.04168573258899973,"amt_deviation_dev_HIGH, failed_txns_fail_NONE, kyc_kyc_2"
0.03340349592751899,"amt_deviation_dev_HIGH, channel_ch_card, kyc_kyc_2"
0.056968975931179645,"amt_amt_HIGH, amt_deviation_dev_HIGH, merch_risk_mrisk_LOW"
0.052301638144046855,"amt_deviation_dev_HIGH, intl_domestic, merch_risk_mrisk_LOW"
0.04196028187059577,"amt_deviation_dev_HIGH, fraud_legit, merch_risk_mrisk_LOW"
0.03884872334584058,"amt_deviation_dev_HIGH, failed_txns_fail_NONE, merch_risk_mrisk_LOW"
0.03880296513224124,"amt_deviation_dev_HIGH, device_dev_mobile, merch_risk_mrisk_LOW"
0.03665232909307221,"acct_age_acct_OLD, amt_deviation_dev_HIGH, merch_risk_mrisk_LOW"
0.05362862633842775,"amt_amt_HIGH, amt_deviation_dev_HIGH, geo_dist_geo_NEAR"
0.04786309142491077,"amt_deviation_dev_HIGH, geo_dist_geo_NEAR, intl_domestic"
0.03775052621945639,"amt_deviation_dev_HIGH, fraud_legit, geo_dist_geo_NEAR"
0.03692687837466825,"amt_deviation_dev_HIGH, device_dev_mobile, geo_dist_geo_NEAR"
0.034867758762697904,"amt_deviation_dev_HIGH, failed_txns_fail_NONE, geo_dist_geo_NEAR"
0.03349501235471767,"acct_age_acct_OLD, amt_deviation_dev_HIGH, geo_dist_geo_NEAR"
0.048869772124096274,"amt_amt_HIGH, amt_deviation_dev_HIGH, channel_ch_upi"
0.04392788505536744,"amt_deviation_dev_HIGH, channel_ch_upi, intl_domestic"
0.03468472590830054,"amt_deviation_dev_HIGH, channel_ch_upi, fraud_legit"
0.03340349592751899,"amt_deviation_dev_HIGH, channel_ch_upi, device_dev_mobile"
0.032396815228333486,"acct_age_acct_OLD, amt_deviation_dev_HIGH, channel_ch_upi"
0.030795277752356548,"amt_deviation_dev_HIGH, channel_ch_upi, failed_txns_fail_NONE"
0.04003843689942345,"amt_amt_HIGH, amt_deviation_dev_HIGH, credit_band_credit_1"
0.03537109911229066,"amt_deviation_dev_HIGH, credit_band_credit_1, intl_domestic"
0.03807083371465178,"amt_amt_HIGH, amt_deviation_dev_HIGH, ip_risk_ip_HIGH"
0.034410176626704495,"amt_deviation_dev_HIGH, intl_domestic, ip_risk_ip_HIGH"
0.08039718129404227,"amt_amt_HIGH, amt_deviation_dev_HIGH, ip_risk_ip_MOD"
0.07152008785577012,"amt_deviation_dev_HIGH, intl_domestic, ip_risk_ip_MOD"
0.05605381165919283,"amt_deviation_dev_HIGH, fraud_legit, ip_risk_ip_MOD"
0.052576187425642906,"acct_age_acct_OLD, amt_deviation_dev_HIGH, ip_risk_ip_MOD"
0.05124919923126201,"amt_deviation_dev_HIGH, failed_txns_fail_NONE, ip_risk_ip_MOD"
0.056191086299990846,"amt_deviation_dev_HIGH, device_dev_mobile, ip_risk_ip_MOD"
0.039855404045026084,"amt_deviation_dev_HIGH, channel_ch_card, ip_risk_ip_MOD"
0.0661663768646472,"amt_amt_HIGH, amt_deviation_dev_HIGH, kyc_kyc_1"
0.05921112839754736,"amt_deviation_dev_HIGH, intl_domestic, kyc_kyc_1"
0.04662761965772856,"amt_deviation_dev_HIGH, fraud_legit, kyc_kyc_1"
0.04360757756017205,"acct_age_acct_OLD, amt_deviation_dev_HIGH, kyc_kyc_1"
0.042143314724993136,"amt_deviation_dev_HIGH, failed_txns_fail_NONE, kyc_kyc_1"
0.04612427930813581,"amt_deviation_dev_HIGH, device_dev_mobile, kyc_kyc_1"
0.0323052988011348,"amt_deviation_dev_HIGH, channel_ch_card, kyc_kyc_1"
0.06543424544705774,"amt_amt_HIGH, amt_deviation_dev_HIGH, velocity_24h_vel24h_MOD"
0.06017205088313352,"amt_deviation_dev_HIGH, intl_domestic, velocity_24h_vel24h_MOD"
0.05600805344559348,"amt_deviation_dev_HIGH, fraud_legit, velocity_24h_vel24h_MOD"
0.04424819255056282,"amt_deviation_dev_HIGH, failed_txns_fail_NONE, velocity_24h_vel24h_MOD"
0.0420975565113938,"acct_age_acct_OLD, amt_deviation_dev_HIGH, velocity_24h_vel24h_MOD"
0.04543790610414569,"amt_deviation_dev_HIGH, device_dev_mobile, velocity_24h_vel24h_MOD"
0.03299167200512492,"amt_deviation_dev_HIGH, channel_ch_card, velocity_24h_vel24h_MOD"
0.0639242243982795,"amt_amt_HIGH, amt_deviation_dev_HIGH, velocity_1h_vel1h_ZERO"
0.05760959092157042,"amt_deviation_dev_HIGH, intl_domestic, velocity_1h_vel1h_ZERO"
0.045300631463347674,"amt_deviation_dev_HIGH, fraud_legit, velocity_1h_vel1h_ZERO"
0.04205179829779446,"acct_age_acct_OLD, amt_deviation_dev_HIGH, velocity_1h_vel1h_ZERO"
0.0397638876178274,"amt_deviation_dev_HIGH, failed_txns_fail_NONE, velocity_1h_vel1h_ZERO"
0.043699093987370735,"amt_deviation_dev_HIGH, device_dev_mobile, velocity_1h_vel1h_ZERO"
0.031024068820353252,"amt_deviation_dev_HIGH, channel_ch_card, velocity_1h_vel1h_ZERO"
0.05060858424087124,"amt_amt_HIGH, amt_deviation_dev_HIGH, device_dev_desktop"
0.04589548824013911,"amt_deviation_dev_HIGH, device_dev_desktop, intl_domestic"
0.035233824471492634,"amt_deviation_dev_HIGH, device_dev_desktop, fraud_legit"
0.03212226594673744,"acct_age_acct_OLD, amt_deviation_dev_HIGH, device_dev_desktop"
0.03161892559714469,"amt_deviation_dev_HIGH, device_dev_desktop, failed_txns_fail_NONE"
0.06364967511668344,"amt_amt_HIGH, amt_deviation_dev_HIGH, kyc_kyc_3"
0.057792623775967784,"amt_deviation_dev_HIGH, intl_domestic, kyc_kyc_3"
0.044065159696165465,"amt_deviation_dev_HIGH, fraud_legit, kyc_kyc_3"
0.042921204356181936,"amt_deviation_dev_HIGH, device_dev_mobile, kyc_kyc_3"
0.04104511759860895,"amt_deviation_dev_HIGH, failed_txns_fail_NONE, kyc_kyc_3"
0.032442573441932826,"amt_deviation_dev_HIGH, channel_ch_card, kyc_kyc_3"
0.04081632653061224,"acct_age_acct_OLD, amt_deviation_dev_HIGH, kyc_kyc_3"
0.056923217717580306,"amt_amt_HIGH, amt_deviation_dev_HIGH, geo_dist_geo_FAR"
0.05161526494005674,"amt_deviation_dev_HIGH, geo_dist_geo_FAR, intl_domestic"
0.039855404045026084,"amt_deviation_dev_HIGH, fraud_legit, geo_dist_geo_FAR"
0.03669808730667155,"acct_age_acct_OLD, amt_deviation_dev_HIGH, geo_dist_geo_FAR"
0.03587443946188341,"amt_deviation_dev_HIGH, failed_txns_fail_NONE, geo_dist_geo_FAR"
0.039855404045026084,"amt_deviation_dev_HIGH, device_dev_mobile, geo_dist_geo_FAR"
0.05500137274640798,"amt_amt_HIGH, amt_deviation_dev_HIGH, failed_txns_fail_LOW"
0.048778255696897595,"amt_deviation_dev_HIGH, failed_txns_fail_LOW, intl_domestic"
0.03422714377230713,"amt_deviation_dev_HIGH, failed_txns_fail_LOW, fraud_legit"
0.0372014276562643,"amt_deviation_dev_HIGH, device_dev_mobile, failed_txns_fail_LOW"
0.03500503340349593,"acct_age_acct_OLD, amt_deviation_dev_HIGH, failed_txns_fail_LOW"
0.040267227967420154,"amt_amt_HIGH, amt_deviation_dev_HIGH, credit_band_credit_3"
0.03669808730667155,"amt_deviation_dev_HIGH, credit_band_credit_3, intl_domestic"
0.0592568866111467,"amt_amt_HIGH, amt_deviation_dev_HIGH, fraud_FRAUD"
0.048778255696897595,"amt_deviation_dev_HIGH, fraud_FRAUD, intl_domestic"
0.04067905188981422,"amt_deviation_dev_HIGH, device_dev_mobile, fraud_FRAUD"
0.038208108355449806,"acct_age_acct_OLD, amt_deviation_dev_HIGH, fraud_FRAUD"
0.040221469753820814,"amt_amt_HIGH, amt_deviation_dev_HIGH, credit_band_credit_2"
0.03646929623867484,"amt_deviation_dev_HIGH, credit_band_credit_2, intl_domestic"
0.09810560995698728,"amt_amt_HIGH, amt_deviation_dev_HIGH, channel_ch_card"
0.08849638510112565,"amt_deviation_dev_HIGH, channel_ch_card, intl_domestic"
0.06854580397181294,"amt_deviation_dev_HIGH, channel_ch_card, fraud_legit"
0.06785943076782282,"amt_deviation_dev_HIGH, channel_ch_card, device_dev_mobile"
0.06310057655349136,"amt_deviation_dev_HIGH, channel_ch_card, failed_txns_fail_NONE"
0.062322686922302556,"acct_age_acct_OLD, amt_deviation_dev_HIGH, channel_ch_card"
0.0731673835453464,"amt_amt_HIGH, amt_deviation_dev_HIGH, merch_risk_mrisk_MOD"
0.06566303651505445,"amt_deviation_dev_HIGH, intl_domestic, merch_risk_mrisk_MOD"
0.051889814221652786,"amt_deviation_dev_HIGH, fraud_legit, merch_risk_mrisk_MOD"
0.05065434245447058,"amt_deviation_dev_HIGH, device_dev_mobile, merch_risk_mrisk_MOD"
0.046444586803331196,"acct_age_acct_OLD, amt_deviation_dev_HIGH, merch_risk_mrisk_MOD"
0.04598700466733779,"amt_deviation_dev_HIGH, failed_txns_fail_NONE, merch_risk_mrisk_MOD"
0.036743845520270886,"amt_deviation_dev_HIGH, channel_ch_card, merch_risk_mrisk_MOD"
0.06845428754461426,"amt_amt_HIGH, amt_deviation_dev_HIGH, ip_risk_ip_LOW"
0.062459961563100574,"amt_deviation_dev_HIGH, intl_domestic, ip_risk_ip_LOW"
0.04905280497849364,"amt_deviation_dev_HIGH, fraud_legit, ip_risk_ip_LOW"
0.04658186144412922,"amt_deviation_dev_HIGH, device_dev_mobile, ip_risk_ip_LOW"
0.04429395076416217,"amt_deviation_dev_HIGH, failed_txns_fail_NONE, ip_risk_ip_LOW"
0.042875446142582596,"acct_age_acct_OLD, amt_deviation_dev_HIGH, ip_risk_ip_LOW"
0.034410176626704495,"amt_deviation_dev_HIGH, channel_ch_card, ip_risk_ip_LOW"
0.05289649492083829,"amt_amt_HIGH, amt_deviation_dev_HIGH, merch_risk_mrisk_HIGH"
0.04694792715292395,"amt_deviation_dev_HIGH, intl_domestic, merch_risk_mrisk_HIGH"
0.03665232909307221,"amt_deviation_dev_HIGH, device_dev_mobile, merch_risk_mrisk_HIGH"
0.034867758762697904,"acct_age_acct_OLD, amt_deviation_dev_HIGH, merch_risk_mrisk_HIGH"
0.034867758762697904,"amt_deviation_dev_HIGH, fraud_legit, merch_risk_mrisk_HIGH"
0.03225954058753546,"amt_deviation_dev_HIGH, failed_txns_fail_NONE, merch_risk_mrisk_HIGH"
0.03733870229706232,"amt_amt_HIGH, amt_deviation_dev_HIGH, credit_band_credit_4"
0.03349501235471767,"amt_deviation_dev_HIGH, credit_band_credit_4, intl_domestic"
0.07216070284616088,"amt_amt_HIGH, amt_deviation_dev_HIGH, geo_dist_geo_MOD"
0.06474787224306763,"amt_deviation_dev_HIGH, geo_dist_geo_MOD, intl_domestic"
0.05010524389127848,"amt_deviation_dev_HIGH, fraud_legit, geo_dist_geo_MOD"
0.04713096000732132,"acct_age_acct_OLD, amt_deviation_dev_HIGH, geo_dist_geo_MOD"
0.04543790610414569,"amt_deviation_dev_HIGH, failed_txns_fail_NONE, geo_dist_geo_MOD"
0.03637777981147616,"amt_deviation_dev_HIGH, channel_ch_card, geo_dist_geo_MOD"
0.04937311247368903,"amt_deviation_dev_HIGH, device_dev_mobile, geo_dist_geo_MOD"
0.053903175620023794,"amt_amt_HIGH, amt_deviation_dev_HIGH, velocity_1h_vel1h_MOD"
0.048732497483298255,"amt_deviation_dev_HIGH, intl_domestic, velocity_1h_vel1h_MOD"
0.03880296513224124,"amt_deviation_dev_HIGH, fraud_legit, velocity_1h_vel1h_MOD"
0.03505079161709527,"amt_deviation_dev_HIGH, failed_txns_fail_NONE, velocity_1h_vel1h_MOD"
0.033998352704310425,"acct_age_acct_OLD, amt_deviation_dev_HIGH, velocity_1h_vel1h_MOD"
0.03688112016106891,"amt_deviation_dev_HIGH, device_dev_mobile, velocity_1h_vel1h_MOD"
0.06140752265031573,"amt_amt_HIGH, amt_deviation_dev_HIGH, velocity_24h_vel24h_LOW"
0.0574723162807724,"amt_deviation_dev_HIGH, intl_domestic, velocity_24h_vel24h_LOW"
0.053811659192825115,"amt_deviation_dev_HIGH, fraud_legit, velocity_24h_vel24h_LOW"
0.039809645831426745,"acct_age_acct_OLD, amt_deviation_dev_HIGH, velocity_24h_vel24h_LOW"
0.03047497025716116,"amt_deviation_dev_HIGH, channel_ch_card, velocity_24h_vel24h_LOW"
0.04200604008419511,"amt_deviation_dev_HIGH, failed_txns_fail_NONE, velocity_24h_vel24h_LOW"
0.0415484579482017,"amt_deviation_dev_HIGH, device_dev_mobile, velocity_24h_vel24h_LOW"
0.038299624782648485,"amt_amt_HIGH, amt_deviation_dev_HIGH, credit_band_credit_5"
0.03454745126750252,"amt_deviation_dev_HIGH, credit_band_credit_5, intl_domestic"
0.2993959915804887,"intl_domestic, kyc_kyc_3"
0.22609133339434428,"fraud_legit, kyc_kyc_3"
0.2141941978585156,"acct_age_acct_OLD, kyc_kyc_3"
0.21327903358652878,"failed_txns_fail_NONE, kyc_kyc_3"
0.20819987187700192,"amt_deviation_dev_MOD, kyc_kyc_3"
0.16587352429761143,"channel_ch_card, kyc_kyc_3"
0.16353985540404503,"amt_amt_MED, kyc_kyc_3"
0.12098471675665783,"kyc_kyc_3, velocity_1h_vel1h_LOW"
0.11160428296879289,"ip_risk_ip_LOW, kyc_kyc_3"
0.10927061407522651,"kyc_kyc_3, velocity_24h_vel24h_MOD"
0.13928800219639426,"ip_risk_ip_MOD, kyc_kyc_3"
0.12491992312620115,"geo_dist_geo_MOD, kyc_kyc_3"
0.22874530978310606,"device_dev_mobile, kyc_kyc_3"
0.12427930813581038,"kyc_kyc_3, merch_risk_mrisk_MOD"
0.21035050791617096,"fraud_legit, intl_domestic, kyc_kyc_3"
0.1560355083737531,"device_dev_mobile, fraud_legit, kyc_kyc_3"
0.19410634208840488,"acct_age_acct_OLD, intl_domestic, kyc_kyc_3"
0.1457856685275007,"acct_age_acct_OLD, fraud_legit, kyc_kyc_3"
0.14779902992587168,"acct_age_acct_OLD, device_dev_mobile, kyc_kyc_3"
0.19319117781641804,"failed_txns_fail_NONE, intl_domestic, kyc_kyc_3"
0.1585979683353162,"failed_txns_fail_NONE, fraud_legit, kyc_kyc_3"
0.13937951862359294,"acct_age_acct_OLD, failed_txns_fail_NONE, kyc_kyc_3"
0.1473414477898783,"device_dev_mobile, failed_txns_fail_NONE, kyc_kyc_3"
0.18783746682529515,"amt_deviation_dev_MOD, intl_domestic, kyc_kyc_3"
0.1453738446051066,"amt_deviation_dev_MOD, fraud_legit, kyc_kyc_3"
0.13503248833165554,"acct_age_acct_OLD, amt_deviation_dev_MOD, kyc_kyc_3"
0.13480369726365882,"amt_deviation_dev_MOD, failed_txns_fail_NONE, kyc_kyc_3"
0.14386382355632837,"amt_deviation_dev_MOD, device_dev_mobile, kyc_kyc_3"
0.15118513773222295,"channel_ch_card, intl_domestic, kyc_kyc_3"
0.11366340258076325,"channel_ch_card, fraud_legit, kyc_kyc_3"
0.10840120801683903,"acct_age_acct_OLD, channel_ch_card, kyc_kyc_3"
0.10771483481284891,"channel_ch_card, failed_txns_fail_NONE, kyc_kyc_3"
0.10409993593850096,"amt_deviation_dev_MOD, channel_ch_card, kyc_kyc_3"
0.11636313718312437,"channel_ch_card, device_dev_mobile, kyc_kyc_3"
0.1634940971904457,"amt_amt_MED, amt_deviation_dev_MOD, kyc_kyc_3"
0.14834812848906379,"amt_amt_MED, intl_domestic, kyc_kyc_3"
0.11444129221195204,"amt_amt_MED, fraud_legit, kyc_kyc_3"
0.10606753912327263,"acct_age_acct_OLD, amt_amt_MED, kyc_kyc_3"
0.10574723162807724,"amt_amt_MED, failed_txns_fail_NONE, kyc_kyc_3"
0.08112931271163173,"amt_amt_MED, channel_ch_card, kyc_kyc_3"
0.1118330740367896,"amt_amt_MED, device_dev_mobile, kyc_kyc_3"
0.10977395442481926,"intl_domestic, kyc_kyc_3, velocity_1h_vel1h_LOW"
0.08327994875080078,"fraud_legit, kyc_kyc_3, velocity_1h_vel1h_LOW"
0.07801775418687655,"failed_txns_fail_NONE, kyc_kyc_3, velocity_1h_vel1h_LOW"
0.07710258991488972,"acct_age_acct_OLD, kyc_kyc_3, velocity_1h_vel1h_LOW"
0.0761874256429029,"amt_deviation_dev_MOD, kyc_kyc_3, velocity_1h_vel1h_LOW"
0.06140752265031573,"channel_ch_card, kyc_kyc_3, velocity_1h_vel1h_LOW"
0.05875354626155395,"amt_amt_MED, kyc_kyc_3, velocity_1h_vel1h_LOW"
0.08332570696440011,"device_dev_mobile, kyc_kyc_3, velocity_1h_vel1h_LOW"
0.05042555138647387,"ip_risk_ip_MOD, kyc_kyc_3, velocity_1h_vel1h_LOW"
0.046856410725725266,"kyc_kyc_3, merch_risk_mrisk_MOD, velocity_1h_vel1h_LOW"
0.04424819255056282,"geo_dist_geo_MOD, kyc_kyc_3, velocity_1h_vel1h_LOW"
0.10140020133613983,"intl_domestic, ip_risk_ip_LOW, kyc_kyc_3"
0.07957353344925414,"fraud_legit, ip_risk_ip_LOW, kyc_kyc_3"
0.07243525212775694,"failed_txns_fail_NONE, ip_risk_ip_LOW, kyc_kyc_3"
0.07142857142857142,"amt_deviation_dev_MOD, ip_risk_ip_LOW, kyc_kyc_3"
0.07115402214697539,"acct_age_acct_OLD, ip_risk_ip_LOW, kyc_kyc_3"
0.05609956987279217,"channel_ch_card, ip_risk_ip_LOW, kyc_kyc_3"
0.05605381165919283,"amt_amt_MED, ip_risk_ip_LOW, kyc_kyc_3"
0.04109087581220829,"ip_risk_ip_LOW, kyc_kyc_3, velocity_1h_vel1h_LOW"
0.04205179829779446,"geo_dist_geo_MOD, ip_risk_ip_LOW, kyc_kyc_3"
0.07792623775967786,"device_dev_mobile, ip_risk_ip_LOW, kyc_kyc_3"
0.04264665507458589,"ip_risk_ip_LOW, kyc_kyc_3, merch_risk_mrisk_MOD"
0.1000274549281596,"intl_domestic, kyc_kyc_3, velocity_24h_vel24h_MOD"
0.09128763613068545,"fraud_legit, kyc_kyc_3, velocity_24h_vel24h_MOD"
0.07394527317653518,"failed_txns_fail_NONE, kyc_kyc_3, velocity_24h_vel24h_MOD"
0.07110826393337603,"acct_age_acct_OLD, kyc_kyc_3, velocity_24h_vel24h_MOD"
0.06914066074860438,"amt_deviation_dev_MOD, kyc_kyc_3, velocity_24h_vel24h_MOD"
0.05404045026082182,"channel_ch_card, kyc_kyc_3, velocity_24h_vel24h_MOD"
0.0533540770568317,"amt_amt_MED, kyc_kyc_3, velocity_24h_vel24h_MOD"
0.04109087581220829,"kyc_kyc_3, velocity_1h_vel1h_LOW, velocity_24h_vel24h_MOD"
0.03857417406424453,"ip_risk_ip_LOW, kyc_kyc_3, velocity_24h_vel24h_MOD"
0.04603276288093713,"ip_risk_ip_MOD, kyc_kyc_3, velocity_24h_vel24h_MOD"
0.07609590921570422,"device_dev_mobile, kyc_kyc_3, velocity_24h_vel24h_MOD"
0.04145694152100302,"kyc_kyc_3, merch_risk_mrisk_MOD, velocity_24h_vel24h_MOD"
0.039855404045026084,"geo_dist_geo_MOD, kyc_kyc_3, velocity_24h_vel24h_MOD"
0.12537750526219457,"intl_domestic, ip_risk_ip_MOD, kyc_kyc_3"
0.0946737439370367,"fraud_legit, ip_risk_ip_MOD, kyc_kyc_3"
0.09632103962661298,"device_dev_mobile, ip_risk_ip_MOD, kyc_kyc_3"
0.0907842957810927,"failed_txns_fail_NONE, ip_risk_ip_MOD, kyc_kyc_3"
0.09028095543149996,"acct_age_acct_OLD, ip_risk_ip_MOD, kyc_kyc_3"
0.08694060583874806,"amt_deviation_dev_MOD, ip_risk_ip_MOD, kyc_kyc_3"
0.06964400109819713,"channel_ch_card, ip_risk_ip_MOD, kyc_kyc_3"
0.06795094719502151,"amt_amt_MED, ip_risk_ip_MOD, kyc_kyc_3"
0.11242793081358103,"geo_dist_geo_MOD, intl_domestic, kyc_kyc_3"
0.08575089228516519,"fraud_legit, geo_dist_geo_MOD, kyc_kyc_3"
0.07984808273085019,"amt_deviation_dev_MOD, geo_dist_geo_MOD, kyc_kyc_3"
0.07980232451725085,"failed_txns_fail_NONE, geo_dist_geo_MOD, kyc_kyc_3"
0.062368445135901895,"channel_ch_card, geo_dist_geo_MOD, kyc_kyc_3"
0.08520179372197309,"device_dev_mobile, geo_dist_geo_MOD, kyc_kyc_3"
0.08126658735242977,"acct_age_acct_OLD, geo_dist_geo_MOD, kyc_kyc_3"
0.06273451084469663,"amt_amt_MED, geo_dist_geo_MOD, kyc_kyc_3"
0.05216436350324883,"geo_dist_geo_MOD, ip_risk_ip_MOD, kyc_kyc_3"
0.2075134986730118,"device_dev_mobile, intl_domestic, kyc_kyc_3"
0.0864372654891553,"device_dev_mobile, kyc_kyc_3, merch_risk_mrisk_MOD"
0.08218175162441659,"failed_txns_fail_NONE, kyc_kyc_3, merch_risk_mrisk_MOD"
0.0800768737988469,"acct_age_acct_OLD, kyc_kyc_3, merch_risk_mrisk_MOD"
0.07765168847808182,"amt_deviation_dev_MOD, kyc_kyc_3, merch_risk_mrisk_MOD"
0.0639242243982795,"channel_ch_card, kyc_kyc_3, merch_risk_mrisk_MOD"
0.060858424087123636,"amt_amt_MED, kyc_kyc_3, merch_risk_mrisk_MOD"
0.05170678136725542,"ip_risk_ip_MOD, kyc_kyc_3, merch_risk_mrisk_MOD"
0.11270248009517708,"intl_domestic, kyc_kyc_3, merch_risk_mrisk_MOD"
0.08529331014917178,"fraud_legit, kyc_kyc_3, merch_risk_mrisk_MOD"
0.0466733778713279,"geo_dist_geo_MOD, kyc_kyc_3, merch_risk_mrisk_MOD"
0.246041914523657,"intl_domestic, merch_risk_mrisk_HIGH"
0.1816601079893841,"fraud_legit, merch_risk_mrisk_HIGH"
0.17644367163905922,"acct_age_acct_OLD, merch_risk_mrisk_HIGH"
0.17401848631829414,"failed_txns_fail_NONE, merch_risk_mrisk_HIGH"
0.1739727281046948,"amt_deviation_dev_MOD, merch_risk_mrisk_HIGH"
0.13873890363320215,"channel_ch_card, merch_risk_mrisk_HIGH"
0.1367713004484305,"amt_amt_MED, merch_risk_mrisk_HIGH"
0.1005765534913517,"merch_risk_mrisk_HIGH, velocity_1h_vel1h_LOW"
0.09494829321863274,"ip_risk_ip_LOW, merch_risk_mrisk_HIGH"
0.09023519721790062,"kyc_kyc_3, merch_risk_mrisk_HIGH"
0.08739818797474147,"merch_risk_mrisk_HIGH, velocity_24h_vel24h_MOD"
0.19163539855404044,"device_dev_mobile, merch_risk_mrisk_HIGH"
0.11288551294957445,"ip_risk_ip_MOD, merch_risk_mrisk_HIGH"
0.09302644824746042,"fraud_FRAUD, merch_risk_mrisk_HIGH"
0.09142491077148349,"kyc_kyc_2, merch_risk_mrisk_HIGH"
0.10460327628809371,"geo_dist_geo_MOD, merch_risk_mrisk_HIGH"
0.09229431682987096,"merch_risk_mrisk_HIGH, velocity_1h_vel1h_ZERO"
0.08126658735242977,"merch_risk_mrisk_HIGH, velocity_24h_vel24h_LOW"
0.08003111558524756,"geo_dist_geo_FAR, merch_risk_mrisk_HIGH"
0.09302644824746042,"kyc_kyc_1, merch_risk_mrisk_HIGH"
0.16843598425917453,"fraud_legit, intl_domestic, merch_risk_mrisk_HIGH"
0.1260638784661847,"device_dev_mobile, fraud_legit, merch_risk_mrisk_HIGH"
0.15740825478173331,"acct_age_acct_OLD, intl_domestic, merch_risk_mrisk_HIGH"
0.1167292028919191,"acct_age_acct_OLD, fraud_legit, merch_risk_mrisk_HIGH"
0.12299807815502883,"acct_age_acct_OLD, device_dev_mobile, merch_risk_mrisk_HIGH"
0.1567218815777432,"failed_txns_fail_NONE, intl_domestic, merch_risk_mrisk_HIGH"
0.12661297702937677,"failed_txns_fail_NONE, fraud_legit, merch_risk_mrisk_HIGH"
0.1133888532991672,"acct_age_acct_OLD, failed_txns_fail_NONE, merch_risk_mrisk_HIGH"
0.12231170495103871,"device_dev_mobile, failed_txns_fail_NONE, merch_risk_mrisk_HIGH"
0.15608126658735244,"amt_deviation_dev_MOD, intl_domestic, merch_risk_mrisk_HIGH"
0.1182849821542967,"amt_deviation_dev_MOD, fraud_legit, merch_risk_mrisk_HIGH"
0.11169579939599159,"amt_deviation_dev_MOD, failed_txns_fail_NONE, merch_risk_mrisk_HIGH"
0.11119245904639882,"acct_age_acct_OLD, amt_deviation_dev_MOD, merch_risk_mrisk_HIGH"
0.12002379427107165,"amt_deviation_dev_MOD, device_dev_mobile, merch_risk_mrisk_HIGH"
0.12427930813581038,"channel_ch_card, intl_domestic, merch_risk_mrisk_HIGH"
0.09073853756749337,"channel_ch_card, fraud_legit, merch_risk_mrisk_HIGH"
0.08977761508190721,"acct_age_acct_OLD, channel_ch_card, merch_risk_mrisk_HIGH"
0.08753546261553949,"amt_deviation_dev_MOD, channel_ch_card, merch_risk_mrisk_HIGH"
0.08739818797474147,"channel_ch_card, failed_txns_fail_NONE, merch_risk_mrisk_HIGH"
0.09778530246179189,"channel_ch_card, device_dev_mobile, merch_risk_mrisk_HIGH"
0.1367713004484305,"amt_amt_MED, amt_deviation_dev_MOD, merch_risk_mrisk_HIGH"
0.12368445135901894,"amt_amt_MED, intl_domestic, merch_risk_mrisk_HIGH"
0.09243159147066898,"amt_amt_MED, fraud_legit, merch_risk_mrisk_HIGH"
0.08813031939233093,"acct_age_acct_OLD, amt_amt_MED, merch_risk_mrisk_HIGH"
0.08748970440194015,"amt_amt_MED, failed_txns_fail_NONE, merch_risk_mrisk_HIGH"
0.06900338610780635,"amt_amt_MED, channel_ch_card, merch_risk_mrisk_HIGH"
0.0946737439370367,"amt_amt_MED, device_dev_mobile, merch_risk_mrisk_HIGH"
0.09101308684908942,"intl_domestic, merch_risk_mrisk_HIGH, velocity_1h_vel1h_LOW"
0.06813398004941887,"fraud_legit, merch_risk_mrisk_HIGH, velocity_1h_vel1h_LOW"
0.06602910222384918,"acct_age_acct_OLD, merch_risk_mrisk_HIGH, velocity_1h_vel1h_LOW"
0.0643818065342729,"failed_txns_fail_NONE, merch_risk_mrisk_HIGH, velocity_1h_vel1h_LOW"
0.06383270797108082,"amt_deviation_dev_MOD, merch_risk_mrisk_HIGH, velocity_1h_vel1h_LOW"
0.049967969250480464,"amt_amt_MED, merch_risk_mrisk_HIGH, velocity_1h_vel1h_LOW"
0.04992221103688112,"channel_ch_card, merch_risk_mrisk_HIGH, velocity_1h_vel1h_LOW"
0.07010158323419054,"device_dev_mobile, merch_risk_mrisk_HIGH, velocity_1h_vel1h_LOW"
0.03587443946188341,"geo_dist_geo_MOD, merch_risk_mrisk_HIGH, velocity_1h_vel1h_LOW"
0.04127390866660566,"ip_risk_ip_MOD, merch_risk_mrisk_HIGH, velocity_1h_vel1h_LOW"
0.08575089228516519,"intl_domestic, ip_risk_ip_LOW, merch_risk_mrisk_HIGH"
0.06483938867026631,"fraud_legit, ip_risk_ip_LOW, merch_risk_mrisk_HIGH"
0.06140752265031573,"failed_txns_fail_NONE, ip_risk_ip_LOW, merch_risk_mrisk_HIGH"
0.05994325981513682,"acct_age_acct_OLD, ip_risk_ip_LOW, merch_risk_mrisk_HIGH"
0.05939416125194472,"amt_deviation_dev_MOD, ip_risk_ip_LOW, merch_risk_mrisk_HIGH"
0.048778255696897595,"channel_ch_card, ip_risk_ip_LOW, merch_risk_mrisk_HIGH"
0.04671913608492725,"amt_amt_MED, ip_risk_ip_LOW, merch_risk_mrisk_HIGH"
0.03573716482108538,"ip_risk_ip_LOW, merch_risk_mrisk_HIGH, velocity_1h_vel1h_LOW"
0.06735609041823007,"device_dev_mobile, ip_risk_ip_LOW, merch_risk_mrisk_HIGH"
0.0356456483938867,"geo_dist_geo_MOD, ip_risk_ip_LOW, merch_risk_mrisk_HIGH"
0.08172416948842318,"intl_domestic, kyc_kyc_3, merch_risk_mrisk_HIGH"
0.05866202983435527,"fraud_legit, kyc_kyc_3, merch_risk_mrisk_HIGH"
0.0574723162807724,"acct_age_acct_OLD, kyc_kyc_3, merch_risk_mrisk_HIGH"
0.057243525212775696,"amt_deviation_dev_MOD, kyc_kyc_3, merch_risk_mrisk_HIGH"
0.056923217717580306,"failed_txns_fail_NONE, kyc_kyc_3, merch_risk_mrisk_HIGH"
0.04543790610414569,"amt_amt_MED, kyc_kyc_3, merch_risk_mrisk_HIGH"
0.04498032396815228,"channel_ch_card, kyc_kyc_3, merch_risk_mrisk_HIGH"
0.033586528781916355,"kyc_kyc_3, merch_risk_mrisk_HIGH, velocity_1h_vel1h_LOW"
0.0305207284707605,"ip_risk_ip_LOW, kyc_kyc_3, merch_risk_mrisk_HIGH"
0.035233824471492634,"geo_dist_geo_MOD, kyc_kyc_3, merch_risk_mrisk_HIGH"
0.03157316738354535,"fraud_FRAUD, kyc_kyc_3, merch_risk_mrisk_HIGH"
0.06227692870870321,"device_dev_mobile, kyc_kyc_3, merch_risk_mrisk_HIGH"
0.037933559073853755,"ip_risk_ip_MOD, kyc_kyc_3, merch_risk_mrisk_HIGH"
0.07943625880845612,"intl_domestic, merch_risk_mrisk_HIGH, velocity_24h_vel24h_MOD"
0.07197766999176353,"fraud_legit, merch_risk_mrisk_HIGH, velocity_24h_vel24h_MOD"
0.05943991946554406,"failed_txns_fail_NONE, merch_risk_mrisk_HIGH, velocity_24h_vel24h_MOD"
0.057838381989567124,"amt_deviation_dev_MOD, merch_risk_mrisk_HIGH, velocity_24h_vel24h_MOD"
0.05555047130960007,"acct_age_acct_OLD, merch_risk_mrisk_HIGH, velocity_24h_vel24h_MOD"
0.04516335682254965,"amt_amt_MED, merch_risk_mrisk_HIGH, velocity_24h_vel24h_MOD"
0.04397364326896678,"channel_ch_card, merch_risk_mrisk_HIGH, velocity_24h_vel24h_MOD"
0.03139013452914798,"merch_risk_mrisk_HIGH, velocity_1h_vel1h_LOW, velocity_24h_vel24h_MOD"
0.030154662761965774,"ip_risk_ip_LOW, merch_risk_mrisk_HIGH, velocity_24h_vel24h_MOD"
0.061590555504713096,"device_dev_mobile, merch_risk_mrisk_HIGH, velocity_24h_vel24h_MOD"
0.03628626338427748,"ip_risk_ip_MOD, merch_risk_mrisk_HIGH, velocity_24h_vel24h_MOD"
0.030703761325157865,"kyc_kyc_1, merch_risk_mrisk_HIGH, velocity_24h_vel24h_MOD"
0.03340349592751899,"geo_dist_geo_MOD, merch_risk_mrisk_HIGH, velocity_24h_vel24h_MOD"
0.030291937402763796,"merch_risk_mrisk_HIGH, velocity_1h_vel1h_ZERO, velocity_24h_vel24h_MOD"
0.17113571886153564,"device_dev_mobile, intl_domestic, merch_risk_mrisk_HIGH"
0.10089686098654709,"intl_domestic, ip_risk_ip_MOD, merch_risk_mrisk_HIGH"
0.07842957810927062,"device_dev_mobile, ip_risk_ip_MOD, merch_risk_mrisk_HIGH"
0.07275555962295233,"acct_age_acct_OLD, ip_risk_ip_MOD, merch_risk_mrisk_HIGH"
0.07197766999176353,"amt_deviation_dev_MOD, ip_risk_ip_MOD, merch_risk_mrisk_HIGH"
0.07147432964217076,"failed_txns_fail_NONE, ip_risk_ip_MOD, merch_risk_mrisk_HIGH"
0.057426558067173054,"channel_ch_card, ip_risk_ip_MOD, merch_risk_mrisk_HIGH"
0.056923217717580306,"amt_amt_MED, ip_risk_ip_MOD, merch_risk_mrisk_HIGH"
0.07467740459412464,"fraud_legit, ip_risk_ip_MOD, merch_risk_mrisk_HIGH"
0.07760593026448248,"fraud_FRAUD, intl_domestic, merch_risk_mrisk_HIGH"
0.06557152008785577,"device_dev_mobile, fraud_FRAUD, merch_risk_mrisk_HIGH"
0.05971446874714011,"acct_age_acct_OLD, fraud_FRAUD, merch_risk_mrisk_HIGH"
0.0556877459503981,"amt_deviation_dev_MOD, fraud_FRAUD, merch_risk_mrisk_HIGH"
0.048000366065708795,"channel_ch_card, fraud_FRAUD, merch_risk_mrisk_HIGH"
0.04740550928891736,"failed_txns_fail_NONE, fraud_FRAUD, merch_risk_mrisk_HIGH"
0.04433970897776151,"amt_amt_MED, fraud_FRAUD, merch_risk_mrisk_HIGH"
0.038208108355449806,"fraud_FRAUD, ip_risk_ip_MOD, merch_risk_mrisk_HIGH"
0.03541685732589,"fraud_FRAUD, geo_dist_geo_MOD, merch_risk_mrisk_HIGH"
0.032442573441932826,"fraud_FRAUD, merch_risk_mrisk_HIGH, velocity_1h_vel1h_LOW"
0.030337695616363135,"fraud_FRAUD, kyc_kyc_1, merch_risk_mrisk_HIGH"
0.03010890454836643,"fraud_FRAUD, ip_risk_ip_LOW, merch_risk_mrisk_HIGH"
0.08144962020682713,"intl_domestic, kyc_kyc_2, merch_risk_mrisk_HIGH"
0.06401574082547817,"device_dev_mobile, kyc_kyc_2, merch_risk_mrisk_HIGH"
0.05916537018394802,"failed_txns_fail_NONE, kyc_kyc_2, merch_risk_mrisk_HIGH"
0.05916537018394802,"acct_age_acct_OLD, kyc_kyc_2, merch_risk_mrisk_HIGH"
0.057335041639974375,"amt_deviation_dev_MOD, kyc_kyc_2, merch_risk_mrisk_HIGH"
0.04713096000732132,"channel_ch_card, kyc_kyc_2, merch_risk_mrisk_HIGH"
0.04498032396815228,"amt_amt_MED, kyc_kyc_2, merch_risk_mrisk_HIGH"
0.03811659192825112,"ip_risk_ip_MOD, kyc_kyc_2, merch_risk_mrisk_HIGH"
0.031115585247551935,"fraud_FRAUD, kyc_kyc_2, merch_risk_mrisk_HIGH"
0.06030932552393155,"fraud_legit, kyc_kyc_2, merch_risk_mrisk_HIGH"
0.03294591379152558,"kyc_kyc_2, merch_risk_mrisk_HIGH, velocity_1h_vel1h_LOW"
0.0323052988011348,"ip_risk_ip_LOW, kyc_kyc_2, merch_risk_mrisk_HIGH"
0.03148165095634666,"kyc_kyc_2, merch_risk_mrisk_HIGH, velocity_1h_vel1h_ZERO"
0.03349501235471767,"geo_dist_geo_MOD, kyc_kyc_2, merch_risk_mrisk_HIGH"
0.09380433787864922,"geo_dist_geo_MOD, intl_domestic, merch_risk_mrisk_HIGH"
0.06918641896220372,"fraud_legit, geo_dist_geo_MOD, merch_risk_mrisk_HIGH"
0.06680699185503798,"acct_age_acct_OLD, geo_dist_geo_MOD, merch_risk_mrisk_HIGH"
0.0533540770568317,"channel_ch_card, geo_dist_geo_MOD, merch_risk_mrisk_HIGH"
0.0720691864189622,"device_dev_mobile, geo_dist_geo_MOD, merch_risk_mrisk_HIGH"
0.06557152008785577,"amt_deviation_dev_MOD, geo_dist_geo_MOD, merch_risk_mrisk_HIGH"
0.05161526494005674,"amt_amt_MED, geo_dist_geo_MOD, merch_risk_mrisk_HIGH"
0.06680699185503798,"failed_txns_fail_NONE, geo_dist_geo_MOD, merch_risk_mrisk_HIGH"
0.04264665507458589,"geo_dist_geo_MOD, ip_risk_ip_MOD, merch_risk_mrisk_HIGH"
0.08259357554681065,"intl_domestic, merch_risk_mrisk_HIGH, velocity_1h_vel1h_ZERO"
0.06534272901985906,"device_dev_mobile, merch_risk_mrisk_HIGH, velocity_1h_vel1h_ZERO"
0.06291754369909398,"fraud_legit, merch_risk_mrisk_HIGH, velocity_1h_vel1h_ZERO"
0.05921112839754736,"acct_age_acct_OLD, merch_risk_mrisk_HIGH, velocity_1h_vel1h_ZERO"
0.05884506268875263,"failed_txns_fail_NONE, merch_risk_mrisk_HIGH, velocity_1h_vel1h_ZERO"
0.03669808730667155,"ip_risk_ip_MOD, merch_risk_mrisk_HIGH, velocity_1h_vel1h_ZERO"
0.05843323876635856,"amt_deviation_dev_MOD, merch_risk_mrisk_HIGH, velocity_1h_vel1h_ZERO"
0.04662761965772856,"amt_amt_MED, merch_risk_mrisk_HIGH, velocity_1h_vel1h_ZERO"
0.03669808730667155,"geo_dist_geo_MOD, merch_risk_mrisk_HIGH, velocity_1h_vel1h_ZERO"
0.03134437631554864,"kyc_kyc_1, merch_risk_mrisk_HIGH, velocity_1h_vel1h_ZERO"
0.04630731216253318,"channel_ch_card, merch_risk_mrisk_HIGH, velocity_1h_vel1h_ZERO"
0.03212226594673744,"ip_risk_ip_LOW, merch_risk_mrisk_HIGH, velocity_1h_vel1h_ZERO"
0.07449437173972728,"intl_domestic, merch_risk_mrisk_HIGH, velocity_24h_vel24h_LOW"
0.07119978036057473,"fraud_legit, merch_risk_mrisk_HIGH, velocity_24h_vel24h_LOW"
0.056191086299990846,"device_dev_mobile, merch_risk_mrisk_HIGH, velocity_24h_vel24h_LOW"
0.05518440560080534,"failed_txns_fail_NONE, merch_risk_mrisk_HIGH, velocity_24h_vel24h_LOW"
0.053079527775235655,"acct_age_acct_OLD, merch_risk_mrisk_HIGH, velocity_24h_vel24h_LOW"
0.03376956163631372,"ip_risk_ip_MOD, merch_risk_mrisk_HIGH, velocity_24h_vel24h_LOW"
0.05106616637686465,"amt_deviation_dev_MOD, merch_risk_mrisk_HIGH, velocity_24h_vel24h_LOW"
0.03935206369543333,"amt_amt_MED, merch_risk_mrisk_HIGH, velocity_24h_vel24h_LOW"
0.04049601903541686,"channel_ch_card, merch_risk_mrisk_HIGH, velocity_24h_vel24h_LOW"
0.030978310606753913,"merch_risk_mrisk_HIGH, velocity_1h_vel1h_LOW, velocity_24h_vel24h_LOW"
0.03038345382996248,"geo_dist_geo_MOD, merch_risk_mrisk_HIGH, velocity_24h_vel24h_LOW"
0.07225221927335956,"geo_dist_geo_FAR, intl_domestic, merch_risk_mrisk_HIGH"
0.05536743845520271,"device_dev_mobile, geo_dist_geo_FAR, merch_risk_mrisk_HIGH"
0.05440651596961655,"fraud_legit, geo_dist_geo_FAR, merch_risk_mrisk_HIGH"
0.05124919923126201,"acct_age_acct_OLD, geo_dist_geo_FAR, merch_risk_mrisk_HIGH"
0.05015100210487783,"failed_txns_fail_NONE, geo_dist_geo_FAR, merch_risk_mrisk_HIGH"
0.033311979500320305,"geo_dist_geo_FAR, ip_risk_ip_MOD, merch_risk_mrisk_HIGH"
0.05051706781367255,"amt_deviation_dev_MOD, geo_dist_geo_FAR, merch_risk_mrisk_HIGH"
0.03884872334584058,"amt_amt_MED, geo_dist_geo_FAR, merch_risk_mrisk_HIGH"
0.030337695616363135,"geo_dist_geo_FAR, merch_risk_mrisk_HIGH, velocity_1h_vel1h_LOW"
0.04099935938500961,"channel_ch_card, geo_dist_geo_FAR, merch_risk_mrisk_HIGH"
0.0828681248284067,"intl_domestic, kyc_kyc_1, merch_risk_mrisk_HIGH"
0.06534272901985906,"device_dev_mobile, kyc_kyc_1, merch_risk_mrisk_HIGH"
0.06268875263109729,"fraud_legit, kyc_kyc_1, merch_risk_mrisk_HIGH"
0.05980598517433879,"acct_age_acct_OLD, kyc_kyc_1, merch_risk_mrisk_HIGH"
0.05792989841676581,"failed_txns_fail_NONE, kyc_kyc_1, merch_risk_mrisk_HIGH"
0.034044110917909765,"kyc_kyc_1, merch_risk_mrisk_HIGH, velocity_1h_vel1h_LOW"
0.03212226594673744,"ip_risk_ip_LOW, kyc_kyc_1, merch_risk_mrisk_HIGH"
0.04662761965772856,"channel_ch_card, kyc_kyc_1, merch_risk_mrisk_HIGH"
0.03587443946188341,"geo_dist_geo_MOD, kyc_kyc_1, merch_risk_mrisk_HIGH"
0.05939416125194472,"amt_deviation_dev_MOD, kyc_kyc_1, merch_risk_mrisk_HIGH"
0.04635307037613252,"amt_amt_MED, kyc_kyc_1, merch_risk_mrisk_HIGH"
0.03683536194746957,"ip_risk_ip_MOD, kyc_kyc_1, merch_risk_mrisk_HIGH"
0.17740459412464538,"credit_band_credit_2, intl_domestic"
0.13681705866202984,"credit_band_credit_2, fraud_legit"
0.12917543699093986,"acct_age_acct_OLD, credit_band_credit_2"
0.1272078338061682,"credit_band_credit_2, failed_txns_fail_NONE"
0.12350141850462158,"amt_deviation_dev_MOD, credit_band_credit_2"
0.09952411457856686,"channel_ch_card, credit_band_credit_2"
0.09805985174338794,"amt_amt_MED, credit_band_credit_2"
0.0705134071565846,"credit_band_credit_2, velocity_1h_vel1h_LOW"
0.06785943076782282,"credit_band_credit_2, kyc_kyc_3"
0.06621213507824654,"credit_band_credit_2, ip_risk_ip_LOW"
0.06612061865104786,"credit_band_credit_2, velocity_24h_vel24h_MOD"
0.05472682346481193,"credit_band_credit_2, geo_dist_geo_NEAR"
0.05394893383362313,"credit_band_credit_2, merch_risk_mrisk_HIGH"
0.13997437540038438,"credit_band_credit_2, device_dev_mobile"
0.06699002470943534,"credit_band_credit_2, velocity_1h_vel1h_ZERO"
0.06213965406790519,"credit_band_credit_2, fraud_FRAUD"
0.054269241328818524,"credit_band_credit_2, failed_txns_fail_LOW"
0.05010524389127848,"amt_amt_HIGH, credit_band_credit_2"
0.0399926786858241,"credit_band_credit_2, ip_risk_ip_HIGH"
0.08332570696440011,"credit_band_credit_2, ip_risk_ip_MOD"
0.07435709709892926,"credit_band_credit_2, merch_risk_mrisk_MOD"
0.06831701290381624,"credit_band_credit_2, kyc_kyc_1"
0.057701107348769105,"credit_band_credit_2, geo_dist_geo_FAR"
0.0507916170952686,"channel_ch_upi, credit_band_credit_2"
0.042509380433787866,"amt_amt_LOW, credit_band_credit_2"
0.07495195387572069,"credit_band_credit_2, geo_dist_geo_MOD"
0.061178731582319026,"credit_band_credit_2, velocity_24h_vel24h_LOW"
0.048412189988102865,"credit_band_credit_2, device_dev_desktop"
0.06278026905829596,"credit_band_credit_2, kyc_kyc_2"
0.05486409810560996,"credit_band_credit_2, velocity_1h_vel1h_MOD"
0.05573350416399744,"credit_band_credit_2, merch_risk_mrisk_LOW"
0.1262011531069827,"credit_band_credit_2, fraud_legit, intl_domestic"
0.09508556785943077,"credit_band_credit_2, device_dev_mobile, fraud_legit"
0.11567676397913425,"acct_age_acct_OLD, credit_band_credit_2, intl_domestic"
0.08771849546993685,"acct_age_acct_OLD, credit_band_credit_2, fraud_legit"
0.09064702114029469,"acct_age_acct_OLD, credit_band_credit_2, device_dev_mobile"
0.11407522650315732,"credit_band_credit_2, failed_txns_fail_NONE, intl_domestic"
0.09590921570421891,"credit_band_credit_2, failed_txns_fail_NONE, fraud_legit"
0.08245630090601264,"acct_age_acct_OLD, credit_band_credit_2, failed_txns_fail_NONE"
0.08968609865470852,"credit_band_credit_2, device_dev_mobile, failed_txns_fail_NONE"
0.10972819621121992,"amt_deviation_dev_MOD, credit_band_credit_2, intl_domestic"
0.08675757298435069,"amt_deviation_dev_MOD, credit_band_credit_2, fraud_legit"
0.08103779628443306,"acct_age_acct_OLD, amt_deviation_dev_MOD, credit_band_credit_2"
0.07989384094444953,"amt_deviation_dev_MOD, credit_band_credit_2, failed_txns_fail_NONE"
0.08767273725633751,"amt_deviation_dev_MOD, credit_band_credit_2, device_dev_mobile"
0.08918275830511577,"channel_ch_card, credit_band_credit_2, intl_domestic"
0.06936945181660108,"channel_ch_card, credit_band_credit_2, fraud_legit"
0.06433604832067356,"channel_ch_card, credit_band_credit_2, failed_txns_fail_NONE"
0.06323785119428937,"acct_age_acct_OLD, channel_ch_card, credit_band_credit_2"
0.06213965406790519,"amt_deviation_dev_MOD, channel_ch_card, credit_band_credit_2"
0.07115402214697539,"channel_ch_card, credit_band_credit_2, device_dev_mobile"
0.09805985174338794,"amt_amt_MED, amt_deviation_dev_MOD, credit_band_credit_2"
0.08748970440194015,"amt_amt_MED, credit_band_credit_2, intl_domestic"
0.06946096824379976,"amt_amt_MED, credit_band_credit_2, fraud_legit"
0.06451908117507092,"acct_age_acct_OLD, amt_amt_MED, credit_band_credit_2"
0.06429029010707422,"amt_amt_MED, credit_band_credit_2, failed_txns_fail_NONE"
0.04951038711448705,"amt_amt_MED, channel_ch_card, credit_band_credit_2"
0.06904914432140569,"amt_amt_MED, credit_band_credit_2, device_dev_mobile"
0.06323785119428937,"credit_band_credit_2, intl_domestic, velocity_1h_vel1h_LOW"
0.048503706415301544,"credit_band_credit_2, fraud_legit, velocity_1h_vel1h_LOW"
0.04662761965772856,"acct_age_acct_OLD, credit_band_credit_2, velocity_1h_vel1h_LOW"
0.04479729111375492,"credit_band_credit_2, failed_txns_fail_NONE, velocity_1h_vel1h_LOW"
0.043699093987370735,"amt_deviation_dev_MOD, credit_band_credit_2, velocity_1h_vel1h_LOW"
0.034501693053903174,"amt_amt_MED, credit_band_credit_2, velocity_1h_vel1h_LOW"
0.033540770568317016,"channel_ch_card, credit_band_credit_2, velocity_1h_vel1h_LOW"
0.0490070467648943,"credit_band_credit_2, device_dev_mobile, velocity_1h_vel1h_LOW"
0.03157316738354535,"credit_band_credit_2, ip_risk_ip_MOD, velocity_1h_vel1h_LOW"
0.06062963301912693,"credit_band_credit_2, intl_domestic, kyc_kyc_3"
0.04639882858973186,"credit_band_credit_2, fraud_legit, kyc_kyc_3"
0.04543790610414569,"acct_age_acct_OLD, credit_band_credit_2, kyc_kyc_3"
0.044110917909764805,"credit_band_credit_2, failed_txns_fail_NONE, kyc_kyc_3"
0.04241786400658918,"amt_deviation_dev_MOD, credit_band_credit_2, kyc_kyc_3"
0.033311979500320305,"channel_ch_card, credit_band_credit_2, kyc_kyc_3"
0.03294591379152558,"amt_amt_MED, credit_band_credit_2, kyc_kyc_3"
0.04703944358012263,"credit_band_credit_2, device_dev_mobile, kyc_kyc_3"
0.05994325981513682,"credit_band_credit_2, intl_domestic, ip_risk_ip_LOW"
0.04699368536652329,"credit_band_credit_2, fraud_legit, ip_risk_ip_LOW"
0.043333028278576005,"credit_band_credit_2, failed_txns_fail_NONE, ip_risk_ip_LOW"
0.04200604008419511,"acct_age_acct_OLD, credit_band_credit_2, ip_risk_ip_LOW"
0.04081632653061224,"amt_deviation_dev_MOD, credit_band_credit_2, ip_risk_ip_LOW"
0.032076507733138096,"channel_ch_card, credit_band_credit_2, ip_risk_ip_LOW"
0.032030749519538756,"amt_amt_MED, credit_band_credit_2, ip_risk_ip_LOW"
0.04552942253134438,"credit_band_credit_2, device_dev_mobile, ip_risk_ip_LOW"
0.05971446874714011,"credit_band_credit_2, intl_domestic, velocity_24h_vel24h_MOD"
0.05454379061041457,"credit_band_credit_2, fraud_legit, velocity_24h_vel24h_MOD"
0.04470577468655624,"credit_band_credit_2, failed_txns_fail_NONE, velocity_24h_vel24h_MOD"
0.04241786400658918,"acct_age_acct_OLD, credit_band_credit_2, velocity_24h_vel24h_MOD"
0.041777249016198406,"amt_deviation_dev_MOD, credit_band_credit_2, velocity_24h_vel24h_MOD"
0.033220463073121625,"amt_amt_MED, credit_band_credit_2, velocity_24h_vel24h_MOD"
0.03299167200512492,"channel_ch_card, credit_band_credit_2, velocity_24h_vel24h_MOD"
0.04571245538574174,"credit_band_credit_2, device_dev_mobile, velocity_24h_vel24h_MOD"
0.04937311247368903,"credit_band_credit_2, geo_dist_geo_NEAR, intl_domestic"
0.038299624782648485,"credit_band_credit_2, fraud_legit, geo_dist_geo_NEAR"
0.03628626338427748,"acct_age_acct_OLD, credit_band_credit_2, geo_dist_geo_NEAR"
0.03454745126750252,"credit_band_credit_2, failed_txns_fail_NONE, geo_dist_geo_NEAR"
0.032396815228333486,"amt_deviation_dev_MOD, credit_band_credit_2, geo_dist_geo_NEAR"
0.03779628443305574,"credit_band_credit_2, device_dev_mobile, geo_dist_geo_NEAR"
0.04868673926969891,"credit_band_credit_2, intl_domestic, merch_risk_mrisk_HIGH"
0.0361947469570788,"credit_band_credit_2, fraud_legit, merch_risk_mrisk_HIGH"
0.034867758762697904,"acct_age_acct_OLD, credit_band_credit_2, merch_risk_mrisk_HIGH"
0.033586528781916355,"credit_band_credit_2, failed_txns_fail_NONE, merch_risk_mrisk_HIGH"
0.033540770568317016,"amt_deviation_dev_MOD, credit_band_credit_2, merch_risk_mrisk_HIGH"
0.03935206369543333,"credit_band_credit_2, device_dev_mobile, merch_risk_mrisk_HIGH"
0.12446234099020774,"credit_band_credit_2, device_dev_mobile, intl_domestic"
0.05962295231994143,"credit_band_credit_2, intl_domestic, velocity_1h_vel1h_ZERO"
0.04676489429852659,"credit_band_credit_2, device_dev_mobile, velocity_1h_vel1h_ZERO"
0.0474512675025167,"credit_band_credit_2, fraud_legit, velocity_1h_vel1h_ZERO"
0.043378786492175345,"credit_band_credit_2, failed_txns_fail_NONE, velocity_1h_vel1h_ZERO"
0.04269241328818523,"acct_age_acct_OLD, credit_band_credit_2, velocity_1h_vel1h_ZERO"
0.034822000549098564,"channel_ch_card, credit_band_credit_2, velocity_1h_vel1h_ZERO"
0.0415484579482017,"amt_deviation_dev_MOD, credit_band_credit_2, velocity_1h_vel1h_ZERO"
0.03294591379152558,"amt_amt_MED, credit_band_credit_2, velocity_1h_vel1h_ZERO"
0.05120344101766267,"credit_band_credit_2, fraud_FRAUD, intl_domestic"
0.044888807540953604,"credit_band_credit_2, device_dev_mobile, fraud_FRAUD"
0.04145694152100302,"acct_age_acct_OLD, credit_band_credit_2, fraud_FRAUD"
0.036743845520270886,"amt_deviation_dev_MOD, credit_band_credit_2, fraud_FRAUD"
0.031298618101949296,"credit_band_credit_2, failed_txns_fail_NONE, fraud_FRAUD"
0.030154662761965774,"channel_ch_card, credit_band_credit_2, fraud_FRAUD"
0.047634300356914065,"credit_band_credit_2, failed_txns_fail_LOW, intl_domestic"
0.037933559073853755,"credit_band_credit_2, device_dev_mobile, failed_txns_fail_LOW"
0.034822000549098564,"acct_age_acct_OLD, credit_band_credit_2, failed_txns_fail_LOW"
0.03349501235471767,"credit_band_credit_2, failed_txns_fail_LOW, fraud_legit"
0.033128946645922946,"amt_deviation_dev_MOD, credit_band_credit_2, failed_txns_fail_LOW"
0.04507184039535096,"amt_amt_HIGH, credit_band_credit_2, intl_domestic"
0.03468472590830054,"amt_amt_HIGH, credit_band_credit_2, device_dev_mobile"
0.03431866019950581,"amt_amt_HIGH, credit_band_credit_2, fraud_legit"
0.03216802416033678,"acct_age_acct_OLD, amt_amt_HIGH, credit_band_credit_2"
0.030566486684359843,"amt_amt_HIGH, credit_band_credit_2, failed_txns_fail_NONE"
0.03614898874347945,"credit_band_credit_2, intl_domestic, ip_risk_ip_HIGH"
0.07293859247734968,"credit_band_credit_2, intl_domestic, ip_risk_ip_MOD"
0.059302644824746044,"credit_band_credit_2, device_dev_mobile, ip_risk_ip_MOD"
0.05715200878557701,"credit_band_credit_2, fraud_legit, ip_risk_ip_MOD"
0.05541319666880205,"acct_age_acct_OLD, credit_band_credit_2, ip_risk_ip_MOD"
0.053491351697629724,"credit_band_credit_2, failed_txns_fail_NONE, ip_risk_ip_MOD"
0.04205179829779446,"channel_ch_card, credit_band_credit_2, ip_risk_ip_MOD"
0.051477990299258716,"amt_deviation_dev_MOD, credit_band_credit_2, ip_risk_ip_MOD"
0.04145694152100302,"amt_amt_MED, credit_band_credit_2, ip_risk_ip_MOD"
0.06589182758305116,"credit_band_credit_2, intl_domestic, merch_risk_mrisk_MOD"
0.051935572435252125,"credit_band_credit_2, device_dev_mobile, merch_risk_mrisk_MOD"
0.05138647387206004,"credit_band_credit_2, fraud_legit, merch_risk_mrisk_MOD"
0.0490070467648943,"acct_age_acct_OLD, credit_band_credit_2, merch_risk_mrisk_MOD"
0.04859522284250023,"credit_band_credit_2, failed_txns_fail_NONE, merch_risk_mrisk_MOD"
0.03843689942344651,"channel_ch_card, credit_band_credit_2, merch_risk_mrisk_MOD"
0.03161892559714469,"credit_band_credit_2, ip_risk_ip_MOD, merch_risk_mrisk_MOD"
0.04699368536652329,"amt_deviation_dev_MOD, credit_band_credit_2, merch_risk_mrisk_MOD"
0.03738446051066167,"amt_amt_MED, credit_band_credit_2, merch_risk_mrisk_MOD"
0.06072114944632562,"credit_band_credit_2, intl_domestic, kyc_kyc_1"
0.048869772124096274,"credit_band_credit_2, device_dev_mobile, kyc_kyc_1"
0.047268234648119335,"credit_band_credit_2, fraud_legit, kyc_kyc_1"
0.043287270064976666,"credit_band_credit_2, failed_txns_fail_NONE, kyc_kyc_1"
0.04200604008419511,"acct_age_acct_OLD, credit_band_credit_2, kyc_kyc_1"
0.03431866019950581,"channel_ch_card, credit_band_credit_2, kyc_kyc_1"
0.042555138647387206,"amt_deviation_dev_MOD, credit_band_credit_2, kyc_kyc_1"
0.0338610780635124,"amt_amt_MED, credit_band_credit_2, kyc_kyc_1"
0.041411183307403676,"credit_band_credit_2, device_dev_mobile, geo_dist_geo_FAR"
0.03775052621945639,"acct_age_acct_OLD, credit_band_credit_2, geo_dist_geo_FAR"
0.03743021872426101,"credit_band_credit_2, failed_txns_fail_NONE, geo_dist_geo_FAR"
0.03555413196668802,"amt_deviation_dev_MOD, credit_band_credit_2, geo_dist_geo_FAR"
0.05083737530886794,"credit_band_credit_2, geo_dist_geo_FAR, intl_domestic"
0.039077514413837285,"credit_band_credit_2, fraud_legit, geo_dist_geo_FAR"
0.044934565754552944,"channel_ch_upi, credit_band_credit_2, intl_domestic"
0.031664683810744026,"channel_ch_upi, credit_band_credit_2, failed_txns_fail_NONE"
0.034776242335499225,"channel_ch_upi, credit_band_credit_2, fraud_legit"
0.034776242335499225,"channel_ch_upi, credit_band_credit_2, device_dev_mobile"
0.033174704859522286,"acct_age_acct_OLD, channel_ch_upi, credit_band_credit_2"
0.03221378237393612,"amt_deviation_dev_MOD, channel_ch_upi, credit_band_credit_2"
0.037521735151459686,"amt_amt_LOW, credit_band_credit_2, intl_domestic"
0.03088679417955523,"amt_amt_LOW, credit_band_credit_2, device_dev_mobile"
0.06699002470943534,"credit_band_credit_2, geo_dist_geo_MOD, intl_domestic"
0.05202708886245081,"credit_band_credit_2, fraud_legit, geo_dist_geo_MOD"
0.04772581678411275,"acct_age_acct_OLD, credit_band_credit_2, geo_dist_geo_MOD"
0.048824013910496934,"amt_deviation_dev_MOD, credit_band_credit_2, geo_dist_geo_MOD"
0.04777157499771209,"credit_band_credit_2, failed_txns_fail_NONE, geo_dist_geo_MOD"
0.03724718586986364,"channel_ch_card, credit_band_credit_2, geo_dist_geo_MOD"
0.03857417406424453,"amt_amt_MED, credit_band_credit_2, geo_dist_geo_MOD"
0.03143589274274732,"credit_band_credit_2, geo_dist_geo_MOD, ip_risk_ip_MOD"
0.05285073670723895,"credit_band_credit_2, device_dev_mobile, geo_dist_geo_MOD"
0.05600805344559348,"credit_band_credit_2, intl_domestic, velocity_24h_vel24h_LOW"
0.05404045026082182,"credit_band_credit_2, fraud_legit, velocity_24h_vel24h_LOW"
0.04035874439461883,"acct_age_acct_OLD, credit_band_credit_2, velocity_24h_vel24h_LOW"
0.04305847899697996,"credit_band_credit_2, device_dev_mobile, velocity_24h_vel24h_LOW"
0.042921204356181936,"credit_band_credit_2, failed_txns_fail_NONE, velocity_24h_vel24h_LOW"
0.038345382996247825,"amt_deviation_dev_MOD, credit_band_credit_2, velocity_24h_vel24h_LOW"
0.03010890454836643,"amt_amt_MED, credit_band_credit_2, velocity_24h_vel24h_LOW"
0.030658003111558526,"channel_ch_card, credit_band_credit_2, velocity_24h_vel24h_LOW"
0.04324151185137732,"credit_band_credit_2, device_dev_desktop, intl_domestic"
0.034364418413105155,"credit_band_credit_2, device_dev_desktop, fraud_legit"
0.03189347487874073,"acct_age_acct_OLD, credit_band_credit_2, device_dev_desktop"
0.030795277752356548,"credit_band_credit_2, device_dev_desktop, failed_txns_fail_NONE"
0.05605381165919283,"credit_band_credit_2, intl_domestic, kyc_kyc_2"
0.044065159696165465,"credit_band_credit_2, device_dev_mobile, kyc_kyc_2"
0.04314999542417864,"credit_band_credit_2, fraud_legit, kyc_kyc_2"
0.04173149080259907,"acct_age_acct_OLD, credit_band_credit_2, kyc_kyc_2"
0.039809645831426745,"credit_band_credit_2, failed_txns_fail_NONE, kyc_kyc_2"
0.03852841585064519,"amt_deviation_dev_MOD, credit_band_credit_2, kyc_kyc_2"
0.03125285988834996,"amt_amt_MED, credit_band_credit_2, kyc_kyc_2"
0.03189347487874073,"channel_ch_card, credit_band_credit_2, kyc_kyc_2"
0.048732497483298255,"credit_band_credit_2, intl_domestic, velocity_1h_vel1h_MOD"
0.039443580122632015,"credit_band_credit_2, device_dev_mobile, velocity_1h_vel1h_MOD"
0.03761325157865837,"credit_band_credit_2, fraud_legit, velocity_1h_vel1h_MOD"
0.03569140660748604,"acct_age_acct_OLD, credit_band_credit_2, velocity_1h_vel1h_MOD"
0.03505079161709527,"credit_band_credit_2, failed_txns_fail_NONE, velocity_1h_vel1h_MOD"
0.03427290198590647,"amt_deviation_dev_MOD, credit_band_credit_2, velocity_1h_vel1h_MOD"
0.04973917818248376,"credit_band_credit_2, intl_domestic, merch_risk_mrisk_LOW"
0.039809645831426745,"credit_band_credit_2, fraud_legit, merch_risk_mrisk_LOW"
0.03550837375308868,"credit_band_credit_2, failed_txns_fail_NONE, merch_risk_mrisk_LOW"
0.034044110917909765,"amt_deviation_dev_MOD, credit_band_credit_2, merch_risk_mrisk_LOW"
0.03614898874347945,"acct_age_acct_OLD, credit_band_credit_2, merch_risk_mrisk_LOW"
0.038345382996247825,"credit_band_credit_2, device_dev_mobile, merch_risk_mrisk_LOW"
0.04548366431774504,"device_dev_tablet, intl_domestic"
0.03500503340349593,"device_dev_tablet, fraud_legit"
0.032900155577926235,"device_dev_tablet, failed_txns_fail_NONE"
0.03198499130593942,"acct_age_acct_OLD, device_dev_tablet"
0.031161343461151278,"amt_deviation_dev_MOD, device_dev_tablet"
0.032488331655532166,"device_dev_tablet, fraud_legit, intl_domestic"
0.06625789329184589,"acct_age_acct_NEW, intl_domestic"
0.05138647387206004,"acct_age_acct_NEW, device_dev_mobile"
0.05024251853207651,"acct_age_acct_NEW, fraud_legit"
0.048320673560904186,"acct_age_acct_NEW, amt_deviation_dev_MOD"
0.04772581678411275,"acct_age_acct_NEW, failed_txns_fail_NONE"
0.037521735151459686,"acct_age_acct_NEW, amt_amt_MED"
0.03651505445227418,"acct_age_acct_NEW, channel_ch_card"
0.03262560629633019,"acct_age_acct_NEW, ip_risk_ip_MOD"
0.04562093895854306,"acct_age_acct_NEW, device_dev_mobile, intl_domestic"
0.04603276288093713,"acct_age_acct_NEW, fraud_legit, intl_domestic"
0.03495927518989659,"acct_age_acct_NEW, device_dev_mobile, fraud_legit"
0.04314999542417864,"acct_age_acct_NEW, amt_deviation_dev_MOD, intl_domestic"
0.033540770568317016,"acct_age_acct_NEW, amt_deviation_dev_MOD, fraud_legit"
0.03344925414111833,"acct_age_acct_NEW, amt_deviation_dev_MOD, device_dev_mobile"
0.04237210579298984,"acct_age_acct_NEW, failed_txns_fail_NONE, intl_domestic"
0.03495927518989659,"acct_age_acct_NEW, failed_txns_fail_NONE, fraud_legit"
0.03074951953875721,"acct_age_acct_NEW, amt_deviation_dev_MOD, failed_txns_fail_NONE"
0.033311979500320305,"acct_age_acct_NEW, device_dev_mobile, failed_txns_fail_NONE"
0.037521735151459686,"acct_age_acct_NEW, amt_amt_MED, amt_deviation_dev_MOD"
0.033632286995515695,"acct_age_acct_NEW, amt_amt_MED, intl_domestic"
0.032396815228333486,"acct_age_acct_NEW, channel_ch_card, intl_domestic"
0.044888807540953604,"amt_deviation_dev_EXTREME, intl_domestic"
0.034867758762697904,"amt_deviation_dev_EXTREME, device_dev_mobile"
0.03509654983069461,"amt_deviation_dev_EXTREME, fraud_legit"
0.032762880937128216,"amt_deviation_dev_EXTREME, failed_txns_fail_NONE"
0.03148165095634666,"acct_age_acct_OLD, amt_deviation_dev_EXTREME"
0.031664683810744026,"amt_deviation_dev_EXTREME, device_dev_mobile, intl_domestic"
0.03267136450992953,"amt_deviation_dev_EXTREME, fraud_legit, intl_domestic"
0.03967237119062872,"amt_amt_VHIGH, amt_deviation_dev_EXTREME"
0.03592019767548275,"amt_amt_VHIGH, intl_domestic"
0.03587443946188341,"amt_amt_VHIGH, amt_deviation_dev_EXTREME, intl_domestic"
0.08213599341081725,"acct_age_acct_6MO, intl_domestic"
0.0639242243982795,"acct_age_acct_6MO, fraud_legit"
0.03678960373387023,"acct_age_acct_6MO, ip_risk_ip_MOD"
0.03175620023794271,"acct_age_acct_6MO, kyc_kyc_3"
0.031664683810744026,"acct_age_acct_6MO, velocity_24h_vel24h_MOD"
0.03093255239315457,"acct_age_acct_6MO, velocity_1h_vel1h_ZERO"
0.06479363045666697,"acct_age_acct_6MO, device_dev_mobile"
0.030337695616363135,"acct_age_acct_6MO, kyc_kyc_2"
0.05838748055275922,"acct_age_acct_6MO, failed_txns_fail_NONE"
0.03624050517067814,"acct_age_acct_6MO, geo_dist_geo_MOD"
0.033128946645922946,"acct_age_acct_6MO, ip_risk_ip_LOW"
0.03267136450992953,"acct_age_acct_6MO, velocity_1h_vel1h_LOW"
0.057380799853573715,"acct_age_acct_6MO, amt_deviation_dev_MOD"
0.04635307037613252,"acct_age_acct_6MO, channel_ch_card"
0.044156676123364144,"acct_age_acct_6MO, amt_amt_MED"
0.030291937402763796,"acct_age_acct_6MO, kyc_kyc_1"
0.0346389676947012,"acct_age_acct_6MO, merch_risk_mrisk_MOD"
0.058158689484762514,"acct_age_acct_6MO, fraud_legit, intl_domestic"
0.04397364326896678,"acct_age_acct_6MO, device_dev_mobile, fraud_legit"
0.03221378237393612,"acct_age_acct_6MO, intl_domestic, ip_risk_ip_MOD"
0.057426558067173054,"acct_age_acct_6MO, device_dev_mobile, intl_domestic"
0.052210121716848176,"acct_age_acct_6MO, failed_txns_fail_NONE, intl_domestic"
0.04035874439461883,"acct_age_acct_6MO, device_dev_mobile, failed_txns_fail_NONE"
0.044110917909764805,"acct_age_acct_6MO, failed_txns_fail_NONE, fraud_legit"
0.032488331655532166,"acct_age_acct_6MO, geo_dist_geo_MOD, intl_domestic"
0.05092889173606662,"acct_age_acct_6MO, amt_deviation_dev_MOD, intl_domestic"
0.040221469753820814,"acct_age_acct_6MO, amt_deviation_dev_MOD, fraud_legit"
0.03628626338427748,"acct_age_acct_6MO, amt_deviation_dev_MOD, failed_txns_fail_NONE"
0.039809645831426745,"acct_age_acct_6MO, amt_deviation_dev_MOD, device_dev_mobile"
0.04150269973460236,"acct_age_acct_6MO, channel_ch_card, intl_domestic"
0.031664683810744026,"acct_age_acct_6MO, channel_ch_card, fraud_legit"
0.03010890454836643,"acct_age_acct_6MO, channel_ch_card, failed_txns_fail_NONE"
0.032396815228333486,"acct_age_acct_6MO, channel_ch_card, device_dev_mobile"
0.044110917909764805,"acct_age_acct_6MO, amt_amt_MED, amt_deviation_dev_MOD"
0.039535096549830694,"acct_age_acct_6MO, amt_amt_MED, intl_domestic"
0.03139013452914798,"acct_age_acct_6MO, amt_amt_MED, fraud_legit"
0.030703761325157865,"acct_age_acct_6MO, amt_amt_MED, device_dev_mobile"
0.030795277752356548,"acct_age_acct_6MO, intl_domestic, merch_risk_mrisk_MOD"
0.0397638876178274,"intl_domestic, ip_risk_ip_VHIGH"
0.031664683810744026,"device_dev_mobile, ip_risk_ip_VHIGH"
0.03010890454836643,"acct_age_acct_OLD, ip_risk_ip_VHIGH"
0.05678594307678228,"geo_dist_geo_VFAR, intl_domestic"
0.04429395076416217,"device_dev_mobile, geo_dist_geo_VFAR"
0.043836368628168754,"fraud_legit, geo_dist_geo_VFAR"
0.04163997437540039,"failed_txns_fail_NONE, geo_dist_geo_VFAR"
0.04113663402580763,"acct_age_acct_OLD, geo_dist_geo_VFAR"
0.03216802416033678,"channel_ch_card, geo_dist_geo_VFAR"
0.039077514413837285,"amt_deviation_dev_MOD, geo_dist_geo_VFAR"
0.030841035965955887,"amt_amt_MED, geo_dist_geo_VFAR"
0.03967237119062872,"device_dev_mobile, geo_dist_geo_VFAR, intl_domestic"
0.04072481010341356,"fraud_legit, geo_dist_geo_VFAR, intl_domestic"
0.03038345382996248,"device_dev_mobile, fraud_legit, geo_dist_geo_VFAR"
0.037842042646655076,"failed_txns_fail_NONE, geo_dist_geo_VFAR, intl_domestic"
0.031664683810744026,"failed_txns_fail_NONE, fraud_legit, geo_dist_geo_VFAR"
0.03633202159787682,"acct_age_acct_OLD, geo_dist_geo_VFAR, intl_domestic"
0.03500503340349593,"amt_deviation_dev_MOD, geo_dist_geo_VFAR, intl_domestic"
0.030795277752356548,"amt_amt_MED, amt_deviation_dev_MOD, geo_dist_geo_VFAR"
0.061270248009517705,"failed_txns_fail_MOD, intl_domestic"
0.048366431774503525,"device_dev_mobile, failed_txns_fail_MOD"
0.043333028278576005,"amt_deviation_dev_MOD, failed_txns_fail_MOD"
0.03418138555870779,"amt_amt_MED, failed_txns_fail_MOD"
0.03418138555870779,"channel_ch_card, failed_txns_fail_MOD"
0.0305207284707605,"failed_txns_fail_MOD, fraud_legit"
0.04443122540496019,"acct_age_acct_OLD, failed_txns_fail_MOD"
0.038665690491443215,"failed_txns_fail_MOD, fraud_FRAUD"
0.030246179189164456,"failed_txns_fail_MOD, ip_risk_ip_MOD"
0.04314999542417864,"device_dev_mobile, failed_txns_fail_MOD, intl_domestic"
0.03802507550105244,"amt_deviation_dev_MOD, failed_txns_fail_MOD, intl_domestic"
0.030200420975565113,"amt_deviation_dev_MOD, device_dev_mobile, failed_txns_fail_MOD"
0.034135627345108444,"amt_amt_MED, amt_deviation_dev_MOD, failed_txns_fail_MOD"
0.03038345382996248,"amt_amt_MED, failed_txns_fail_MOD, intl_domestic"
0.030154662761965774,"channel_ch_card, failed_txns_fail_MOD, intl_domestic"
0.039031756200237945,"acct_age_acct_OLD, failed_txns_fail_MOD, intl_domestic"
0.032488331655532166,"failed_txns_fail_MOD, fraud_FRAUD, intl_domestic"
